Date,Close,High,Low,Open,Volume
2020-01-02,67.87303161621094,67.87303161621094,66.77262930429765,66.86784303993142,27278000
2020-01-03,67.51795959472656,68.12445054033702,66.81378055903824,66.84750602902096,23408000
2020-01-06,69.31758880615234,69.34287723228258,66.99627473144326,67.02751070483214,46768000
2020-01-07,69.1836929321289,69.59975639798446,69.00765007438353,69.44900196622598,34330000
2020-01-08,69.6761245727539,70.01383328257931,69.06071230813146,69.16931180182212,35314000
2020-01-09,70.40758514404297,70.84843766453115,69.93250773983897,70.51370271406968,33200000
2020-01-10,70.8623275756836,71.15888019723822,70.39816911178163,70.887623572567,26258000
2020-01-13,71.41130065917969,71.4832009224904,70.68430742640342,71.17425376918445,30730000
2020-01-14,70.94316101074219,71.54022369151787,70.80331039967703,71.40980138157744,26076000
2020-01-15,71.37013244628906,71.44848723259247,70.99622386006052,71.06366724106702,21550000
2020-01-16,71.91362762451172,71.94040671901234,71.40978868488912,71.6800539909866,26080000
2020-01-17,73.36959838867188,73.42067465653932,72.23051437982828,72.52755882003636,52424000
2020-01-21,73.50497436523438,73.88334730517278,72.90790422686986,73.34380038673889,48930000
2020-01-22,73.5853042602539,74.4139579504841,73.52530667909919,73.87590926772613,28458000
2020-01-23,73.6259765625,74.06287159574599,73.4092694223647,73.76780967939291,26650000
2020-01-24,72.70757293701172,74.097581382054,72.559292859008,74.02914675123824,29786000
2020-01-27,70.99969482421875,71.2402073113937,70.3932038265922,70.99027408970458,34132000
2020-01-28,71.93050384521484,72.14373782775851,70.93175461327948,71.49609068205544,29724000
2020-01-29,72.23795318603516,72.60690544755049,71.67709035915647,72.32522928653594,21566000
2020-01-30,72.116455078125,72.16604067283447,71.16184346943253,71.31557167668379,27110000
2020-01-31,71.05175018310547,72.88112787586384,70.76809153712954,72.79136985685548,43822000
2020-02-03,73.5223388671875,73.70582753071683,72.23349161238843,72.48342482845398,71636000
2020-02-04,71.67808532714844,72.76559372087249,70.51866911081403,72.12836616478646,95880000
2020-02-05,71.7098159790039,72.62871964997271,70.89802869966074,72.58061715621994,36376000
2020-02-06,73.19356536865234,73.47077712052415,71.92951458765228,72.00389677738615,37822000
2020-02-07,73.34927368164062,73.65375637066822,72.6698911484849,72.76807866240974,28360000
2020-02-10,74.81465911865234,74.82557052333453,73.15537648833067,73.25604592514885,38302000
2020-02-11,74.88410186767578,75.86698356490896,74.65549199773045,75.04328582881837,34852000
2020-02-12,75.30907440185547,75.39188605793423,74.81515553865327,75.17170572454793,31042000
2020-02-13,75.0492172241211,75.67206769006663,74.58356058636251,74.88110442539049,22914000
2020-02-14,75.31403350830078,75.379494369369,74.66043128930994,75.10575582931537,23198000
2020-02-18,75.3492431640625,75.90068528400265,74.93119712969819,75.09633617170891,25642000
2020-02-19,75.6185073852539,75.90960425641619,75.42560557770153,75.73405324495363,22746000
2020-02-20,75.22774505615234,75.72761146175247,74.59645752229817,75.32791507548832,25962000
2020-02-21,73.56497192382812,74.92820867419994,73.31851194016726,74.6123152432985,42520000
2020-02-24,70.41105651855469,71.23028967425653,69.76291752799771,70.56924919541633,49560000
2020-02-25,68.74779510498047,71.25358143993788,68.45521513612178,70.96348339912412,51580000
2020-02-26,68.9535903930664,70.10408510430565,68.26329659306435,69.17724388929183,49776000
2020-02-27,65.20854949951172,67.90873614395468,65.17334092529835,67.39994084412521,62290000
2020-02-28,66.4135971069336,66.57228162159925,62.890711592468215,63.19321175186874,80198000
2020-03-02,68.74779510498047,68.80481891518373,65.7168464160506,67.0156136346648,55430000
2020-03-03,66.33771514892578,69.83233041381229,65.91718724409012,69.31114065170213,56602000
2020-03-04,68.51373291015625,68.57224739337018,66.30200954107818,67.3910084911232,47598000
2020-03-05,65.19913482666016,67.12670796663788,64.5485139115482,66.72601271363625,54380000
2020-03-06,64.25592803955078,64.6035493381855,62.34521781036266,62.9769971984103,64640000
2020-03-09,60.291194915771484,62.12305473019572,59.410969211683664,59.75413363170908,69252000
2020-03-10,63.23585510253906,63.26957678968302,60.22771640855486,62.20537437076088,54872000
2020-03-11,60.0486946105957,62.331330808488026,59.06879454018304,61.901881557171805,54732000
2020-03-12,55.121917724609375,58.95027701384307,54.96918076424431,55.67088167650658,94326000
2020-03-13,60.215816497802734,60.22226345773861,55.158611522233514,58.2679152243598,79400000
2020-03-16,53.21022033691406,56.804014722190885,52.91664529324998,54.03391030090798,96520000
2020-03-17,55.44474792480469,55.83849297321683,52.02501404698684,54.08498798539528,83194000
2020-03-18,54.11227035522461,54.796612973933506,51.42497732940868,52.56257836984672,93044000
2020-03-19,55.12786865234375,57.15808978102262,52.34487034827302,53.96497931020589,74064000
2020-03-20,52.972679138183594,56.45737823212612,52.66968337475193,56.08148339433845,82878000
2020-03-23,52.274452209472656,52.90821410094761,50.030002120502026,52.385533632275504,83672000
2020-03-24,56.037353515625,56.20199314271335,53.87621437902263,54.7465237525493,72468000
2020-03-25,54.629493713378906,56.83873167265164,53.706621136908296,55.76808219769024,90324000
2020-03-26,57.66936111450195,58.093854072789966,54.153917901971255,55.279116700352446,76562000
2020-03-27,55.057945251464844,57.08072809299469,54.747511270415124,55.91139183073007,62794000
2020-03-30,56.845672607421875,57.07825124528936,54.47427322697181,56.16777698755777,58736000
2020-03-31,57.62126159667969,58.1890670209297,56.37010109392205,56.96568065824295,65228000
2020-04-01,54.653297424316406,56.0081012826521,54.226326252834575,55.73932279210917,51970000
2020-04-02,55.393672943115234,55.6783190924219,54.208468955289,54.549151445625526,56410000
2020-04-03,54.187137603759766,55.4809447712396,53.31336271403317,55.27861844766066,51374000
2020-04-06,58.67455291748047,59.04945270981069,55.7889027932641,56.18562539316482,63320000
2020-04-07,58.643310546875,60.5386486628773,58.37998779819019,60.35169060850497,61620000
2020-04-08,59.85529708862305,60.24705964616023,58.71224421750471,59.66189584651864,40334000
2020-04-09,59.83396911621094,60.59864892090374,59.132268239290795,60.40971213758575,54028000
2020-04-13,60.0244026184082,60.228219641111785,58.63191212805063,59.58255503814354,38702000
2020-04-14,62.74293518066406,63.2646206472992,60.92346976589179,61.49028773908295,63358000
2020-04-15,62.34968185424805,63.23288132977035,61.194230736716015,61.81460308752658,42236000
2020-04-16,62.35612106323242,63.14609305744218,61.402504500274134,62.837641603060725,57896000
2020-04-17,63.42578125,63.9712719596371,62.781108003702656,63.55967294520767,51050000
2020-04-20,62.54059982299805,63.3176779307609,62.307029946262375,62.97401789004605,35292000
2020-04-21,60.11118698120117,61.98767622078113,59.75611987683301,61.62616593937416,49648000
2020-04-22,62.404727935791016,63.469426000735105,61.35292000771885,61.546816874331455,46296000
2020-04-23,63.03749465942383,63.87953802477549,62.50985788688982,62.76822057097703,34202000
2020-04-24,63.30677032470703,63.361815406709226,61.69013080899274,62.23562155598527,37402000
2020-04-27,63.022125244140625,64.17460265209323,62.73450152115081,64.07046002760272,44186000
2020-04-28,61.12430953979492,63.71142467884531,61.0147150018543,63.63406872473429,80700000
2020-04-29,66.55889892578125,67.45003233788705,65.79273212855323,66.69874197813101,108358000
2020-04-30,66.78303527832031,66.94668363522894,65.53336173174351,66.02232428665536,55842000
2020-05-01,65.3260726928711,67.0175974915961,64.9462166247324,65.66179886879097,48872000
2020-05-04,65.60279083251953,65.68065376658639,64.26931430979212,64.87034957246755,30806000
2020-05-05,66.89807891845703,67.98856850629761,66.20431948237466,66.32680414700387,39666000
2020-05-06,66.72006225585938,67.87353091957088,66.70518581908316,67.34341219746076,31732000
2020-05-07,67.90278625488281,68.23603812169104,67.0726492790664,67.50755427769955,30652000
2020-05-08,68.64961242675781,69.25956898715928,68.03816519605402,68.52464582755636,33326000
2020-05-11,69.60420227050781,70.19630850049639,68.21122034234685,68.27519051574396,32718000
2020-05-12,68.19535064697266,70.13680070806038,68.1621245973952,69.83380879797602,33918000
2020-05-13,66.8638687133789,68.69870991776949,65.8561982347185,68.24396464855478,40368000
2020-05-14,67.28687286376953,67.3121612901518,65.62262654118136,66.1294392946917,36660000
2020-05-15,68.0902328491211,68.16560628520914,66.40118989060014,66.86039957997617,41544000
2020-05-18,68.69126892089844,69.06715998167876,67.15496289864852,67.52094138012248,47094000
2020-05-19,68.15668487548828,69.05376572383527,68.12494948842443,68.70614443587316,31586000
2020-05-20,69.88043975830078,70.02276472704372,68.80235214483642,68.88863698818672,38262000
2020-05-21,69.76092529296875,70.24244206277815,69.14798739865162,69.97118547184348,30894000
2020-05-22,70.082763671875,70.26921852029433,69.22534831600099,69.61958897415187,28544000
2020-05-26,70.4859390258789,71.66321308887383,70.38825092272327,71.50700292608954,44590000
2020-05-27,70.43187713623047,70.68330099818472,69.15840585469878,70.41799195891424,31684000
2020-05-28,70.33071899414062,71.63096943029363,69.38057178014799,69.426192345688,35170000
2020-05-29,71.08846282958984,71.24764676163868,70.218652828686,70.4393250257835,37044000
2020-06-01,71.1553955078125,71.48814791077972,70.53105438742989,70.70065785212817,25162000
2020-06-02,71.52435302734375,71.55857034348811,70.49783354301282,71.16184772780194,23442000
2020-06-03,71.37261199951172,71.85661074693132,70.99423898126727,71.5436985914345,27732000
2020-06-04,70.13533782958984,71.47526904447197,69.72423813412438,71.2501248242787,26982000
2020-06-05,71.41079711914062,71.72222618313101,69.80407376319808,70.20178767828749,42642000
2020-06-08,71.80850219726562,71.85610527816216,70.64015718062795,70.72942336173372,33878000
2020-06-09,72.00885009765625,72.78841022144854,71.52683385423786,71.66965824623362,33624000
2020-06-10,72.63467407226562,73.0348622998667,72.1219137520516,72.47648141459497,31762000
2020-06-11,69.52042388916016,71.98505464439063,69.34735477136469,71.46088343383067,47144000
2020-06-12,70.06690979003906,71.13755930153172,68.7220223032862,70.70860183286206,36676000
2020-06-15,70.45470428466797,70.66595575731058,68.79144890467562,68.90501227244624,30468000
2020-06-16,71.73065185546875,72.26126242222357,70.86381565770579,71.85611030985311,30648000
2020-06-17,72.03164672851562,72.51068908187077,71.16828389233198,72.05148701806034,30610000
2020-06-18,71.11820983886719,72.05298121424725,70.72743476994945,71.8982617395041,34862000
2020-06-19,70.64810943603516,71.63296600472255,70.36841573973392,71.4098118560436,52784000
2020-06-22,71.93842315673828,71.95280774652628,70.37782758468947,70.66644253665869,29442000
2020-06-23,72.5989761352539,73.15538214854752,71.65775768919568,72.00488718193142,37752000
2020-06-24,71.04779815673828,73.18463264160842,70.91390265538281,72.56426402456245,31592000
2020-06-25,71.46435546875,71.52485247707787,70.39518907866939,70.97440158641986,23958000
2020-06-26,67.56855010986328,71.26202286929771,67.19464153368672,71.04432444908078,97640000
2020-06-29,69.28585052490234,69.32701421353897,67.02850648187311,67.45944641414235,45074000
2020-06-30,70.3212890625,70.61635097847407,68.77804426486243,69.27147126590755,40286000
2020-07-01,71.50897979736328,71.83032898693156,70.12938326370785,70.3768421161721,42182000
2020-07-02,72.8940200805664,73.81590498317027,71.95874941401952,71.99693932392367,57218000
2020-07-06,74.36784362792969,74.88110333771328,73.24363612265843,73.79756010607282,44712000
2020-07-07,73.88533020019531,75.44246001179413,73.87441879746366,74.19328600350485,42364000
2020-07-08,74.56373596191406,74.93913520411024,74.0033649498385,74.42488417311117,31766000
2020-07-09,75.31055450439453,75.83026118715777,74.16651424532147,74.87763207288506,41836000
2020-07-10,76.31971740722656,76.43526327419461,74.42091366005153,75.04227347746796,35918000
2020-07-13,74.99170684814453,78.17191999043621,74.71053006647314,76.86174923666793,42954000
2020-07-14,75.4196548461914,75.51585983280482,73.68747324161508,74.0276638809234,38108000
2020-07-15,75.22229766845703,76.18682201246635,74.27760605217841,75.53719235159814,31026000
2020-07-16,75.12508392333984,75.17417766907114,73.80350268613957,74.45957915498776,26484000
2020-07-17,75.2208023071289,75.54710778770762,74.29098718634621,75.22377608107477,34264000
2020-07-20,77.55104064941406,77.8074208084694,74.51910048084655,75.12905704307107,30166000
2020-07-21,77.15829467773438,78.7020391330596,76.99464629411698,78.60186910012267,27486000
2020-07-22,77.60111999511719,77.70674570726749,76.52898004749464,77.1478654526856,24482000
2020-07-23,75.21585083007812,77.87388279477673,74.81119054190296,77.65469369706234,33910000
2020-07-24,74.79234313964844,75.15038400386956,73.76979622867519,74.34504365729109,29902000
2020-07-27,75.84464263916016,76.24781222334954,74.9966555026243,75.0427754818971,27124000
2020-07-28,74.56621551513672,75.67504727423581,74.41099662396583,75.62496226274747,30910000
2020-07-29,75.55106353759766,76.03803598682765,74.53446428373476,74.63315119222594,22676000
2020-07-30,76.28797912597656,76.41294572195511,74.14568165173718,74.28453342504669,36042000
2020-07-31,73.78764343261719,74.63414743431856,72.10405616294213,74.2389154953102,91468000
2020-08-03,73.5302734375,74.27263483646993,72.982796377369,73.93889871670713,45482000
2020-08-04,73.06114959716797,74.04353160138255,72.60144805958299,73.72615502792115,37212000
2020-08-05,73.34827423095703,73.88930432200833,72.95799858052132,73.23570970460068,29134000
2020-08-06,74.63066864013672,74.6961294926301,72.99171836772238,73.20247794748174,33306000
2020-08-07,74.30438232421875,75.38147873345969,73.70433828894927,74.83350979435441,27718000
2020-08-10,74.22752380371094,74.73978479263027,73.26893940537893,73.92898865059216,20546000
2020-08-11,73.42017364501953,74.9029212995285,73.30363653343107,74.08765336389034,31098000
2020-08-12,74.74424743652344,74.96393594922627,73.64136312889204,73.74649701775965,22512000
2020-08-13,75.21087646484375,76.21855444545622,74.79233862250962,74.79233862250962,22388000
2020-08-14,74.61481475830078,75.36660452613891,74.33562050081562,75.06013175554337,21942000
2020-08-17,75.19054412841797,75.56446023024378,74.63315451205264,75.1771583632833,19990000
2020-08-18,77.15135192871094,77.23019855885632,75.45983443901895,75.68050663430974,28378000
2020-08-19,76.59742736816406,77.79998980713675,76.36881754336467,76.98819489670538,30472000
2020-08-20,78.16645812988281,78.36085063108287,76.0940857567351,76.36732488551415,26382000
2020-08-21,78.13273620605469,78.94154971294752,77.47516898620518,77.9457743659373,34838000
2020-08-24,78.60780334472656,79.7796215208328,78.10644628557537,78.97080047471435,25638000
2020-08-25,79.63431549072266,79.78457050093297,78.24727340749759,78.35736355926018,25150000
2020-08-26,81.53263854980469,81.96209542076527,79.39283024801047,79.65664865706766,52188000
2020-08-27,80.75853729248047,81.72405283891463,80.27701291660559,81.65561820356022,31350000
2020-08-28,81.299560546875,81.3947742823975,80.61423049630892,80.80564922534911,22418000
2020-08-31,80.8086166381836,81.5509780158824,80.60033897276564,81.50485803874443,26422000
2020-09-01,82.07563781738281,82.280941701102,80.80861351008971,80.93903580626339,22652000
2020-09-02,85.16561126708984,85.59754248382305,82.32905460313435,82.71684835469105,49522000
2020-09-03,80.8076171875,84.30322355968734,79.72654838591193,84.27941823838044,63726000
2020-09-04,78.41242980957031,81.07938305548198,76.26814951914791,79.7905357444449,55850000
2020-09-08,75.5555419921875,77.13994312238728,75.20344864833461,75.62496788954304,54032000
2020-09-09,76.72735595703125,77.2971401284128,75.63339304854327,76.81016761668064,39242000
2020-09-10,75.6770248413086,78.0380120006391,75.37700663755594,76.87363960393168,33024000
2020-09-11,75.16675567626953,76.30434911532208,74.03907481748664,75.78117674902929,30706000
2020-09-14,74.82308197021484,77.21183946322891,74.63860963235427,75.95472771220844,42660000
2020-09-15,76.1268081665039,76.91380642864527,75.48115117831345,75.76827546976736,23042000
2020-09-16,74.98474884033203,77.08141822427109,74.95995225886935,76.49179380537119,22128000
2020-09-17,73.7425308227539,74.31876961174397,72.52360868177398,73.68153439611216,40008000
2020-09-18,71.9597396850586,74.14716568143275,70.99422431808284,73.80499256825979,63056000
2020-09-21,70.92085266113281,71.41278150456299,69.55910621020328,70.99424359270485,56908000
2020-09-22,72.39266967773438,72.59847297958909,70.88909790425686,71.92156489906783,33950000
2020-09-23,69.89185333251953,72.05844843831957,69.55910841785047,72.00935467822559,37726000
2020-09-24,70.55982971191406,71.3101288291566,69.53281825836872,69.55910551414044,34552000
2020-09-25,71.36318969726562,71.70436404875389,69.8070508636011,70.66843135233466,30326000
2020-09-28,72.33515930175781,73.04578541105064,71.72123760694181,72.9961998063506,30784000
2020-09-29,72.70014190673828,72.99668695835517,72.1040628957375,72.59550743432801,31816000
2020-09-30,72.67931365966797,73.70086941289681,72.19134985223658,72.44822189421207,40924000
2020-10-01,73.78516387939453,74.14073037908443,73.23471303836575,73.57490368942042,32884000
2020-10-02,72.18339538574219,73.34529333602387,71.7742783075214,72.38324355843328,31222000
2020-10-05,73.53374481201172,73.62647661219141,72.40606407362094,72.53301318921578,21602000
2020-10-06,71.95629119873047,73.61755643574848,71.65825547079119,73.17025692104377,26096000
2020-10-07,72.35894775390625,72.84641961122173,71.07406570647528,72.36737722907078,36108000
2020-10-08,73.5634994506836,73.79160984769521,72.67186671262658,72.67186671262658,26076000
2020-10-09,74.90342712402344,74.97285301834012,73.74053771907792,74.03113521720735,32966000
2020-10-12,77.58821868896484,78.76994926761301,75.83817961001336,76.26961887187068,55344000
2020-10-13,77.71121978759766,78.60830825072733,77.29268191848519,78.2041474056117,39072000
2020-10-14,77.53119659423828,78.54333141599089,76.66138672902949,78.08462872761372,33174000
2020-10-15,77.13595581054688,77.92592770858906,76.4248380887851,76.59195203976415,31210000
2020-10-16,77.74246215820312,78.23885538819876,77.24457825784714,77.45136526093125,34194000
2020-10-19,75.87042236328125,78.54730285581954,75.52180983862715,78.1505802742587,29734000
2020-10-20,76.91825866699219,78.04693049509054,75.40179317760253,75.53122420213741,41670000
2020-10-21,78.64945983886719,80.09501655041937,77.71468849305327,77.84907582540164,60322000
2020-10-22,79.67449188232422,80.00971867518831,78.22745200812956,78.6003693037984,30512000
2020-10-23,80.97969818115234,81.03623014633379,79.93482916601648,80.0905474515832,30548000
2020-10-26,78.56515502929688,80.81108811639827,77.7464214200615,80.08806764416121,35826000
2020-10-27,79.28868103027344,79.44340050716269,78.20315519687098,78.79526157270044,25902000
2020-10-28,74.9207763671875,77.05364551687353,74.80572991828615,76.86520815058896,45174000
2020-10-29,77.20589447021484,78.78583097305014,75.20592187839175,75.22922779001276,55406000
2020-10-30,80.14311218261719,83.37689063114517,79.42207419697557,82.68857929063469,99878000
2020-11-02,80.55024719238281,82.2323436347017,80.05037327054802,80.51156543630253,44228000
2020-11-03,81.60850524902344,82.27003752125272,79.94475820536469,80.86961702118651,31432000
2020-11-04,86.57693481445312,87.77602383653395,84.45199585367426,84.57993621429006,71342000
2020-11-05,87.40261840820312,88.85660464736164,86.33791656920567,87.79685909810694,39758000
2020-11-06,87.26525115966797,87.70015609543829,86.12219462200115,86.84918769044951,28622000
2020-11-09,87.34906005859375,90.09982356156625,87.15714949334874,89.06289964750782,53440000
2020-11-10,86.17377471923828,87.24789727172411,85.10262594054147,85.77953403684037,43022000
2020-11-11,86.64537811279297,87.42244865386503,86.43858355014122,86.70339318512825,31838000
2020-11-12,86.42668151855469,87.5256006507518,86.18616905114561,86.38601724295751,26474000
2020-11-13,87.88661193847656,88.12811565464587,86.08748643492731,86.68355780156224,29744000
2020-11-16,87.97438049316406,88.98155896466369,87.3445837074823,87.48393488198597,25468000
2020-11-17,87.3609619140625,88.12861930166262,87.25335367641775,87.66841834553581,21314000
2020-11-18,86.31856536865234,87.52658328875724,86.21591343184126,87.11201051019275,20108000
2020-11-19,87.20772552490234,87.4517111808944,85.79192921661566,85.95111313440208,20106000
2020-11-20,86.1073226928711,87.69321431232694,86.03888806138033,87.37782025271105,27694000
2020-11-23,85.66992950439453,86.58387681613029,84.80805728103516,86.29774380365357,22530000
2020-11-24,87.47205352783203,87.59999391838477,85.33124637413032,85.66697261307304,27984000
2020-11-25,87.48345184326172,87.79339022162621,86.70141738515697,87.66594925071765,19600000
2020-11-27,88.61856842041016,89.11397796643531,87.50378154731892,87.50378154731892,14790000
2020-11-30,87.00093841552734,88.28730367623308,86.67562420794934,88.05472883709749,32418000
2020-12-01,89.03215789794922,90.33935486908295,87.42890770924123,87.60892319923718,37350000
2020-12-02,90.50050354003906,90.88582287507148,88.52681833296728,89.03214040422921,29424000
2020-12-03,90.34529876708984,91.4357808641382,90.10527814356266,90.28082916707561,24728000
2020-12-04,90.44052124023438,90.72516363204076,89.93618277474572,90.26497019974981,20544000
2020-12-07,90.10677337646484,90.71474746268916,89.41300629000888,90.03337488446918,22288000
2020-12-08,89.8240966796875,90.05419714492693,88.82981962250061,89.68475306209454,19936000
2020-12-09,88.16432189941406,90.66912483380474,87.3778230247118,89.77600140990651,31728000
2020-12-10,87.65801239013672,88.02200081653986,85.9659955088699,87.40757975682408,28688000
2020-12-11,88.0125732421875,88.13704799737961,86.91861796512762,87.27864133152798,18628000
2020-12-14,86.89482879638672,88.75644180035773,86.73960988283241,87.81026701419006,33050000
2020-12-15,87.33219909667969,87.47699842212751,86.36965738505812,87.27169452904377,21352000
2020-12-16,87.13928985595703,87.7304049543823,86.73612785383081,87.7304049543823,24676000
2020-12-17,86.31212615966797,87.61139288477847,85.84796774736196,87.4735323654879,34880000
2020-12-18,85.6034927368164,86.70142073048683,85.04709430471526,86.59282122418996,85256000
2020-12-21,86.0170669555664,86.13806852719698,84.00569107154372,84.75599010453729,33974000
2020-12-22,85.30594635009766,85.9203673555766,84.58986465657318,85.75771025470374,20370000
2020-12-23,85.70316314697266,86.49065326644407,85.35454302432285,85.48992918586241,22974000
2020-12-24,85.99723052978516,86.40634763890155,85.51074990274458,85.74134221937419,9312000
2020-12-28,87.97091674804688,88.61757255277705,86.3770950854727,86.5303238857838,27650000
2020-12-29,87.16756439208984,88.69047715763739,87.03615082463631,88.62898889546618,19726000
2020-12-30,86.10086822509766,87.66345379664646,85.69175114215045,87.52658454559963,21026000
2020-12-31,86.91365814208984,87.15466244553635,86.09293444461045,86.15145649430762,21070000
2021-01-04,85.59903717041016,87.402127997675,84.65731932173296,87.27865205209945,37324000
2021-01-05,86.28932189941406,86.62553994719731,85.14130899599806,85.547452346587,20360000
2021-01-06,85.43785858154297,86.48371900443895,84.10983770465201,84.31613287098162,46588000
2021-01-07,87.98976135253906,88.1623310238462,85.6302573853082,85.6302573853082,41936000
2021-01-08,89.1546401977539,89.23051304839001,87.33913991776798,88.12961137899272,35484000
2021-01-11,87.09465789794922,88.48764764784643,86.88886216525205,88.1226604372479,34796000
2021-01-12,86.15938568115234,87.67039562957231,85.11551546654566,86.55263508531978,29528000
2021-01-13,86.64636993408203,87.09962451285838,85.65803281300867,85.65803281300867,23432000
2021-01-14,85.83656311035156,87.65305472805,85.59605062771794,86.72670521887984,29212000
2021-01-15,85.67291259765625,86.6647153768153,84.88393935871447,85.74233848952319,31444000
2021-01-19,88.49211883544922,89.45267807678509,85.93128331929772,86.43561418775866,41660000
2021-01-20,93.2329330444336,94.20737744445935,90.2297543947526,90.56993747642771,64152000
2021-01-21,93.43524932861328,95.81210413081008,93.20019257350067,93.90636166357693,58634000
2021-01-22,93.85232543945312,94.43897620300093,93.0559062993356,93.79777597596957,32744000
2021-01-25,93.93761444091797,95.30333347739115,92.19601186082777,94.8530526111603,50586000
2021-01-26,94.61550903320312,95.00231152937288,93.03755491647793,93.52650995574975,31462000
2021-01-27,90.20148468017578,93.2527658262995,89.12736210402838,92.97704477868687,82512000
2021-01-28,91.90045928955078,93.62569478452592,90.79955747785893,90.79955747785893,55278000
2021-01-29,90.61902618408203,91.61975778123126,89.33960734800256,90.94929666786128,44530000
2021-02-01,93.87760162353516,94.9918890070294,91.47346827211754,91.47346827211754,40252000
2021-02-02,95.16942596435547,96.6695245972113,94.53714717102395,94.87238152496506,66332000
2021-02-03,102.10014343261719,104.4675776467,99.85222011919001,102.43388711910048,97882000
2021-02-04,101.83979797363281,102.61686853209841,100.92088672711886,102.18642801251289,48596000
2021-02-05,103.58537292480469,103.93795810388866,101.65978991268837,102.13386851685974,29866000
2021-02-08,103.37164306640625,104.88315268671433,102.32182512427782,104.13930054000004,28828000
2021-02-09,102.91888427734375,104.06540659089865,102.6515926888036,102.88962324878285,21892000
2021-02-10,103.46882629394531,104.08374671519705,101.77086200517664,103.30319541840504,25102000
2021-02-11,103.58139038085938,103.84173555256167,102.5950434217079,103.69297120693396,20480000
2021-02-12,103.89282989501953,104.1144933325463,102.82861990262512,103.13608390402558,18990000
2021-02-16,104.66990661621094,106.37779106891139,103.73017139399565,103.73017139399565,31004000
2021-02-17,105.06266021728516,105.2520964251539,103.56157027886391,103.84075695054456,20294000
2021-02-18,104.42740631103516,105.22978044150346,103.8085208383096,104.38724144669854,22546000
2021-02-19,103.58438110351562,105.06068208751414,103.31758892872503,104.52560706749125,37938000
2021-02-22,101.87104034423828,103.16386022134958,101.5606101179122,101.83831369636844,29466000
2021-02-23,102.16163635253906,102.77556555705189,98.69578224116515,99.87404748325243,34658000
2021-02-24,103.33641815185547,103.56007165959284,100.54548993925555,100.66995712296065,22608000
2021-02-25,99.97125244140625,103.29627253919438,99.50213009803336,101.95386696395025,41548000
2021-02-26,100.26679229736328,101.98310623375514,99.23036023728218,100.66549742752122,40042000
2021-03-01,102.63472747802734,102.96053353696968,100.88716997270484,101.5606048992847,26060000
2021-03-02,102.37783813476562,103.87843606308178,101.9905438521957,102.39568834308835,25564000
2021-03-03,99.74610137939453,102.94862875695728,98.88273085300933,101.75648597138567,33892000
2021-03-04,100.86286926269531,102.87920137299997,99.44954734195224,99.91767835282445,49216000
2021-03-05,103.99398803710938,104.44674319929116,100.55788705118852,102.21271269276662,53100000
2021-03-08,99.55220031738281,104.8206529765834,99.43764570827803,103.34882412283017,36868000
2021-03-09,101.1817398071289,102.35008494397798,100.94569176049765,101.64739650665258,33920000
2021-03-10,100.97494506835938,102.2251105144304,100.13885303854282,102.2251105144304,27100000
2021-03-11,104.16606903076172,104.69817024362116,101.97964153853603,102.06741705146506,27702000
2021-03-12,101.6597900390625,103.02897463234642,100.78799753105496,102.96946888396107,33818000
2021-03-15,101.87995147705078,101.90722241771358,100.55837778127369,101.41082924945039,26168000
2021-03-16,103.34039306640625,104.81767759960309,102.12047238189682,102.45272538765994,31900000
2021-03-17,103.25757598876953,104.0896954073164,101.36819296395524,102.57571159931345,26382000
2021-03-18,100.23853302001953,102.58960018110442,100.13141662467372,101.56952763068206,31700000
2021-03-19,100.51722717285156,101.0170935919781,99.32557619974676,100.65459585242806,46072000
2021-03-22,100.70220184326172,101.57746751441745,99.87453925617409,100.55045613544077,33536000
2021-03-23,101.22982788085938,102.35949109317576,100.56879507536709,101.16139325256839,28510000
2021-03-24,100.79344177246094,102.53256214622269,100.61838259998439,101.74705457606407,25218000
2021-03-25,100.78998565673828,101.44358036790317,98.98638781266463,100.62088156989573,35616000
2021-03-26,100.40664672851562,101.1336323017579,99.37119832005897,100.75674996559889,27978000
2021-03-29,101.45100402832031,101.6206075032876,99.45053959162658,100.27919338600256,26492000
2021-03-30,101.48473358154297,102.28809141391507,100.97296449597272,101.80756587150155,27312000
2021-03-31,102.28065490722656,103.45792888550099,101.51101496662734,101.87798472633357,42570000
2021-04-01,105.61609649658203,105.91214972011062,103.71431869033437,103.7549829720786,39880000
2021-04-05,110.03853607177734,110.5359281464989,106.38126321505356,106.47746820855774,48510000
2021-04-06,109.55750274658203,110.48682596318324,109.18706739203486,109.63982255502079,35240000
2021-04-07,111.03380584716797,111.30506244729017,109.74793242768109,109.74793242768109,24134000
2021-04-08,111.59913635253906,112.658382510487,111.23117534122576,112.27207187647824,28664000
2021-04-09,112.60283660888672,112.76648496837154,110.94602844319752,111.35167993918043,26146000
2021-04-12,111.31102752685547,111.91949348539603,110.47790920494737,111.78213236335719,25024000
2021-04-13,111.79749298095703,112.24579128521644,111.23315696050524,111.6269058095295,25682000
2021-04-14,111.17662048339844,112.44216174007808,110.88453990540746,112.44216174007808,21002000
2021-04-15,113.32585144042969,113.85895143791116,111.63582486861483,112.17040796947886,29174000
2021-04-16,113.20189666748047,113.77168844347308,112.61524593773012,113.52373772680629,26282000
2021-04-19,113.54951477050781,114.26014079100582,112.57854354901255,112.57854354901255,30290000
2021-04-20,113.01641082763672,114.00771408699651,111.93088510376728,113.93283250100332,22288000
2021-04-21,112.98369598388672,113.06551638343237,111.32093263815867,112.67127568827584,23204000
2021-04-22,111.70277404785156,113.50587220316932,111.09777377545008,112.837393589657,24146000
2021-04-23,114.0538558959961,114.36082051609826,112.1357110382655,112.42085284760091,29066000
2021-04-26,114.54975128173828,115.27377066190553,113.92441882355446,114.28146844023216,32038000
2021-04-27,113.61002349853516,114.97226168999597,113.37099411833077,114.93159741163268,44386000
2021-04-28,116.98512268066406,120.57247005777245,116.69650771409113,118.6444052488308,81106000
2021-04-29,118.65730285644531,119.22263014493893,117.71955010871437,118.48225123764739,41234000
2021-04-30,116.71040344238281,118.1162797453235,116.36624773223961,117.43045025355664,44856000
2021-05-03,116.19365692138672,118.10138954221922,115.81776586416933,117.2762089404866,28242000
2021-05-04,114.3960189819336,115.29657305551342,111.9090738290094,114.72926326113381,44818000
2021-05-05,114.78975677490234,115.7929627021669,114.46791577667229,115.47707681798022,26636000
2021-05-06,115.90951538085938,115.90951538085938,113.71217637295206,114.37122673822532,25190000
2021-05-07,116.63253021240234,117.59061507127338,116.34639717350244,117.22563540770174,28898000
2021-05-10,113.64820098876953,115.59461543086714,113.29065197517465,115.45278230823058,30914000
2021-05-11,112.57258605957031,113.07939883944981,110.78039927471382,111.23415327092532,34186000
2021-05-12,109.1106948852539,111.47763718701425,108.78191506462665,110.39706768816423,46376000
2021-05-13,110.53840637207031,111.05414048585153,109.43154957142508,110.39359947423983,33204000
2021-05-14,112.98516845703125,113.2995712389846,111.5778017225358,112.00130340485505,31996000
2021-05-17,113.50786590576172,113.55051270106033,111.85105758223382,112.2507540019044,21598000
2021-05-18,112.19619750976562,114.43817329757108,112.18231233154226,114.17385549892235,22204000
2021-05-19,112.64399719238281,112.81706629241613,110.35988157512777,110.50815409240448,23684000
2021-05-20,114.4019775390625,114.65240260155116,113.24007940429303,113.61101419771367,32352000
2021-05-21,113.76622009277344,114.99407844296304,113.52669887961433,114.92067995406296,40632000
2021-05-24,117.08430480957031,117.30795076933327,114.65041840397706,114.79571714938808,31832000
2021-05-25,117.17505645751953,118.22289182744397,116.7847807808758,117.62781165530731,22440000
2021-05-26,118.03990936279297,118.47034990255696,117.35308107918044,117.3560548531477,21572000
2021-05-27,117.1656265258789,118.47331515824983,116.84725869661128,118.47331515824983,35224000
2021-05-28,116.87652587890625,117.82964696278735,116.67816833609218,117.74782655726173,21482000
2021-06-01,118.08303833007812,118.30768309931028,116.74906245910415,117.74880281061728,23354000
2021-06-02,117.55789184570312,118.70094093106418,116.65385700275765,118.478278661861,21158000
2021-06-03,116.41681671142578,116.88494774617168,115.52121891925472,116.3250761646754,18696000
2021-06-04,118.69746398925781,118.96822874582733,117.15223662042179,117.49242726754059,24458000
2021-06-07,119.13037872314453,119.23997703743203,118.07411399726047,118.49265182934205,24120000
2021-06-08,118.93897247314453,119.98433347180782,118.75747389251524,119.61191557625074,24240000
2021-06-09,119.41007232666016,119.65504166013505,118.86259530140607,119.58314141281689,17942000
2021-06-10,120.75843048095703,120.801576684723,119.20378241102719,119.35949314078805,25904000
2021-06-11,120.51396942138672,121.08524430564806,119.95657214998066,120.9999507112616,21958000
2021-06-14,121.4417953491211,121.44228719469659,119.90896239653654,120.61611526440987,22098000
2021-06-15,120.42418670654297,121.76906634678457,120.06366395354094,121.44623409294725,21562000
2021-06-16,119.78250122070312,120.88687610628577,118.49068020896921,120.5754470648677,26472000
2021-06-17,120.74553680419922,121.51815047385836,119.51223033742086,119.7081134975645,25842000
2021-06-18,119.12643432617188,120.6062009967233,119.03122058497077,120.37213545936544,46116000
2021-06-21,120.81397247314453,120.99993548875224,118.91566055698493,119.51273077628596,27414000
2021-06-22,121.32772064208984,121.39665468442757,120.07160770069062,120.75198140176597,22390000
2021-06-23,121.12590026855469,122.08645953120904,120.83580218507122,121.0926742086513,19148000
2021-06-24,121.49583435058594,122.04677701360374,121.29747683144915,121.69419186972272,21362000
2021-06-25,121.50428009033203,121.62776360250427,120.56851735877412,120.99994918241606,34594000
2021-06-28,121.53153991699219,121.77849933650862,120.41030616677962,121.6728660523082,28526000
2021-06-29,121.27021026611328,122.01257928283053,120.69347970676894,121.66495039428926,23108000
2021-06-30,121.08870697021484,121.25483726670456,120.35973131531956,120.99448449461066,24474000
2021-07-01,121.4407958984375,121.58212203987887,120.53527798763021,120.72718855138434,18110000
2021-07-02,124.2307357788086,124.37603452212761,122.05075521661516,122.14051324667714,25982000
2021-07-06,125.15559387207031,125.39164190205774,123.56126516970392,124.61852879829608,26404000
2021-07-07,125.437255859375,126.24061363873932,125.11888803471057,126.11961963968089,24060000
2021-07-08,124.01898956298828,124.56596723994673,123.00537150808182,123.00933654007592,23790000
2021-07-09,124.4896011352539,124.70382636334314,123.53052498165191,124.00014669515204,18632000
2021-07-12,125.93464660644531,126.02787781640319,124.58132987577834,125.14368334235166,17668000
2021-07-13,126.29765319824219,127.00777981268853,125.63612092477611,125.99713556323269,19240000
2021-07-14,127.1858139038086,128.2663910341705,126.865955385297,126.90910159126689,23742000
2021-07-15,125.96390533447266,127.64501069030976,125.49280054236102,127.59443383506836,24218000
2021-07-16,125.92919158935547,126.763792905859,125.11938685402984,126.61651165592089,20424000
2021-07-19,123.55681610107422,125.17047821898709,122.4926060326798,125.05592359959856,27968000
2021-07-20,125.17494201660156,126.0016057985081,123.3311794114217,124.49852570882304,26312000
2021-07-21,126.50345611572266,126.55006794062126,124.99045595333612,125.09955486427575,20746000
2021-07-22,127.36878967285156,127.42979365327596,126.45385860301083,126.79603176039008,14302000
2021-07-23,131.9246368408203,132.3054917449223,128.73649417322727,129.36131958948965,41506000
2021-07-26,132.936279296875,133.13661932706722,131.2169841004671,132.23557346986715,30572000
2021-07-27,130.81878662109375,133.29730999351878,129.03751867433039,133.15002872677817,54710000
2021-07-28,134.97840881347656,137.16335335815197,134.16860398036314,135.1946241311871,95130000
2021-07-29,134.66448974609375,135.54074659888502,134.43191491467985,135.03393383670254,31716000
2021-07-30,133.62213134765625,134.1953963144615,133.15449968254848,133.92810471351868,25576000
2021-08-02,133.74905395507812,134.22709749139312,132.69724618575344,134.00939911638073,21634000
2021-08-03,134.51821899414062,134.61937271017896,132.22665752851483,134.02726631580427,20762000
2021-08-04,134.01785278320312,134.53755950866824,133.38458270000555,134.24001564188015,19676000
2021-08-05,135.13461303710938,135.23231626590845,133.74063191754414,134.56829449236173,17870000
2021-08-06,134.62582397460938,135.35381597219683,134.1016679203012,134.92684860507694,20488000
2021-08-09,135.79067993164062,136.05946972764093,134.23007678129167,134.8281458060164,17760000
2021-08-10,135.68557739257812,136.64316290986423,135.2466997947702,136.21618040832792,19414000
2021-08-11,135.16189575195312,136.55387918721985,135.15444996704406,136.05699411421284,15352000
2021-08-12,136.0693817138672,136.1745155860973,134.31538491071916,134.86086429616063,16506000
2021-08-13,136.5985107421875,136.72646625528014,135.90971509193332,136.12493157350525,15948000
2021-08-16,137.17575073242188,137.22832524277518,134.1899301812805,136.39768127335614,22384000
2021-08-17,135.541259765625,137.13211535901215,134.96651172789996,136.62083810095478,21716000
2021-08-18,134.3386993408203,135.98063113741676,134.21224206544025,135.38107897385382,19258000
2021-08-19,134.5677947998047,135.234782779033,133.1495240793781,133.33350458588953,21782000
2021-08-20,136.30294799804688,136.42642391817594,134.14130974243275,134.8851617373076,31194000
2021-08-23,138.8935546875,139.71971902868404,136.47950099945666,136.83853312618544,28454000
2021-08-24,140.10354614257812,140.9153334065435,139.1881081082897,139.45886528917006,19268000
2021-08-25,140.91433715820312,141.02393547801682,140.21711205572637,140.4640639174662,15848000
2021-08-26,140.2810821533203,141.2500632657939,140.198255364594,140.58803917062994,20610000
2021-08-27,142.8235626220703,143.3278934785733,140.3371093469741,140.49133697664018,28780000
2021-08-30,143.4052734375,144.77396624741414,142.98127226041726,143.21632905744937,24434000
2021-08-31,143.51138305664062,143.98149662462504,143.09830844171228,143.9572070200469,22448000
2021-09-01,144.02511596679688,145.0551009489579,143.69583676431287,143.8113826192152,21936000
2021-09-02,142.11245727539062,144.32665531830855,142.0112884210009,144.02564581736442,32342000
2021-09-03,142.5612335205078,142.9733244158988,141.23320515681903,141.90763889729274,19850000
2021-09-07,143.09780883789062,143.37997686078998,142.44173224208836,142.65546562838,20124000
2021-09-08,142.51312255859375,143.216310341674,141.8277925519912,142.91878162510545,18344000
2021-09-09,142.36434936523438,143.12754225665788,142.0038341746833,142.66139378468432,15314000
2021-09-10,139.72122192382812,143.5322230716602,139.5843526495749,143.03035897692502,36840000
2021-09-13,141.16578674316406,141.77821775342676,140.09215589506022,140.7859154673757,22094000
2021-09-14,141.3760223388672,142.18782475783476,140.5880403778888,141.82332937621524,19674000
2021-09-15,143.2455596923828,143.26638367300353,140.18882331612184,141.6011462401537,27408000
2021-09-16,142.4327850341797,143.1171313122396,141.23419535655154,142.77049372933465,26190000
2021-09-17,139.6458282470703,142.27409944382737,139.31853152816512,141.8580435231661,53384000
2021-09-20,137.58236694335938,137.86056989011584,135.2045285382964,137.028942390243,46518000
2021-09-21,137.89329528808594,138.8637744931468,137.14447948403443,138.60391361660336,25332000
2021-09-22,139.13356018066406,139.73211352931875,137.41576307062647,138.1620970935906,25056000
2021-09-23,140.0584259033203,140.534986416547,139.25060362210317,139.83179860304818,20952000
2021-09-24,141.0492401123047,141.16380230179908,139.09142223509036,139.38648419130865,22984000
2021-09-27,139.9156036376953,140.77500156753678,138.91933644415815,139.65029458618613,21882000
2021-09-28,134.71658325195312,137.95630206318702,134.25043470064762,137.5184232831249,45772000
2021-09-29,133.25216674804688,136.02673545516842,132.7676762055498,135.85713198450668,30848000
2021-09-30,132.58023071289062,134.43143155227392,132.46121921545426,133.16094144275186,37996000
2021-10-01,135.42372131347656,135.7882166913334,132.97396732571667,133.3453939422307,35360000
2021-10-04,132.56387329101562,134.84600656635544,129.9757666568725,134.84600656635544,51202000
2021-10-05,134.90798950195312,136.09964809191845,132.94224164734214,132.94224164734214,32404000
2021-10-06,136.43736267089844,136.62084377835407,133.44707765743206,133.64543520241895,24364000
2021-10-07,138.08377075195312,138.8940750879119,137.51447077791175,137.753492623571,25110000
2021-10-08,138.6396484375,139.1806633910254,138.07629612988345,138.4328463076523,26526000
2021-10-11,137.77529907226562,139.55856466782143,137.72074204736637,138.15020647249565,17954000
2021-10-12,135.3304901123047,138.36342140161824,134.64712752694697,138.33663473843401,36332000
2021-10-13,136.45420837402344,136.86878120226152,135.39991852664056,136.27617541967604,19654000
2021-10-14,139.9939727783203,140.17893699801598,137.68703522654903,138.33071736992292,31894000
2021-10-15,140.2091827392578,140.55631979319722,139.60121618297967,140.45366783413928,30274000
2021-10-18,141.60760498046875,141.62546275603327,139.9131139513097,139.92006032333015,20396000
2021-10-19,142.06285095214844,142.4848695628123,141.43107913400408,142.21211472454237,20164000
2021-10-20,140.6068878173828,142.36932937667234,140.21760340386373,142.16302664662172,23288000
2021-10-21,140.72293090820312,140.99072189641535,139.3482906803263,140.6068856243596,26292000
2021-10-22,136.43882751464844,139.4305952313603,134.94071143427604,138.00934325689758,50588000
2021-10-25,136.3203125,136.86877322103567,134.31388545894404,136.42246503075222,34412000
2021-10-26,138.1665496826172,138.9346913152146,137.17078194335667,138.1219203768164,49236000
2021-10-27,145.01890563964844,147.43146079079884,138.26224995262072,138.26224995262072,85782000
2021-10-28,144.6534423828125,145.9517179093353,143.44145926717053,145.92841199689116,36206000
2021-10-29,146.83245849609375,147.0268510185373,143.46380028291566,143.88878516538037,43320000
2021-11-01,142.3207244873047,146.8324466906108,142.05145038269242,146.8324466906108,46924000
2021-11-02,144.2403564453125,145.4072108702752,143.15234864828975,143.3943518013393,33482000
2021-11-03,145.3963165283203,145.4667336808486,143.405764521186,144.70452437779974,27494000
2021-11-04,147.05210876464844,148.5060949140484,145.10866822451723,145.91847295050908,38412000
2021-11-05,147.6318359375,149.0952354055238,146.9822063116092,147.94672303683166,38354000
2021-11-08,147.8093719482422,149.3803872526516,147.2137847900475,148.5968545496057,23052000
2021-11-09,147.6977996826172,148.60629148213926,146.03800993877508,148.00972059814333,19530000
2021-11-10,144.69757080078125,146.85624308458767,143.35269859682205,146.29090824279103,29970000
2021-11-11,144.5716094970703,146.32612090055292,144.40696987833476,145.28869002419106,16518000
2021-11-12,147.45925903320312,147.62986135268545,144.219040793597,145.4136656401591,22360000
2021-11-15,147.23509216308594,148.32359927216987,146.36528227383033,147.67991725355816,23508000
2021-11-16,146.66384887695312,147.54307207632556,146.10496093518637,146.93510551026554,18904000
2021-11-17,146.8334503173828,147.34174630903868,146.0330736802701,146.81410943319142,19594000
2021-11-18,148.61026000976562,149.34618212111218,146.6722823464295,147.02635065516242,35608000
2021-11-19,147.70570373535156,149.72898972518277,147.67843279309778,148.74610077592874,33682000
2021-11-22,145.10272216796875,148.6013025990791,144.94949337082977,148.10838258410493,30594000
2021-11-23,144.5869903564453,145.45779912839131,142.93366287312807,144.95495136652673,27218000
2021-11-24,144.92222595214844,145.05066575153023,143.18955232530504,144.28102578011982,18040000
2021-11-26,141.01751708984375,143.37254967661283,140.67980830744006,143.1652632238867,30470000
2021-11-29,144.3375701904297,145.0982812984178,142.71398029271975,142.81961359423084,32596000
2021-11-30,140.7343292236328,144.80319311094968,140.44075042064517,143.81981989380787,42068000
2021-12-01,139.895263671875,144.75410739029755,139.75691130496085,142.8195956469263,34020000
2021-12-02,141.79408264160156,142.68521600548834,139.06512670151332,140.09214564508795,29194000
2021-12-03,140.8374481201172,143.21628513272543,139.15088736463258,142.50318489584922,41230000
2021-12-06,141.98150634765625,142.67328324398704,139.0011345584632,141.8679430077585,30618000
2021-12-07,146.0623016357422,146.32166315012472,144.0370329543183,144.40301145252772,32240000
2021-12-08,146.97177124023438,147.17659085728474,145.20587927665102,146.38661124962783,24270000
2021-12-09,146.4282684326172,147.87779015183264,145.90906116663706,146.38115719853195,23270000
2021-12-10,146.7882843017578,147.75628168931388,145.501419679147,147.481060069157,24458000
2021-12-13,144.6311492919922,146.75707245649807,144.32467651369262,146.57011059273268,27070000
2021-12-14,142.7273712158203,143.29567231486587,140.05743659724035,142.78787579064948,38446000
2021-12-15,145.2406005859375,145.51830418302902,140.51664296060125,142.23345653906728,36370000
2021-12-16,143.26097106933594,146.4664725789084,142.42982768319294,145.96412418925743,33650000
2021-12-17,140.56324768066406,142.65545262972856,140.1417284945182,141.33188874138816,50416000
2021-12-20,140.44619750976562,140.61233535579893,138.17894105107746,138.85237592178575,27192000
2021-12-21,142.2964324951172,142.68968194664052,139.35077693447047,140.88905801007334,28756000
2021-12-22,145.21481323242188,145.2991231367607,141.89476456543952,141.89476456543952,26322000
2021-12-23,145.7122039794922,147.0283222152052,145.2515035755231,145.29911422761188,26384000
2021-12-27,146.69406127929688,147.12797496363228,145.96310316847794,146.0488961608223,15976000
2021-12-28,145.48455810546875,147.08334356217858,144.8572507717245,147.0208564815043,18200000
2021-12-29,145.45285034179688,146.20861273327162,144.45361680844815,145.44243834865856,17788000
2021-12-30,145.0020751953125,146.09256498744182,144.7977701008214,145.49152966687038,15688000
2021-12-31,143.6646270751953,145.4959875927401,143.6646270751953,144.85280491667777,18136000
2022-01-03,143.80294799804688,144.6553994298771,142.5349249798288,143.8659193516871,28646000
2022-01-04,143.21585083007812,145.28425084886646,142.53845076978192,144.20417299307056,28400000
2022-01-05,136.64559936523438,143.3149785989558,136.55932210214556,143.23613198595936,54618000
2022-01-06,136.61834716796875,138.7928795446468,135.43909829641714,135.8754939287169,37348000
2022-01-07,135.8938446044922,137.31361360301065,134.6535916733449,137.01308839091683,29760000
2022-01-10,137.53277587890625,137.68155536055949,132.07291243739996,133.97072480010584,44408000
2022-01-11,138.5905303955078,139.06660657340043,135.57199131832226,136.87571483847339,28730000
2022-01-12,140.2711639404297,141.4390172004531,139.54120457664413,139.99296095115926,26108000
2022-01-13,137.45098876953125,141.67904485341882,137.27443890098434,140.37977039221903,31436000
2022-01-14,138.337158203125,139.5883225969847,135.8755088296192,135.95533915327124,29662000
2022-01-18,134.88320922851562,136.00741694604665,134.32830144930435,135.05876027547475,34872000
2022-01-19,134.0089111328125,136.82860852545411,133.90874111772067,135.40437523941512,28648000
2022-01-20,132.21475219726562,136.49786462490957,131.87456152295866,135.1331368955776,29908000
2022-01-21,129.28298950195312,133.7599798995472,129.02016235439484,131.5066158303364,55652000
2022-01-24,129.73179626464844,130.1275277070375,123.47946950732766,124.94535114611656,76622000
2022-01-25,125.89447784423828,128.3382842647663,125.46354548795776,127.68468965184117,46960000
2022-01-26,128.1736297607422,131.9097485375021,126.09976709115335,130.04417107706672,49130000
2022-01-27,127.94752502441406,131.5651172616213,127.87560963585803,130.22767566573776,31950000
2022-01-28,132.2578887939453,132.26335206297418,127.43177919070502,128.59615164447928,34362000
2022-01-31,134.1943817138672,134.36250208787934,131.12574979400958,133.06224407236246,39986000
2022-02-01,136.5157012939453,136.6634819687619,133.26705377749363,136.46660753981268,68644000
2022-02-02,146.78680419921875,150.30422616828662,144.32961959181026,150.0101630752151,123200000
2022-02-03,141.9170379638672,148.44806509169965,141.49601822201203,144.5111067615448,71518000
2022-02-04,142.11839294433594,143.68742564570832,139.36316498296367,142.26865554288074,57998000
2022-02-07,138.05995178222656,143.06756034988416,137.76140907718417,143.06756034988416,54974000
2022-02-08,138.25633239746094,138.85240387304552,135.89088796533107,137.8868882442639,54284000
2022-02-09,140.43133544921875,141.35620183871598,139.03785374463664,139.80799308806806,40144000
2022-02-10,137.48367309570312,140.3246936120616,136.82611353380625,138.55830248421256,39330000
2022-02-11,133.18174743652344,138.01578678020195,132.30647428852177,137.46386044180338,39958000
2022-02-14,134.41506958007812,135.1827270188193,132.16417235989616,132.16417235989616,34302000
2022-02-15,135.48867797851562,136.9763819585665,134.70812674785273,136.44278256655178,26680000
2022-02-16,136.6089324951172,136.95407185843112,133.81798904852437,135.5263729022058,25022000
2022-02-17,131.45254516601562,135.98954027468156,131.39254001045595,135.12617731893766,38950000
2022-02-18,129.33404541015625,132.97099324127743,129.1292409403073,132.37292423632954,45620000
2022-02-22,128.7493896484375,131.09697591573786,127.17241181915688,128.77367925061782,44990000
2022-02-23,126.5421371459961,130.96855064132313,126.48213198505229,130.56935363366216,32786000
2022-02-24,131.603271484375,131.90974417427157,123.92920350156645,123.92920350156645,54456000
2022-02-25,133.3572998046875,134.16264009522365,130.67149031409218,132.45723763350745,36406000
2022-02-28,133.9499053955078,134.6387009971114,131.5055996259116,131.95935360321266,38864000
2022-03-01,132.96255493164062,135.13857036774974,132.12647806196426,133.77285909543676,26496000
2022-03-02,133.46841430664062,134.15374445972984,131.9807098709714,133.52445444259934,23520000
2022-03-03,132.80191040039062,135.3210829638196,131.93506660358148,134.8950992840664,24604000
2022-03-04,130.82521057128906,132.75427399164153,129.26907196974855,131.8378523374268,30430000
2022-03-07,125.34254455566406,130.6551346655655,125.25972533418172,130.41016532100002,45112000
2022-03-08,126.06259155273438,130.17411000501144,124.64431332771989,125.21509629053482,40428000
2022-03-09,132.32632446289062,132.63924417090806,128.83567386884616,130.1741142565606,37026000
2022-03-10,131.3439483642578,132.17954098140794,129.8393852677274,130.18998790766506,27102000
2022-03-11,128.80592346191406,132.698752456179,128.56888416798853,132.39426221843516,31526000
2022-03-14,124.91854095458984,129.33999766688925,124.24808740004758,129.18230442418397,38812000
2022-03-15,128.13894653320312,128.79007444618782,124.68995111051669,125.93516041311607,30920000
2022-03-16,132.18797302246094,132.240032982956,127.67923236827228,129.66135482928354,35576000
2022-03-17,132.7418975830078,132.98141880336502,131.10144887364655,132.05755123913005,28264000
2022-03-18,135.0096435546875,135.1271719338952,131.17433810969047,132.33078043484574,44566000
2022-03-21,134.98582458496094,135.9265509358955,132.9932904748799,135.04731283585534,26832000
2022-03-22,138.72146606445312,139.89378371835335,134.9858461376951,134.9858461376951,35496000
2022-03-23,137.1420135498047,138.44425402347676,136.70513365586095,137.56551524552734,25154000
2022-03-24,140.4114990234375,140.458110844999,136.62132231474047,138.058933800913,26396000
2022-03-25,140.51168823242188,140.8707203771551,138.59205274099185,140.7526925700073,24126000
2022-03-28,140.2959747314453,140.83848798996723,138.66543848117558,139.74551627484473,35050000
2022-03-29,141.3373565673828,142.6148082235357,140.87418935059165,141.47820601311636,34318000
2022-03-30,140.77499389648438,141.55058130392723,140.43926771554987,141.29221863890226,19884000
2022-03-31,137.9275360107422,140.9431091731122,137.88488921822,140.88855215145054,37524000
2022-04-01,139.00164794921875,139.31951637020538,137.17375319145697,138.356482806623,25942000
2022-04-04,141.7995147705078,142.53395362091976,139.1603322944685,139.20794293991247,25942000
2022-04-05,139.4385528564453,141.8183741448747,139.23176584389168,141.69787954637118,21418000
2022-04-06,135.42869567871094,138.2181411119585,134.40614115921403,137.61264137354576,32468000
2022-04-07,134.77459716796875,136.04013849416,133.1272020827794,134.89509176328988,26234000
2022-04-08,132.19491577148438,134.5578779659387,131.87554910979466,134.47208496943966,25142000
2022-04-11,127.76750183105469,131.009702203024,127.61377361707454,130.7429100506066,36884000
2022-04-12,126.66759490966797,130.52125019058332,125.7496824779024,130.52125019058332,32710000
2022-04-13,128.82923889160156,129.26563457471275,126.69388743885823,126.9507670450841,27928000
2022-04-14,125.69116973876953,129.40993832117093,125.56322179244722,129.40993832117093,31598000
2022-04-18,126.6299057006836,127.16150750964877,125.14765723721159,125.95895269585907,20808000
2022-04-19,128.94329833984375,129.26463241184499,125.95846151250545,126.64479041088664,26490000
2022-04-20,126.99040985107422,130.32188380595926,126.45484305695865,129.81903608864377,31696000
2022-04-21,123.79136657714844,129.0320490590413,123.50572537982224,128.1905088826277,36446000
2022-04-22,118.6548080444336,124.37404058160757,117.95013720142737,123.9753354789634,56884000
2022-04-25,122.06513214111328,122.26696285548644,117.53954013860086,118.1247001432462,46128000
2022-04-26,117.67739868164062,121.50575793064277,117.53953815889362,121.29202455748772,73054000
2022-04-27,113.35760498046875,116.2809382238553,111.81237758233146,113.53116592670582,91820000
2022-04-28,117.55094909667969,118.66870978777183,113.17957694674581,115.46072646475163,48884000
2022-04-29,113.17411041259766,116.95337579484945,112.88153042406998,115.77759257193108,42676000
2022-05-02,115.6273422241211,115.78850866046761,111.67699010622513,112.47539163673035,35534000
2022-05-03,116.3721923828125,117.47111160861961,115.08334509514572,115.47609513987739,24968000
2022-05-04,121.25880432128906,121.84743753057185,114.17236904181686,116.07217173392031,49916000
2022-05-05,115.55046844482422,120.04680658084364,114.06276441808895,119.21865224731681,45840000
2022-05-06,114.79769897460938,116.60774359414943,113.08089313905965,114.24030932144473,39710000
2022-05-09,111.5887222290039,114.13368999515002,111.08240885566522,112.3216628968711,40802000
2022-05-10,113.457275390625,115.29707287210782,111.97502692676184,114.56065900721823,39900000
2022-05-11,112.67127227783203,115.41063248936665,112.30827513659509,112.30827513659509,37534000
2022-05-12,111.91899871826172,113.35810103264562,108.92424938909092,110.46452055455832,53836000
2022-05-13,115.09920501708984,116.90875017939355,112.67375572924637,113.594142514748,35038000
2022-05-16,113.50686645507812,115.21772470104247,112.95592377559407,114.0131798264507,25990000
2022-05-17,115.51824188232422,115.94174359590812,113.92838521355479,115.88272969753332,23054000
2022-05-18,110.98223114013672,114.45404021864253,110.64104923458649,114.05731760057398,35126000
2022-05-19,109.47915649414062,112.08362994881233,109.0983015778271,110.51807047133238,34144000
2022-05-20,108.01525115966797,111.26390609492667,104.92926089526213,111.03330620451212,48962000
2022-05-23,110.57411193847656,111.2282060203502,107.84962795327247,108.6891932186079,37184000
2022-05-24,105.1013412475586,105.58583938493665,101.04932840845038,104.90496623527923,76780000
2022-05-25,104.93769073486328,105.62699334651613,103.0051614939558,104.12490462445021,40258000
2022-05-26,106.90890502929688,107.75887468895839,104.3624465360755,104.8107448453719,37948000
2022-05-27,111.39581298828125,111.39730365863458,108.24386241128829,108.58554373009294,37914000
2022-05-31,112.8294677734375,114.78629421531303,111.15976563053904,111.82228915461961,50012000
2022-06-01,112.9583969116211,116.14159098002285,112.3216612422036,113.91350798260179,36606000
2022-06-02,116.65830993652344,116.933039706465,112.0206456249851,113.06550709942832,37992000
2022-06-03,113.60208129882812,115.36798842891481,112.5879638758018,115.11110884827522,26136000
2022-06-06,115.86289978027344,118.36868641474054,115.21177950019366,115.74784575456003,33542000
2022-06-07,116.18919372558594,116.72625878645412,114.10889140185589,114.53387621473067,31590000
2022-06-08,116.23332977294922,117.59854920159584,115.64419719383626,115.80437236671298,26108000
2022-06-09,113.8941650390625,117.32927476403499,113.83515114216875,115.37393150433296,25798000
2022-06-10,110.25028991699219,112.35043272359222,109.46130906646859,111.52326952209093,41452000
2022-06-13,105.52037811279297,107.89970745137141,105.24912150780392,105.91114561990199,47252000
2022-06-14,105.84073638916016,107.03982566560859,104.93274403233468,105.66171972879,33706000
2022-06-15,108.86473083496094,110.5101281231061,106.78690296928498,107.65522217666569,39698000
2022-06-16,105.1643295288086,107.75789189656318,104.27616988348034,106.34209542849807,51684000
2022-06-17,106.26522064208984,107.80846549966309,104.18491071395393,105.16431896946578,51376000
2022-06-21,110.629638671875,111.56739132946274,107.70977129217107,108.03656858558827,47416000
2022-06-22,110.57361602783203,112.41737098859431,109.47767062090766,109.6502478770662,30774000
2022-06-23,111.3219223022461,111.81832309519362,109.5947045131696,111.31151031036939,28362000
2022-06-24,117.00792694091797,117.1110783002862,112.02659857865726,112.06875352459626,41164000
2022-06-27,114.88397979736328,117.60746457783736,114.23533394157802,117.30348135340884,36420000
2022-06-28,111.08934783935547,116.34788803372125,110.9311551773519,114.85323751449626,35792000
2022-06-29,110.78585815429688,112.23289804690751,109.96365128893204,110.63758563635704,24716000
2022-06-30,108.06980895996094,109.97903242980904,105.87495184497295,109.09831103463256,43170000
2022-07-01,107.8461685180664,108.35446446651036,105.85561638793322,107.04825874387521,35476000
2022-07-05,112.33454895019531,112.44761288334064,104.86478520912014,106.22256636530622,39342000
2022-07-06,113.63282775878906,114.64198891272858,110.5622056578975,112.37324154606672,37432000
2022-07-07,117.8093032836914,118.21247285733529,113.8921848578157,114.13666235926765,40936000
2022-07-08,118.37512969970703,118.70390952621402,115.94322591003493,116.28887225514453,38238000
2022-07-11,114.728271484375,117.03074427714583,114.38510706026808,117.03074427714583,31196000
2022-07-12,113.08585357666016,116.01514205426072,112.75806498456316,115.26236105063236,29960000
2022-07-13,110.44071960449219,113.25991800982311,110.28996514675138,110.78536716192433,43722000
2022-07-14,109.4627914428711,110.18234634307093,107.48464162453597,109.30708070983803,37004000
2022-07-15,110.86122131347656,112.21305491483179,109.99091960031427,111.0824004559861,46770000
2022-07-18,108.1362533569336,112.74813768915693,107.48166747224792,111.71666191412223,43164600
2022-07-19,112.8770751953125,113.08535287704044,108.66191325988503,109.94133979066089,36530900
2022-07-20,112.96633911132812,114.45404329391755,111.55798096785527,112.24231974638516,35600400
2022-07-21,113.40271759033203,113.6110028170901,110.19919909252089,113.34321184946066,32676200
2022-07-22,107.0155258178711,111.41912519430015,105.62700035615626,110.09011304726145,48901200
2022-07-25,106.62872314453125,108.96937840173452,105.42864264206895,107.52134719462656,34690900
2022-07-26,104.15911865234375,106.32124889141323,103.2169090921242,105.72616877091382,47991000
2022-07-27,112.13321685791016,112.97625525163264,107.12461749425067,108.36437093577844,59858500
2022-07-28,113.2837142944336,113.40272578477607,110.54633651373639,111.44888067205848,32816600
2022-07-29,115.36650085449219,115.7533033393372,112.13322162287426,112.15306191622032,37223400
2022-08-01,113.91846466064453,115.76321838407448,113.4027229923445,114.35486029276694,26034300
2022-08-02,114.1862564086914,115.39625706472798,112.78781836154697,113.06552194158387,20236000
2022-08-03,117.11207580566406,117.64765022278551,114.53339005300344,114.76150045832908,28499000
2022-08-04,117.2211685180664,117.80632850385459,115.93182192650802,116.51698947915064,21602900
2022-08-05,116.50706481933594,117.14181794438285,115.0491136341377,115.27723158541431,19159500
2022-08-08,116.33847045898438,119.16510690112827,115.92190753578308,117.41953186952958,19138300
2022-08-09,115.67395782470703,116.35830417801051,114.76150106487229,116.17977937135981,19086500
2022-08-10,118.71878051757812,119.92878102588605,117.43936168959127,117.80632384689984,30930400
2022-08-11,117.86583709716797,120.49411594083621,117.58813353334271,120.28583826796728,24293700
2022-08-12,120.68255615234375,120.68255615234375,118.48075288719056,119.2741980957184,19096300
2022-08-15,121.07928466796875,121.29748248930953,119.62133337705963,120.13706749098401,19494800
2022-08-16,120.702392578125,121.42641192061868,119.65108407641937,120.5238677790755,19041200
2022-08-17,118.57001495361328,120.29574952040444,118.40140274502447,119.13534218584766,22847000
2022-08-18,119.18494415283203,119.82961750509602,117.74683307742816,118.45101217804252,17987700
2022-08-19,116.24919128417969,118.17329090592166,115.80288310465481,118.08402472990431,21809500
2022-08-22,113.30355834960938,114.68216374085563,112.9167558336111,114.25568820182478,21456600
2022-08-23,112.92667388916016,114.0672486879377,112.5001983580296,112.54979152761548,15870400
2022-08-24,112.75806427001953,113.83912570446977,111.94478626575493,112.56961931409134,17734600
2022-08-25,115.69378662109375,115.76321250751124,113.17460685174579,113.30353847884851,16956800
2022-08-26,109.43550872802734,114.17633209597903,109.28674437319086,113.77960949375512,37245700
2022-08-29,108.5230712890625,110.04052851238878,107.90815833505638,109.08839863827926,21191200
2022-08-30,108.04700469970703,109.59421472143957,106.91635005815553,109.26691796550223,27513300
2022-08-31,107.33289337158203,109.94133184491908,107.24362719051874,109.74297432432968,28627000
2022-09-01,108.84042358398438,109.54460257617076,106.4799359383376,107.39239258453512,28360900
2022-09-02,106.96591186523438,109.83222085343425,106.38075194708414,109.68344894593474,24160700
2022-09-06,105.93445587158203,107.14445651227068,104.91290018646603,106.42044469733727,25068300
2022-09-07,108.55280303955078,109.07846482937784,106.02371068181908,106.18239517986085,23167000
2022-09-08,107.49158477783203,108.70158540495544,106.28159171756349,107.15437545780347,24238300
2022-09-09,109.74297332763672,110.08018262294702,108.12633003878351,108.17592320190764,23197700
2022-09-12,109.95124816894531,110.70502034132073,109.02887135324441,110.08017979616115,22966800
2022-09-13,103.46487426757812,107.41225298799911,103.23675627988764,106.91635155696838,38172900
2022-09-14,104.13929748535156,104.41700106794902,102.8102853209623,103.71282196440401,26395100
2022-09-15,102.06642150878906,104.40706896560022,101.51100684033769,103.17723571198333,34188300
2022-09-16,101.95734405517578,102.28463327070175,100.1125900032039,101.23332458810593,42797200
2022-09-19,102.22510528564453,102.48297610964131,100.71756849189899,100.91592600767855,23036800
2022-09-20,100.3109359741211,101.5308567644108,99.69601550554796,101.24323304040989,26517100
2022-09-21,98.46617889404297,102.03666739252802,98.45625874751293,100.83658693545453,31487300
2022-09-22,99.31912994384766,100.4101114902342,97.98019770206167,98.00995057481285,34298600
2022-09-23,97.93059539794922,98.84305962268306,96.67100931227313,98.81329918585423,31625400
2022-09-26,97.36527252197266,99.06125428806656,96.99831035340091,97.29584663330873,27072700
2022-09-27,96.70077514648438,99.18028220152245,96.0759420926826,98.61495489564797,30072800
2022-09-28,99.22987365722656,99.8745394269292,96.31397098941996,96.84954541208984,32466300
2022-09-29,96.62142181396484,97.83142237621783,95.17339071110857,97.83142237621783,31047200
2022-09-30,94.8659439086914,98.08930316415186,94.77667771762164,96.25446940903004,32941500
2022-10-03,97.8314208984375,98.47609418773558,95.72879638211501,95.9668344859771,27982000
2022-10-04,100.80683898925781,101.0051965284241,99.557165305316,99.61667862054995,28850800
2022-10-05,100.59854125976562,101.09444257573276,97.99010306184583,99.01165856204153,22176900
2022-10-06,100.58863830566406,102.08626265455283,99.76544016442644,99.85470635132027,22324000
2022-10-07,97.87109375,99.70592728808386,97.49421143647145,99.03150112865876,27502800
2022-10-10,97.05782318115234,98.2876565416277,96.21479230959145,98.18847777441846,18225100
2022-10-11,96.38339233398438,98.43642374055914,95.52052121037734,96.6313430235072,26507100
2022-10-12,96.7602767944336,97.94052452401523,95.94699881751596,96.50241351977157,21876400
2022-10-13,98.24798583984375,98.96208508756953,93.60634829648116,94.37004071240933,34574500
2022-10-14,95.76847076416016,99.86462094928686,95.58003338781863,99.1703544867437,25410700
2022-10-17,99.15052795410156,100.10265774202443,98.0198733580147,98.04962623156622,28419200
2022-10-18,99.94396209716797,102.62183412414964,99.15052441894925,102.28461724659432,24060700
2022-10-19,98.81330108642578,100.19190624537119,98.10912207167954,99.19019095829994,23811100
2022-10-20,99.15052795410156,101.48126304018042,98.57528050925599,99.18028082765306,25323200
2022-10-21,100.3010025024414,100.47952728786818,96.91895929172544,97.04789091631268,32458700
2022-10-24,101.67961883544922,101.9077368068661,99.16044640435987,100.9655271818657,27176400
2022-10-25,103.6235580444336,103.96076735839142,101.87798302852408,102.05650783204726,40611400
2022-10-26,94.1518325805664,97.50412305253043,93.91380204631294,95.6395366616455,88114100
2022-10-27,91.46405029296875,94.64773619425107,91.04749495639449,93.74519206481907,60710900
2022-10-28,95.50068664550781,95.75855747636481,91.37478361921333,91.51363539732378,43697300
2022-10-31,93.73528289794922,95.24281979479946,93.20962863501363,94.63781949338367,31675000
2022-11-01,89.7283935546875,95.2428142728165,89.62921479576478,94.66756687746879,47161400
2022-11-02,86.25708770751953,90.43257644134617,86.16782152387951,90.19454589639709,57038300
2022-11-03,82.74610137939453,85.81076815755338,82.6568351996716,85.61241063994241,61288000
2022-11-04,85.87028503417969,85.92979077856455,83.02380838038178,84.69995747119829,51124900
2022-11-07,87.7646255493164,88.17126831965837,86.1380696016579,86.56454509810828,34078900
2022-11-08,88.17127227783203,89.5796304672484,86.87200543719126,88.17127227783203,30429000
2022-11-09,86.60421752929688,88.70684212468586,86.56454451049467,87.72495193475426,31769100
2022-11-10,93.16996002197266,93.61626826753488,90.8590576182188,91.49381082236977,51620100
2022-11-11,95.61970520019531,96.1354392923686,93.15011094483498,93.91380328731896,33090500
2022-11-14,94.91551208496094,95.99658092538591,93.73527205818615,94.31051185350877,30179500
2022-11-15,97.63306427001953,99.31912590340235,95.91724219824151,97.4545394739204,41640800
2022-11-16,98.0396957397461,98.82322078363063,96.83961537638496,97.09748619804606,29105200
2022-11-17,97.5537109375,98.46616757515149,95.99658105288788,96.17510583563306,26052600
2022-11-18,96.63134765625,98.08929899123865,95.5800391036644,97.96035978371822,28342300
2022-11-21,94.81633758544922,97.59338820085925,94.5783070537111,96.49248658714596,21647400
2022-11-22,96.25447082519531,96.42307549576248,93.27906223791702,95.16348162304233,23438500
2022-11-23,97.65290069580078,97.95044455619234,96.29412816473291,96.29412816473291,18868100
2022-11-25,96.66109466552734,97.83142220785665,96.60158892219253,97.43469959629758,9701400
2022-11-28,95.26265716552734,96.78011416235111,94.82626153412802,96.24453976932135,26237500
2022-11-29,94.40971374511719,95.33209067906634,93.33856487339783,94.94528818097686,20061700
2022-11-30,100.16215515136719,100.21174831439473,93.64601154608545,94.04273414974281,43647500
2022-12-01,100.16215515136719,101.4118287044889,99.42822325305634,100.191908022442,28687100
2022-12-02,99.61666107177734,99.94395019705995,98.08928407532805,98.23805598692219,21480700
2022-12-05,98.66454315185547,100.5489623663918,98.1884744915712,98.58519711399899,24405100
2022-12-06,96.1850357055664,98.9620789139917,95.62962101039767,98.48601782310948,24910700
2022-12-07,94.16175842285156,96.08585067198514,93.94356060039664,95.61970972120518,31045400
2022-12-08,92.94184112548828,94.79651511839255,92.68397027420339,94.59815001476763,32213300
2022-12-09,92.06905364990234,93.48733192437892,91.98970761165849,93.0013431152763,28225400
2022-12-12,92.54512023925781,92.79307094834755,90.85905844418969,91.95004005081348,29420000
2022-12-13,94.8460922241211,98.7141243795283,94.2510121002556,96.95863687909693,40593700
2022-12-14,94.29068756103516,96.07593554575189,92.83273630132557,94.4196191950435,28733600
2022-12-15,90.11519622802734,92.87240659372344,89.27216542487523,92.36658508509045,40107000
2022-12-16,89.5201187133789,90.58134735770545,88.786179227131,90.01602009048204,58011800
2022-12-19,87.71504211425781,89.81765920892968,87.48692414068339,89.52012290883614,29493000
2022-12-20,88.29026794433594,88.44895999929471,86.72322551931313,87.38773147403228,23453800
2022-12-21,88.84569549560547,89.48044867408069,87.59602186498341,88.34979410199328,24745600
2022-12-22,87.04061126708984,87.81421619968995,85.61241288884075,87.43733387958731,27658300
2022-12-23,88.49858093261719,88.81595757528672,86.35628291945588,86.39595594564658,23003000
2022-12-27,86.67363739013672,88.21093460263191,86.29675508801945,88.07208282991216,20097300
2022-12-28,85.31486511230469,87.31831080815121,85.23552664693922,86.2670023652313,19523200
2022-12-29,87.72494506835938,88.12166765847456,85.90003174742517,85.90995189306291,23333500
2022-12-30,87.50676727294922,87.57619316857544,85.8603709383056,86.26701373187004,23986300
2023-01-03,88.38945770263672,90.30363718067711,87.79437004023141,88.85559860680175,28131200
2023-01-04,87.35798645019531,89.90691916874918,86.55462109181812,89.60937532240884,34854800
2023-01-05,85.49339294433594,86.85216541875592,85.19585666320351,86.75298665837843,27194400
2023-01-06,86.6240463256836,86.97118333274179,84.16437980636358,86.07855936732152,41381500
2023-01-09,87.2984619140625,89.31182755724797,87.13977743211463,87.63567873433844,29003900
2023-01-10,87.69520568847656,87.94315639958413,85.12643995349273,85.27521189352831,30467800
2023-01-11,90.76978302001953,90.8491290549015,88.28036360214634,88.44896825112974,26862000
2023-01-12,90.38298034667969,91.11691981733598,89.01429529901861,90.73011735676101,30258100
2023-01-13,91.3648681640625,91.4342940509324,89.3911753274604,90.1052744877532,26329200
2023-01-17,90.54167938232422,91.49380917136953,89.31184601733088,91.30536421618127,32602400
2023-01-18,90.37307739257812,92.03930646438202,89.89700870055337,91.38471295870488,29116700
2023-01-19,92.2872543334961,92.84266148471706,89.88708578674498,89.97635197425116,37000400
2023-01-20,97.21649932861328,97.49421044649547,94.24109116727796,94.3204372009586,63191100
2023-01-23,98.97200775146484,99.21995846507203,96.70077830680043,97.14708656455124,40005100
2023-01-24,96.89913177490234,98.79347877926642,96.40323036854797,97.29585441335684,33078500
2023-01-25,94.439453125,95.37175007274746,92.99142210911067,94.786582552293,42330000
2023-01-26,96.72061157226562,96.77020474200492,94.59815405733514,95.70897598453968,30114000
2023-01-27,98.5554428100586,99.49765240364174,96.5123239826297,96.5123239826297,33879800
2023-01-30,96.14535522460938,97.48428734322064,95.60978086379407,96.68092958542469,27226200
2023-01-31,98.02976989746094,98.06944291132294,96.02633188197882,96.07592504101974,29870700
2023-02-01,99.60675048828125,100.36052269702401,96.78011416406397,97.90084854753133,35531100
2023-02-02,106.8568344116211,106.9659333278878,104.74429711518005,104.93274207361436,69883800
2023-02-03,103.92108917236328,106.92625024321528,101.73912618609937,102.08625562934304,65309300
2023-02-06,102.05651092529297,103.50454212360086,101.04486781904797,101.56060951901542,31999600
2023-02-07,106.75765991210938,107.29323436787847,102.27471428631476,102.3738930595634,49010200
2023-02-08,98.5554428100586,102.29453587919534,97.23634332555855,101.2134745048074,94743500
2023-02-09,94.23118591308594,99.21003262732542,92.86249320969232,99.18027975409596,119455000
2023-02-10,93.79478454589844,95.95691481547425,93.47740797269714,94.6675682304884,54980700
2023-02-13,93.83446502685547,94.4196250562035,93.07077262109874,93.96339666886732,50076100
2023-02-14,93.90388488769531,94.0724895395363,91.50372404324449,93.65593419962755,54726100
2023-02-15,96.14535522460938,96.32388001154781,93.37822481049062,93.7154340931221,50169000
2023-02-16,94.72708892822266,96.8792992195654,93.96339652364621,94.58823713954602,42462600
2023-02-17,93.57658386230469,94.77666422937034,92.44592938203277,94.07248521564689,34284100
2023-02-21,91.03758239746094,92.3368416794246,90.96815650224582,92.23766291009657,33629300
2023-02-22,90.89873504638672,91.35496346106115,89.8672591479185,90.94832065004488,30884000
2023-02-23,90.14493560791016,91.18633134038276,89.024201420095,91.16649105140725,41206400
2023-02-24,88.39937591552734,89.15314812025682,87.85388894602733,88.70683991186095,36585100
2023-02-27,89.13330841064453,89.4209320921076,88.60764664095792,89.13330841064453,27502300
2023-02-28,89.3217544555664,90.48216943962086,88.58782252932733,88.59774267568118,30142000
2023-03-01,89.61929321289062,90.28379921055803,88.93494692364422,89.24241090828541,31111200
2023-03-02,91.245849609375,91.52355315835904,88.85560143860462,88.92503489270483,32204400
2023-03-03,92.88233184814453,92.96167788657921,91.69216397218837,91.7219244117424,35160100
2023-03-06,94.3501968383789,95.18331511806566,93.22946240796787,93.24929513438325,32639300
2023-03-07,93.09061431884766,94.8857750214838,92.76331756858707,94.20143621358584,27835500
2023-03-08,93.47740173339844,95.17338339263445,93.22945106567059,93.34847011024735,34103300
2023-03-09,91.56324005126953,94.74692633492973,91.14668466466473,93.27906233445889,28813500
2023-03-10,89.88707733154297,92.02937482791765,89.65896694454361,91.41445442058324,35941000
2023-03-13,90.36315155029297,91.81118269560834,88.687002437022,89.35150848107031,37335600
2023-03-14,93.19969940185547,93.58650184316622,91.6822425064281,91.80125398569051,36050200
2023-03-15,95.32215118408203,96.135429036382,91.88059485416576,92.45584219446059,50622100
2023-03-16,99.49764251708984,100.3605135550846,94.71715400007437,95.41141283511351,65492000
2023-03-17,100.78699493408203,101.99698789396676,99.27945056518114,99.43814263216196,61028500
2023-03-20,100.3902816772461,100.9159359560501,99.05134939660562,99.29930009920032,32960400
2023-03-21,104.05994415283203,104.23846895297474,100.39027695383191,100.4200298260466,42110300
2023-03-22,102.52265167236328,105.71625013011207,102.48297865485124,103.41526808239401,43427400
2023-03-23,104.73436737060547,105.42863382566868,103.60371285731998,104.19879298533533,40797800
2023-03-24,104.57569122314453,104.62527682377592,102.98880066584036,104.12937541633211,30393300
2023-03-27,101.6201171875,103.90126672624382,101.0944628976051,103.7624149352095,31120900
2023-03-28,100.20183563232422,101.61019379170308,98.92240911282488,101.60028121184264,32057900
2023-03-29,100.55888366699219,101.64986521604924,99.82495172553267,101.44158753942646,28779600
2023-03-30,100.06298828125,100.33077928644965,98.96208651955186,100.08282857556007,33086200
2023-03-31,102.87970733642578,103.03839184898722,100.21175539436457,100.46962623998861,36863400
2023-04-03,103.5045394897461,103.67314414754483,101.0944584138917,101.55068678803492,25035400
2023-04-04,103.86157989501953,104.71453082187777,103.18715375673288,103.47477744759011,24420100
2023-04-05,103.61363220214844,105.23026792467863,102.81027441388282,104.9128913544011,28290500
2023-04-06,107.53125762939453,108.27510972849137,103.47478781441008,104.39716471996435,48711500
2023-04-10,105.5674819946289,106.70804904814693,104.2583027310059,106.10305636159114,27067400
2023-04-11,104.48641967773438,105.85511233488984,103.82191364187591,105.67658753468932,26311800
2023-04-12,103.78224182128906,105.87494628290851,103.48469796190201,105.70634162712136,24370300
2023-04-13,106.54937744140625,106.6088831893166,104.97240702008682,104.97240702008682,24843600
2023-04-14,107.97757720947266,108.04700310514491,105.96421110126722,106.01380426968531,26578000
2023-04-17,105.1013412475586,105.2897861961485,103.66322268410477,103.80208203407157,37571200
2023-04-18,103.64337921142578,105.66665757008278,103.21690375984336,105.61706440974724,26596400
2023-04-19,103.32601928710938,104.11946457904193,102.22511753880913,102.73093910158751,20905700
2023-04-20,104.42691802978516,105.37904781258688,103.01855986565269,103.05823288579296,27820800
2023-04-21,104.54593658447266,105.13109660328743,103.92109597885471,104.60544233096776,25800100
2023-04-24,105.1013412475586,105.75592714410803,103.84174748622819,104.62527258627793,23542800
2023-04-25,102.99871063232422,105.8154342829649,102.98879048643646,104.96248334111876,46664100
2023-04-26,102.85985565185547,105.47821413741524,101.78870693498448,104.05993599383254,53347600
2023-04-27,106.70803833007812,107.48165071588909,102.69124233160123,103.59377876476735,50089200
2023-04-28,106.46011352539062,106.47003367253913,104.22855712885315,106.16257721263207,36139800
2023-05-01,106.32124328613281,107.10476830411024,105.94436099528517,105.96419371928604,26681700
2023-05-02,104.4566650390625,106.3212514798493,102.85986201062076,106.26174573640694,30997200
2023-05-03,104.54593658447266,106.60888065380296,104.09962078519486,104.66494807746287,21795400
2023-05-04,103.83182525634766,104.73436176269362,103.11772611422332,104.62526286226607,23419500
2023-05-05,104.7046127319336,105.01206915340022,103.25658167035746,103.96076069275621,26639300
2023-05-08,106.88658142089844,107.07502636899285,104.29798314719713,104.3178158732233,26511400
2023-05-09,106.47002410888672,109.2470748463162,106.31133960304034,107.50149988087897,36360100
2023-05-10,110.8339614868164,112.01420922516127,107.04527514179809,107.08494816131481,63153400
2023-05-11,115.61444854736328,116.95338077292648,113.4721584998331,114.45404112299883,78900000
2023-05-12,116.5467529296875,117.06248707301147,115.15822745124665,115.7235547629223,41102300
2023-05-15,115.55494689941406,117.50879963545604,115.05904549704219,115.15822426414559,36266800
2023-05-16,118.53034973144531,119.76018303268906,115.47559542065336,115.535101164742,45035600
2023-05-17,119.84944915771484,120.67264731450432,117.91543668511788,118.62953592633984,33323600
2023-05-18,121.82312774658203,122.2991888062752,119.83952234186759,119.95853382336384,35234200
2023-05-19,121.75370788574219,124.93739380984856,121.1487076020142,122.53723296740392,41353400
2023-05-22,124.02494049072266,125.39362560112353,121.73387092669454,121.93223602252743,35253000
2023-05-23,121.55534362792969,123.60837503480265,121.20821417591823,123.14223409458985,34046300
2023-05-24,119.9089584350586,120.9106813684256,118.87748262878495,120.12715625884692,34182600
2023-05-25,122.46781921386719,124.29273282527676,120.96027464484123,123.49928751875201,42317000
2023-05-26,123.58854675292969,124.2332200823341,121.44624908602053,122.16034830832359,35635900
2023-05-30,122.65625,124.62994301273424,120.99994114625623,124.61010271936992,35076700
2023-05-31,121.8628158569336,123.04305607346541,121.49584608754014,121.74379679384124,37325800
2023-06-01,122.70584869384766,123.4001076557752,121.61486708216643,121.81322462361568,30772700
2023-06-02,123.6480484008789,125.11591981661117,122.74551182311099,122.97362222070807,26980100
2023-06-05,124.97706604003906,126.38542412216299,122.82484833216863,122.99346054966021,32305500
2023-06-06,126.26640319824219,127.2383656366913,124.3323909005138,124.97706418870804,26638300
2023-06-07,121.49583435058594,127.98221754198133,121.11895203748432,125.92919376166726,52539000
2023-06-08,121.13880157470703,122.21987063454354,120.2461774810015,121.22806776750527,29389200
2023-06-09,121.2280502319336,122.74550718830598,120.9106736630639,121.2478829569892,23778300
2023-06-12,122.62649536132812,123.03313813403905,120.66273009040363,121.78346450999771,28306400
2023-06-13,122.81492614746094,124.1340255114408,122.170252900137,123.955500728595,22278300
2023-06-14,122.65625,123.03313990537379,120.45444658155986,122.09092270879414,30592300
2023-06-15,124.06460571289062,124.43157546435972,121.39666138886585,122.13059332494937,35246300
2023-06-16,122.51739501953125,125.07624798326509,122.26944432692575,124.89772318191494,45535600
2023-06-20,122.0909194946289,123.54887077747642,121.1387897432877,121.92231483974503,26097500
2023-06-21,119.56182098388672,121.65452532950529,119.11550521954592,121.39665450345422,30306300
2023-06-22,122.14051055908203,122.22976917477193,117.85592296831348,119.01633037340913,26952200
2023-06-23,121.3371353149414,121.78345105765439,120.06762910490728,120.38500565741582,34913600
2023-06-26,117.36994171142578,120.99994365310945,117.30051581692196,119.77011027896118,33969900
2023-06-27,117.36002349853516,118.10387557545451,115.14829999374557,116.1202700370029,39535900
2023-06-28,119.19485473632812,119.4031324056984,115.89214976448287,116.1301803056411,27091400
2023-06-29,118.12371063232422,119.07584040154654,117.33027294139967,118.26256241740738,24090900
2023-06-30,118.71878051757812,120.08747309044965,118.70886793868348,119.18492899866601,29532200
2023-07-03,118.91716003417969,119.20478376097655,117.84601116890617,118.26256653867198,14467900
2023-07-05,120.75198364257812,121.60493460466255,118.25264406620929,118.26255664547801,27584800
2023-07-06,119.12543487548828,119.31387982882194,117.42945299604987,118.81797842897954,24745200
2023-07-07,118.50059509277344,120.05772509699975,118.42124905726847,119.1155079508008,21709500
2023-07-10,115.49543762207031,117.34019150871362,115.18798116324814,117.33027892845527,35315200
2023-07-11,116.17977142333984,116.74509867791642,114.40444362500358,115.33674061449469,23078800
2023-07-12,117.9551010131836,119.34362637246984,117.4393669141167,117.82616938013048,30404400
2023-07-13,123.51911163330078,123.80673533006852,119.46263457450904,119.93870320943425,44297900
2023-07-14,124.39190673828125,125.74075916657561,122.47772701039696,123.77699383825481,33283100
2023-07-17,123.62822723388672,126.05814119884347,123.18191140958396,124.90765382325283,25716200
2023-07-18,122.74551391601562,123.65797065567115,121.95206866692536,123.57862461739118,26193600
2023-07-19,121.02967834472656,124.15385826176514,120.80156796856357,123.57861089837822,37224000
2023-07-20,118.22288513183594,123.0727999886977,117.25092267132642,120.42468845421087,37906800
2023-07-21,119.03616333007812,119.99821321316037,117.75674443491287,119.6312510365837,72937900
2023-07-24,120.53379821777344,121.99174960669664,119.98831119460458,120.66273743006377,29686100
2023-07-25,121.20820617675781,122.14050312936536,120.02795855095499,120.36517540126466,52509600
2023-07-26,128.21035766601562,129.90633205152977,127.26814799253995,129.00380296662527,61682100
2023-07-27,128.33924865722656,132.14778209152604,127.73424847403028,130.59064476632827,44952100
2023-07-28,131.4932098388672,132.64370465595107,129.49969176817697,129.7079618698937,36591200
2023-07-31,131.63206481933594,132.43542264148525,130.6997677943249,131.64197739889866,28055500
2023-08-01,130.47164916992188,131.54279790983335,129.60877052366334,129.70795684787504,23166800
2023-08-02,127.32763671875,129.02361087752263,126.51435123258612,128.38885774863965,26273300
2023-08-03,127.39706420898438,128.329361244637,126.37550855512062,126.9210031114822,20089500
2023-08-04,127.05985260009766,130.43197594152576,126.86149507419762,128.2202600170075,26147200
2023-08-07,130.4518280029297,130.53117404718972,127.96240829082672,128.10126008485418,22746300
2023-08-08,130.32289123535156,130.431990156543,128.4781372893849,129.54928620643435,23535200
2023-08-09,128.59715270996094,130.9576330468754,127.94255923989908,130.58075827957177,24912900
2023-08-10,128.6269073486328,130.9675625582551,128.38886922887625,130.2435507528464,20857800
2023-08-11,128.49795532226562,128.86491747828384,127.11935017534717,127.60533894622364,19591100
2023-08-14,130.25344848632812,130.29311393491162,127.9028809647762,128.3293488553076,24695600
2023-08-15,128.71615600585938,130.3427118640274,128.22025464503122,130.0253428626258,19770700
2023-08-16,127.64501190185547,129.21206207522133,126.8218213636926,127.64501190185547,25216100
2023-08-17,128.85501098632812,130.90804993539842,128.23017041335734,128.73599949955613,33446300
2023-08-18,126.41519165039062,128.19051967813363,125.34404274535204,127.45658011346536,30504800
2023-08-21,127.31771087646484,127.6747604625636,125.52255036686307,126.13747078000077,25248700
2023-08-22,128.0218963623047,129.21205659443743,127.2681317464859,127.45656155015928,22054900
2023-08-23,131.28494262695312,132.31642609894942,128.80543542234216,129.11289189432017,27819700
2023-08-24,128.71615600585938,133.14951538235977,128.50788590918833,132.85197153912117,28500700
2023-08-25,128.8153533935547,129.6881295726403,126.20690716881097,128.47812893761383,26762900
2023-08-28,129.93606567382812,131.45352258706555,129.0732021716326,130.23360950918428,20543300
2023-08-29,133.46693420410156,135.4505401629322,131.15603144601837,131.15603144601837,43075600
2023-08-30,134.7661590576172,135.16287409396253,132.9709985475354,133.67517000710467,28315800
2023-08-31,135.0537872314453,136.8687881952977,134.67689731971456,134.89509514927343,30053800
2023-09-01,134.54795837402344,136.3332062668677,133.74460060567057,136.3332062668677,21543700
2023-09-05,134.65708923339844,135.30175509011016,133.47684131487563,134.32979244756098,19403100
2023-09-06,133.35780334472656,135.41082715108524,132.57427070368973,134.9050132008134,18684500
2023-09-07,134.1512451171875,134.46862928644677,131.86018300504648,132.49493620985484,18844300
2023-09-08,135.2620391845703,135.53974269315597,133.74458246490363,133.80408819764253,23558300
2023-09-11,135.7976531982422,136.35306040880863,134.6769110623918,135.4207632480529,20763400
2023-09-12,134.2305908203125,135.74804793318728,134.08182644991697,135.14304760406196,18405500
2023-09-13,135.58934020996094,135.77776999179343,133.0503128396787,133.98260970579463,20749500
2023-09-14,136.96795654296875,137.5630290724014,135.1232029476824,136.47205520158755,24751000
2023-09-15,136.27369689941406,137.3845263119322,135.36124015129133,136.84894433199983,38919600
2023-09-18,137.0770721435547,138.019281780227,135.49018160432044,135.49018160432044,21861300
2023-09-19,136.90843200683594,137.2754092805613,135.50007405103756,136.2935192027612,20353700
2023-09-20,132.64370727539062,136.9481276445737,132.52468065263594,136.9481276445737,29927500
2023-09-21,129.37075805664062,131.14607838789655,129.00379586795694,130.36256084439935,31503900
2023-09-22,129.1822967529297,130.94770428096794,128.53763107597587,129.68811066252235,26397300
2023-09-25,130.0352783203125,130.09478407268804,127.90290814706238,128.76577182393018,20094600
2023-09-26,127.51609802246094,129.29141844193066,126.17715813897233,128.70625840016731,25718700
2023-09-27,129.46994018554688,129.8269898246319,127.5161024517244,127.5161024517244,22746500
2023-09-28,131.22543334960938,132.20732362438937,128.7260859170761,128.77567908657804,22513100
2023-09-29,129.78729248046875,132.95114528457344,129.29139116656413,132.18745302372233,30859800
2023-10-02,133.07017517089844,133.31812586216128,130.09476687574428,130.1344474612235,22288000
2023-10-03,131.3444366455078,133.15943757319482,130.75927662958244,132.8420685488848,22989400
2023-10-04,134.1314239501953,134.45872070934675,131.44363154646038,131.70149484137792,26752300
2023-10-05,133.96279907226562,134.37935439370042,132.3560683939219,133.96279907226562,19832600
2023-10-06,136.4522247314453,137.02747214489506,132.91148163496393,132.91148163496393,27597600
2023-10-09,137.28533935546875,137.8010810398745,134.49837595767463,135.8174754746164,19278100
2023-10-10,136.9282989501953,138.57469531209054,136.2042871076599,137.36469462527216,27786600
2023-10-11,139.39788818359375,139.95329533664227,137.44403543423456,137.44403543423456,25884300
2023-10-12,137.83082580566406,140.0623819353228,137.12663921258442,139.89377728823808,24765500
2023-10-13,136.2340087890625,138.85236710628996,135.500069400509,138.23745432331978,23420500
2023-10-16,137.95974731445312,138.48540148023622,136.85884582628907,137.03736302959354,28501900
2023-10-17,138.57469177246094,138.75320901659043,136.05550412475992,137.49363032645,23515800
2023-10-18,136.8291015625,139.56647145456625,136.2538542039491,138.30687783957188,23375000
2023-10-19,136.62081909179688,138.51516584160242,136.25385694319345,137.36467110137107,26066000
2023-10-20,134.4884490966797,136.73983027790308,133.97270746704044,136.20426349098727,26335700
2023-10-23,135.38108825683594,136.53158318839846,132.85198797694417,133.93304944521964,26317900
2023-10-24,137.67214965820312,138.2176442463873,136.2935443173615,136.70018711343607,44814300
2023-10-25,124.5803451538086,127.25820957616193,124.04477075596701,127.10944521580694,84366200
2023-10-26,121.27764129638672,123.31083999813282,120.27591838168972,122.25952391827924,57061100
2023-10-27,121.16854095458984,122.29919549173574,119.22460845972752,121.87272000373477,44566500
2023-10-30,123.43977355957031,124.37207059770444,121.74379170735196,122.20002007986204,28940100
2023-10-31,123.0628890991211,124.34231557609246,121.68428385885795,124.03485157297696,26292300
2023-11-01,125.41345977783203,125.45313279745749,122.70584239837481,123.05297186152897,30082400
2023-11-02,126.4449234008789,127.92270729693898,125.88951631336191,127.36730020942197,27124600
2023-11-03,128.04173278808594,128.46820067879287,126.81189200957998,126.9705840713952,26393100
2023-11-06,129.1822967529297,129.2715553604388,127.61524673059205,127.9921365850185,19052700
2023-11-07,129.8964080810547,130.8287050924927,128.8153467097953,129.63854481279463,29757300
2023-11-08,130.75929260253906,131.12626997179123,129.70798393466782,129.89642890979786,26425800
2023-11-09,129.1724090576172,131.46347122727005,129.00380438860708,130.8783111759331,23747800
2023-11-10,131.5031280517578,131.71141329610631,128.34920244954847,129.03354879478132,26913300
2023-11-13,131.00723266601562,131.50313408284546,130.17412191783197,130.69977620897475,18324800
2023-11-14,132.52467346191406,134.58762491778677,132.22714475544407,133.0900082716238,32395200
2023-11-15,133.5164794921875,133.92312224608222,132.4750987262402,133.76443017621472,23861500
2023-11-16,135.80752563476562,136.09515686974302,133.21893532221114,134.08179875972928,28013200
2023-11-17,134.20083618164062,134.94468829125762,132.55443988026462,134.88518254388185,37240600
2023-11-20,135.13311767578125,135.53976041427174,132.52467173584012,132.5941051889177,27815500
2023-11-21,135.84722900390625,136.05549911438757,134.84551363674532,135.17279523893023,22635300
2023-11-22,137.35476684570312,138.2771361292862,136.34312381394363,136.34312381394363,17813900
2023-11-24,135.5695037841797,136.99770199138314,134.87524497059664,136.89851567499682,12514300
2023-11-27,135.29180908203125,137.2853270482676,134.88516634551732,134.91491921563218,23436500
2023-11-28,136.07533264160156,136.1249258052487,134.309924978467,134.964518417708,18730000
2023-11-29,133.88343811035156,137.15637457576435,133.73465864047404,136.4422906284374,23967200
2023-11-30,131.443603515625,134.4388517451667,130.2038502076351,133.94295042197072,38988300
2023-12-01,130.7790985107422,131.02704917414542,129.59885093154966,130.7790985107422,31442300
2023-12-04,128.21035766601562,128.9641223780541,126.85158504794954,128.81535800518807,36669900
2023-12-05,129.916259765625,131.05682698082634,127.1987145294908,127.89297349238338,27384800
2023-12-06,128.95420837402344,130.75928165761354,128.81535658297804,130.3625665785439,23576200
2023-12-07,135.80752563476562,137.42416874984633,133.5958100272854,133.93301928634918,56767100
2023-12-08,133.88343811035156,135.2818682714779,132.93130095773793,133.09990558330048,32260100
2023-12-11,132.19737243652344,132.2469655972193,130.2832005300675,131.29484350017327,31138000
2023-12-12,131.43370056152344,131.90976162921305,130.18401944998905,130.7295139721899,29032800
2023-12-13,131.48330688476562,132.40567624159368,130.49150406647652,132.28666474618618,30104800
2023-12-14,130.85845947265625,132.6238671868591,128.62690324736187,132.28665787823815,38722400
2023-12-15,131.51303100585938,132.41555987156252,130.10465799413734,130.54105356016876,50847100
2023-12-18,134.68679809570312,136.02572254525143,131.34441299342456,131.5427856233193,32258000
2023-12-19,135.52984619140625,136.34313174933595,134.96452646649996,135.71829114427823,25476800
2023-12-20,137.20596313476562,140.53842035668632,136.93818733863088,137.83080359315892,49107200
2023-12-21,139.26895141601562,139.53674241725346,138.03911046006232,138.34658204933325,27488300
2023-12-22,140.33016967773438,140.82607102846447,139.5565647812921,139.61607052198642,26532200
2023-12-26,140.35992431640625,141.5104039629761,140.03262760475596,140.42934263685476,16780300
2023-12-27,139.21932983398438,140.91531898406916,138.74326881071957,140.42933024896718,19628600
2023-12-28,139.08050537109375,139.98304957042203,138.60444425438513,139.62599994946305,16045700
2023-12-29,138.544921875,139.20942786934887,137.6423777840169,138.4854161342685,18733000
2024-01-02,137.03738403320312,138.30689034141093,135.36123496575607,137.41427392066478,23711200
2024-01-03,137.78125,138.48543668179107,135.95633638949388,136.12494105781897,24212100
2024-01-04,135.27197265625,138.01927043379123,135.2323072061994,137.28533097133266,27137700
2024-01-05,134.61737060546875,136.03565627670122,134.04212324747374,135.62901355461221,22513900
2024-01-08,137.70188903808594,137.87049368814525,135.1430361482217,135.17278901977872,21404000
2024-01-09,139.7946014404297,140.33018342656837,137.01755057751834,137.3646876105234,24759600
2024-01-10,141.11367797851562,141.82777708783627,139.75491320864225,139.84417181388054,21320200
2024-01-11,140.91531372070312,144.0295732461307,139.48711557054665,142.31375900387354,24008700
2024-01-12,141.4806671142578,142.0261616954496,140.6574840861167,141.5005074082221,18785500
2024-01-16,141.32199096679688,143.16674483949535,140.29050754673418,140.83600213102596,22670500
2024-01-17,140.31031799316406,140.67728012012063,137.7613779932037,140.19130652143912,20968600
2024-01-18,142.30384826660156,143.02787513950906,140.8260719176682,140.8855776587382,25746400
2024-01-19,145.18008422851562,145.24950254806373,143.19647882633325,143.5535284040744,34271900
2024-01-22,144.7932891845703,147.17360973542569,144.64450969157375,145.89419084442545,32200400
2024-01-23,145.8346710205078,145.9735228014156,144.30730143052193,144.6941039011729,21636100
2024-01-24,147.48106384277344,148.6216460696022,146.88599128129252,147.32237177289502,25233500
2024-01-25,150.62506103515625,151.79539601165686,148.31415908415644,148.83982840267183,29149100
2024-01-26,150.94244384765625,151.28956568601532,149.7721088811906,149.8613826190151,26115500
2024-01-29,152.2516632080078,152.51945423808056,150.18871128574926,150.81355197801503,27784300
2024-01-30,150.21844482421875,152.3607271720474,149.95065385559957,151.54745682095233,36331800
2024-01-31,138.95156860351562,142.81959319917652,138.72344307921892,142.44270331878081,71910000
2024-02-01,140.00286865234375,141.88728767351694,139.63589137319994,140.95499074150428,40466500
2024-02-02,141.21287536621094,141.45089833217304,135.38107056080497,138.11844060532798,62499600
2024-02-05,142.50222778320312,144.27756337900828,141.60961126191953,141.64929185123162,38505400
2024-02-06,142.91876220703125,144.16842804795627,142.01621819950975,143.46424153576635,29128200
2024-02-07,144.3469696044922,144.4263156427516,142.7501665270815,143.57336464859975,25208900
2024-02-08,144.71392822265625,145.13048351940716,143.9105704979432,144.63458219465025,22563800
2024-02-09,147.77859497070312,148.21499055845277,144.98170423123912,145.47760555664416,26829500
2024-02-12,146.3206787109375,148.1158395150447,146.1619866169241,147.20338267503428,21564100
2024-02-13,143.9502716064453,145.4677288254304,142.51216043512292,143.73207375880068,27837700
2024-02-14,144.74368286132812,145.31893022112502,142.90884188380863,144.88253462860962,22704200
2024-02-15,141.59970092773438,142.34355308517448,139.30863870421265,141.96666314928402,37590700
2024-02-16,139.36814880371094,142.01626075077365,138.99125885606148,141.8179031960097,31468900
2024-02-20,139.96319580078125,140.91533307623592,138.34656764889544,138.51517229621072,25144700
2024-02-21,141.38148498535156,141.5203367649503,139.5268035526364,140.29049590728383,23223300
2024-02-22,142.90884399414062,143.8113880616519,141.6294252005615,143.74195461013204,27191900
2024-02-23,142.77992248535156,143.4940065020115,142.25425313452644,142.4922912292185,19493800
2024-02-26,136.44232177734375,141.27239668798464,136.26378939947426,140.97485281400884,53641800
2024-02-27,137.74159240722656,138.1085546396034,135.96625673087684,136.88864130284716,33099200
2024-02-28,135.2620391845703,136.87866708089976,134.29998948207495,136.76956819297638,37328600
2024-02-29,137.32501220703125,137.72172724425474,135.2818858775754,136.15467711991738,42133000
2024-03-01,136.0158233642578,137.7316378191588,135.79762555684746,137.29524220433814,31151100
2024-03-04,132.25689697265625,134.54795880340606,130.82869865382304,134.54795880340606,55999400
2024-03-05,131.58245849609375,132.1477932825311,129.59885315483893,130.7989410451295,40194800
2024-03-06,130.32289123535156,132.48502936431544,129.77741176310514,132.02879338468463,35318600
2024-03-07,133.27847290039062,133.8338800794751,130.53117474630065,131.70149485455573,37738200
2024-03-08,134.30001831054688,136.95804250148979,132.90157275617153,133.10985799917378,39370400
2024-03-11,136.54147338867188,137.9597590931876,135.01410391751668,135.01410391751668,32437800
2024-03-12,137.3646697998047,138.23746099222168,135.90671866415707,135.90671866415707,27563400
2024-03-13,138.64410400390625,139.9334506450809,137.85067388660744,137.86058646627538,23347200
2024-03-14,141.92697143554688,142.41294506959082,139.30861293112127,140.03262465964323,42753400
2024-03-15,140.022705078125,142.00631057950346,138.88213796831596,141.33189197321508,49475400
2024-03-18,146.46942138671875,150.9027808454485,145.96360743742733,147.39180580449582,69273700
2024-03-19,145.82476806640625,147.5703355892813,144.88255840993227,146.9455101008083,24070400
2024-03-20,147.52073669433594,147.639748173652,145.53713132595888,146.78679725990156,21311500
2024-03-21,146.3900909423828,149.13737364463717,145.6958169152109,148.24475722928597,24755600
2024-03-22,149.53408813476562,150.33744585104463,147.75875293589795,147.89760470002383,29211800
2024-03-25,148.83987426757812,149.14733075716612,146.60831765561275,148.71093504276567,19229300
2024-03-26,149.43492126464844,151.011884033954,148.7505749332153,148.98861304571224,22149100
2024-03-27,149.63328552246094,150.39697792574609,147.6794327705728,149.94074197303146,22879200
2024-03-28,149.69276428222656,150.1886655992159,148.9389997285373,149.61343338917058,24485400
2024-04-01,154.21543884277344,154.46338956853498,149.3754358331209,149.45478188140993,31730800
2024-04-02,153.29302978515625,153.43188156405296,150.90278153856184,152.24172129726563,24586000
2024-04-03,153.6500701904297,153.8087622521674,151.47801988823227,152.34089851536356,24705000
2024-04-04,149.29605102539062,153.501299690698,149.216704997701,152.24170609339924,34724700
2024-04-05,151.24990844726562,152.162365095296,148.37368673355488,148.80015462106246,23459200
2024-04-08,153.58067321777344,153.9972285874499,151.35902944578888,151.52763410967862,20702000
2024-04-09,155.3163299560547,157.26025503704565,153.9178843271403,154.81050082482042,31079500
2024-04-10,154.86007690429688,155.3262253958283,153.41203826670193,154.9295103592396,22838600
2024-04-11,158.10328674316406,158.37106260079813,155.1774715327962,155.62377976256258,27166400
2024-04-12,156.43704223632812,158.90663651169768,155.85188225072014,156.66516776322655,25353700
2024-04-15,153.59059143066406,157.93469279815042,153.3228004211546,157.5578028687453,27136500
2024-04-16,153.13433837890625,154.3740918150493,152.17228850176252,152.92606827651122,20779500
2024-04-17,154.195556640625,155.792359485905,153.3128529021601,154.3443209821668,21763100
2024-04-18,154.7311553955078,155.65353990489737,153.35255005525875,154.0666493097183,19883000
2024-04-19,152.82688903808594,155.07828562000708,151.0515686940003,154.91959354072858,32615600
2024-04-22,154.9989471435547,156.34779961582007,152.79714362068458,153.04509433151492,26446200
2024-04-23,156.9627227783203,157.6669095018619,154.99895725783972,155.67339110483704,21151600
2024-04-24,157.82557678222656,158.2619724145378,155.8816367293061,156.19902087415394,22779100
2024-04-25,154.72122192382812,155.20721069723666,149.63326920623868,150.08950510920468,57109700
2024-04-26,170.5404815673828,173.27786687075127,168.2593321924788,172.94064243070838,64665300
2024-04-29,164.7880096435547,168.16014784427256,163.85572783432124,167.6741590817137,45610000
2024-04-30,161.44564819335938,166.7220460143007,161.26713096501757,164.25245175294467,33562900
2024-05-01,162.5167999267578,165.7500714576766,161.7531075684998,162.95319556004813,33493200
2024-05-02,165.25416564941406,165.36326455481128,162.54654844018515,163.43916484164697,24294500
2024-05-03,165.86911010742188,166.5832093530068,161.71345384411,166.18647914228734,34662400
2024-05-06,166.72207641601562,166.7617418738661,164.66903711346148,166.08732315442762,21871300
2024-05-07,169.84622192382812,170.35203588113026,167.00966543700736,167.1187643454893,28039700
2024-05-08,167.99156188964844,168.75523914384442,167.35680870759575,167.61467198559197,19569100
2024-05-09,168.5668182373047,169.29083007689735,166.8013952497484,168.00148335133193,15346700
2024-05-10,167.26751708984375,168.45769242107335,164.82769095498062,166.65260426676096,29799900
2024-05-13,167.75352478027344,167.89237656675422,162.65565899989346,162.9135222794407,31327600
2024-05-14,168.9436798095703,169.8462239602229,167.41631020621995,168.37836010153808,25127100
2024-05-15,171.09588623046875,171.23473800953292,169.11228073886124,169.23130735927975,26948400
2024-05-16,172.75218200683594,173.68447893916473,171.27440571230892,171.8694782348091,27867900
2024-05-17,174.61679077148438,174.8250760090424,172.2662230829347,172.75219674772163,24479300
2024-05-20,175.46975708007812,177.30459839219796,174.63664632446375,174.7457452424878,22554400
2024-05-21,176.39212036132812,176.6896490712989,174.36883433127562,175.44989566739218,16989400
2024-05-22,174.93418884277344,175.69786612928917,173.7737813421162,175.19205213168274,17880000
2024-05-23,172.1273651123047,176.7888348703636,171.53227742671908,175.61851492474267,21024900
2024-05-24,173.55555725097656,174.32916213437795,172.22653015180546,173.54562953855606,16579400
2024-05-28,174.95399475097656,175.8168734132129,172.94063642860604,173.01998246270298,20572200
2024-05-29,174.4580841064453,175.39038104034756,173.2877642166244,173.9919356394942,23388700
2024-05-30,170.69915771484375,173.78366461622676,170.38177359705276,173.7638243254379,22931500
2024-05-31,171.08596801757812,171.6413751155462,168.05105413674661,170.4512148865134,37638900
2024-06-03,171.75047302246094,173.09932530985793,169.75695502874458,171.12563247401937,27459100
2024-06-04,172.36538696289062,172.42490783803038,170.48096786025872,171.85957302701576,26879600
2024-06-05,173.9721221923828,175.2019479039631,172.50424324144495,173.7638369582265,22068500
2024-06-06,175.2812957763672,175.6978511153371,174.30933331877074,174.4580976777925,23251000
2024-06-07,173.0299072265625,176.41194296176616,172.87121516107322,175.5986726101232,19661400
2024-06-10,173.77462768554688,175.81016010229428,171.5405100661831,173.7349167054555,23726700
2024-06-11,175.3732452392578,175.59169348463175,172.54337230776866,174.97607487552963,21540600
2024-06-12,176.5349884033203,179.13650434238232,174.8668546571235,176.99174796777623,27864700
2024-06-13,173.92355346679688,175.49240210344783,173.64553119205647,174.8668444097431,20913300
2024-06-14,175.54205322265625,175.81015156626538,172.92068928258647,172.99020243322104,18063600
2024-06-17,175.98887634277344,177.10096546528717,173.57602172386774,174.2214424940307,19618500
2024-06-18,173.85403442382812,176.13780173263285,172.8710325397334,175.88956648496008,21869900
2024-06-20,175.05551147460938,176.03851342488448,173.7547611134038,174.13206841253606,20160100
2024-06-21,178.36199951171875,179.57338876304848,175.3633134017814,175.75055979188994,57759000
2024-06-24,177.9548797607422,179.61308934299385,177.4087592034553,178.8882466857276,18298000
2024-06-25,182.73094177246094,182.98910099326696,178.15348288701358,178.35206806848578,23130200
2024-06-26,182.58200073242188,183.20754327614856,181.19187420519867,181.3408244497642,19839000
2024-06-27,184.10121154785156,184.73669324083986,182.7210240356858,182.87988309562385,18848900
2024-06-28,180.8642120361328,183.82318736943728,180.67556595744807,183.01890751714419,29156600
2024-07-01,181.6982879638672,182.58200489120532,180.02021516731907,181.7379989393426,16006100
2024-07-02,183.9324188232422,184.26009121150622,180.27838761712013,180.76493422110232,17372500
2024-07-03,184.50831604003906,184.77639921891327,182.7011560285435,183.54516199454144,10242100
2024-07-05,189.25457763671875,189.51273686548802,184.48845737897847,184.54803142014995,20967500
2024-07-08,187.6956329345703,188.82758504993222,186.45445670495957,188.55948674203475,21035900
2024-07-09,187.64599609375,190.00920064999954,187.38783687416534,188.96660951335545,15121400
2024-07-10,189.83045959472656,190.3964432565855,187.69564243220248,187.8147905079295,15952500
2024-07-11,184.2600860595703,189.51273777959946,183.77353946919203,188.50987272919218,25625800
2024-07-12,183.7635955810547,185.78918852634615,183.18768799095292,183.77351953652854,22898400
2024-07-15,185.21328735351562,186.91122316515236,183.61465170436622,183.61465170436622,16474000
2024-07-16,182.62171936035156,187.34811338839907,182.0755987428797,186.03743905754484,18290700
2024-07-17,179.74220275878906,182.2543425380115,178.63009842037727,181.6784348799773,20734100
2024-07-18,176.43569946289062,181.21174353968178,175.22431015700485,180.64575986268414,25315700
2024-07-19,176.40591430664062,179.01733902058587,175.87965675110726,177.61730362532302,18881900
2024-07-22,180.38760375976562,181.41033185766577,178.9577661837674,179.31522557776697,24100300
2024-07-23,180.50674438476562,182.31390434397233,180.258509125605,180.76491875098247,36352700
2024-07-24,171.41139221191406,174.94625938754677,170.6071125080407,172.37454609585706,49585200
2024-07-25,166.0991973876953,172.19585555378663,166.00983631882548,171.3022145629285,44852000
2024-07-26,165.8211669921875,166.90346917641645,162.90191767605657,165.9701020997129,41336900
2024-07-29,168.33331298828125,169.22695396837514,166.8041902743011,167.63825720919937,20293800
2024-07-30,169.08792114257812,170.0212881339037,167.25098932978506,169.03828621199597,18959700
2024-07-31,170.32908630371094,173.01996298271357,168.80988784082692,172.01709806342805,25729100
2024-08-01,169.55459594726562,172.82138024945738,167.68787721137585,169.0482015028782,24531400
2024-08-02,165.48355102539062,167.32048278839775,163.50759297707282,165.26510279286998,29130100
2024-08-05,158.1258544921875,163.26928160754815,153.83634209310054,154.4023257364845,53630700
2024-08-06,157.17262268066406,159.4365420774317,155.30590392172098,158.2052897951303,49004600
2024-08-07,157.81805419921875,161.82952940748444,157.35137068982363,160.11174561926643,25138600
2024-08-08,160.88623046875,162.5345161798724,159.07908571101373,159.37695589283805,25578800
2024-08-09,162.5146484375,162.63379650679866,157.9371899119943,158.88048081312152,28602300
2024-08-12,161.1444091796875,163.73598613275442,160.6975887017958,163.1898806325975,15895300
2024-08-13,163.00120544433594,163.56717396094234,161.81960317762199,162.25649966122157,18551700
2024-08-14,159.2379608154297,162.0678490367502,156.59674898008666,161.25363005478357,40591100
2024-08-15,160.161376953125,160.49897323710096,158.48330433720005,159.3670211694173,31524300
2024-08-16,161.8096923828125,163.89485965448893,159.99260830608642,160.3302046522989,24208600
2024-08-19,165.4934844970703,165.5133475605536,163.1004929084528,164.1132970310061,22416200
2024-08-20,165.99989318847656,167.4495939252533,165.64244892165763,165.72187088023108,18341500
2024-08-21,164.6792755126953,165.67221654044488,163.50759722139043,163.98420467240848,22902000
2024-08-22,162.64373779296875,166.406977492495,162.15719125168386,166.07930514645545,22493300
2024-08-23,164.4508819580078,165.00692648837935,162.67352425192186,163.55724112720742,13955700
2024-08-26,164.98709106445312,166.36727853932712,163.29909428347517,165.20553931092914,14190400
2024-08-27,163.51751708984375,165.26510295168842,163.29908400819048,164.66933228950003,11821900
2024-08-28,161.70045471191406,164.4310425767687,160.38976526426643,163.87498286647468,16407400
2024-08-29,160.63800048828125,164.798425876507,159.11880190681103,163.15014011129165,19699800
2024-08-30,162.22671508789062,162.50473737235887,160.54864227379994,161.472070186267,22123800
2024-09-03,156.24920654296875,160.70751737773818,155.37541355771157,160.57843019098567,38945300
2024-09-04,155.34561157226562,157.8776140734706,154.85908019413716,155.55413584223268,19353800
2024-09-05,156.1300506591797,158.32444181781332,154.87893528354047,155.19668368087028,18688700
2024-09-06,149.85467529296875,156.71590221863735,149.4872919188711,156.1896446256026,37912100
2024-09-09,147.856201171875,152.51926120186218,146.37475041538113,151.63437166613713,39260500
2024-09-10,147.80648803710938,150.4015036061094,147.48831800096144,149.58620426686707,31118800
2024-09-11,150.29214477539062,150.63018908340467,146.67304380954099,149.05925855823048,29607700
2024-09-12,153.80186462402344,153.9311230962661,151.77356859256676,152.91697508053775,29621500
2024-09-13,156.55596923828125,157.47068534964538,154.318887339598,154.53761027887018,29591200
2024-09-16,157.15249633789062,157.34140788058642,155.70088742139382,156.40680246167932,18379800
2024-09-17,158.40530395507812,159.6282379126932,157.4706983462141,158.10702330973243,20715600
2024-09-18,158.89247131347656,159.57851220454893,157.68942685128602,158.9421872798641,23677300
2024-09-19,161.20909118652344,162.8496118323656,160.41368126049775,162.77008449382728,26587700
2024-09-20,162.65077209472656,162.78996770160265,161.1295575441582,162.5612924555598,40896400
2024-09-23,160.92076110839844,164.53986181971814,160.74178667068307,163.40640761812853,24150900
2024-09-24,161.35824584960938,162.2829143760533,159.76744095244402,162.0940027861785,23332100
2024-09-25,160.56283569335938,161.87524922923666,160.37392412147798,160.5429462723237,18869200
2024-09-26,161.79571533203125,163.13797065652983,161.34830194759303,162.70049439754706,20319300
2024-09-27,163.00869750976562,164.7486500925775,161.69628402203105,161.87524329123835,21101300
2024-09-30,164.8977813720703,165.19604679069425,162.32264027889576,162.38230853380156,20413900
2024-10-01,166.03128051757812,168.18882026761747,163.63511319672338,166.7272586351416,28338100
2024-10-02,164.9077606201172,166.5582338236158,163.7842433523693,165.4645431053493,17760200
2024-10-03,164.9077606201172,165.6832812490026,162.97889617400253,163.46608843417303,15073100
2024-10-04,166.10084533691406,167.26412612073125,164.5299148711692,167.09510397311843,19047400
2024-10-07,162.04428100585938,167.5127039344141,161.81560574950586,166.7570727731855,22463100
2024-10-08,163.4362335205078,163.78421492779364,161.93489332497202,162.99875730912473,23072700
2024-10-09,160.9307098388672,163.89359644421285,158.8228863013817,162.5115774919813,31181800
2024-10-10,161.14942932128906,162.13375075790051,159.47906705048007,159.94636978765286,14144100
2024-10-11,162.30276489257812,162.95896398012601,160.31424786941037,161.1991373378728,15344300
2024-10-14,164.01290893554688,165.27560646204375,162.46185274166893,162.70048027253844,19016100
2024-10-15,164.5100555419922,166.71729595706415,163.6848189785555,164.83814757105517,20247200
2024-10-16,164.2117462158203,164.8480710827429,162.7999008914352,163.5853584728,16406000
2024-10-17,161.9945526123047,165.4148047545223,161.82553046438127,164.77847983302945,21453400
2024-10-18,162.48175048828125,163.76435267205474,162.14370618061358,162.25307524146882,19757700
2024-10-21,163.12803649902344,163.5555604691452,161.6863492090046,162.01445640921125,20946500
2024-10-22,164.19187927246094,164.8182671012252,162.0442768634266,162.0442768634266,16568100
2024-10-23,161.8454132080078,164.867967838788,161.00028733207427,163.81404098216163,18280500
2024-10-24,161.78578186035156,162.39228029287776,160.0855927556685,161.89515092756724,22412500
2024-10-25,164.32113647460938,164.63929136354844,162.48175184608664,162.7303165163636,19828900
2024-10-28,165.76278686523438,167.78113051042075,163.00868643055472,167.78113051042075,32138600
2024-10-29,168.705810546875,169.4018037804766,166.1306841303376,166.76700909757434,42169000
2024-10-30,173.45834350585938,180.97493529169347,173.06063100562596,179.64261737988735,68890800
2024-10-31,170.12757873535156,175.8048016523507,170.01820968952273,172.1359852263983,44769000
2024-11-01,170.30654907226562,171.33064938867685,167.91039737420323,169.0935675366594,31796500
2024-11-04,168.26834106445312,169.7497767581588,167.04539198951443,168.95436679599575,21492700
2024-11-05,168.76544189453125,169.55089942789562,167.87060014901851,168.45720901821804,18242100
2024-11-06,175.49659729003906,175.92413641911588,172.50388407123629,172.8021647148181,33695500
2024-11-07,179.7122344970703,180.0403416420051,176.17267645525013,176.3914145518733,25352900
2024-11-08,177.32601928710938,179.86136646447602,177.05756522942787,179.612801825818,22006200
2024-11-11,179.31454467773438,179.513393363608,177.44533365392132,177.55470270682915,17450400
2024-11-12,180.5772705078125,181.44228594240687,178.3600777286625,178.78761688299022,25134900
2024-11-13,177.8529815673828,179.9210412566759,177.51492211643085,179.423911961303,23184000
2024-11-14,174.5719451904297,177.79334885525918,173.3191846841435,177.25644065886235,31007500
2024-11-15,171.4996795654297,173.1402002652983,170.236966835199,172.73255057874763,32504600
2024-11-18,174.2935333251953,174.43272892051993,171.90730361382492,172.4243223269658,20135300
2024-11-19,177.09735107421875,177.8430450835762,172.56353392471485,172.72261895446178,23434900
2024-11-20,174.96961975097656,176.65985629395433,172.7822539205829,176.32181201959514,18997100
2024-11-21,166.6675567626953,173.1302369953593,162.76011297916298,172.90154661772263,59734400
2024-11-22,163.81405639648438,165.5043083073982,162.95899331574788,164.8978098993039,38604600
2024-11-25,166.68743896484375,167.6618232619843,164.65915820880082,165.13639806236714,33135300
2024-11-26,168.14903259277344,168.84502584498395,166.61788081451584,166.6675967855572,20486700
2024-11-27,168.25839233398438,168.5069570042289,167.0553478258637,168.0297170852908,19266500
2024-11-29,167.97999572753906,168.4572356311654,166.20027942100947,167.53258236969043,14257200
2024-12-02,170.5054168701172,171.09202581712017,167.60218350894124,167.80103219947992,23789100
2024-12-03,170.3562774658203,171.68858044714352,169.86910042539293,170.50542536954606,22248700
2024-12-04,173.3688507080078,173.90575879671132,170.07785748297476,170.16733710736509,31615100
2024-12-05,171.64881896972656,175.04918185581036,171.3406012044101,174.35320380974355,21356200
2024-12-06,173.70697021484375,174.0748411342593,170.873326426218,171.0423486100356,21462400
2024-12-09,174.56295776367188,175.44886145410123,172.8508718378986,173.15945800345577,25389600
2024-12-10,184.31788635253906,185.5024126630823,180.21685055142655,182.00857038298057,54813000
2024-12-11,194.50079345703125,194.7098337526011,183.99935507018319,184.45722971599074,67894100
2024-12-12,191.07662963867188,194.28179760891206,190.8277801088796,194.10263323797517,34817500
2024-12-13,188.9464874267578,191.84308455058388,188.76730785856873,190.1309984875668,25143500
2024-12-16,195.75498962402344,198.08421748080238,191.733572884141,191.98242240358925,44934900
2024-12-17,194.52069091796875,200.4930793963414,194.082713332717,196.3422712265007,43504000
2024-12-18,187.5330047607422,196.09343489769404,186.87605352724106,194.3216274116736,34166100
2024-12-19,187.64248657226562,192.1416901461699,187.513095150107,190.748138909751,32265200
2024-12-20,190.52915954589844,192.00234452424112,184.36764269628742,184.92506321844033,63462900
2024-12-23,193.73434448242188,194.20218282242337,189.2749498878787,191.73358450411797,25675000
2024-12-24,195.20751953125,195.20751953125,192.88824016493578,193.94335970742864,10403300
2024-12-26,194.69989013671875,195.84459196860374,193.48550314170072,194.25194880473947,12046600
2024-12-27,191.87294006347656,194.42117206113832,189.77264937982267,194.05286442098586,18891400
2024-12-30,190.3599395751953,191.66390866604786,188.24968525874627,188.9265638700057,14264700
2024-12-31,188.4288787841797,191.07664159206533,187.64250571524292,190.20068633205602,17466900
2025-01-02,188.55825805664062,191.11643850843902,186.63714698089748,189.7726449747486,20370800
2025-01-03,190.90740966796875,192.32088844513342,189.10574139792004,190.48934425629204,18596200
2025-01-06,195.96401977539062,197.30781329054136,192.9579284385956,193.08731986382298,29563600
2025-01-07,194.59039306640625,200.0750314967655,193.70448930563006,196.20293323603758,26487200
2025-01-08,193.05747985839844,195.386708025345,191.49471256621632,191.68384065635297,24864800
2025-01-10,191.15626525878906,195.61566016820694,189.4342306110514,193.40587493046604,26665200
2025-01-13,190.1309814453125,190.3001972959748,186.49778453538255,189.19532001022134,21823700
2025-01-14,188.78720092773438,191.09651654383717,187.44340746260227,190.3599316953501,17174900
2025-01-15,194.6501007080078,195.4563707355863,190.97707930364396,192.20141470890871,21776000
2025-01-16,192.02224731445312,194.58041248274841,191.92270143099617,193.2465827004133,17815400
2025-01-17,195.0980224609375,196.32235783888785,192.85837679493184,195.6255822249555,27735100
2025-01-21,197.1385955810547,201.3590737795005,196.9594160260543,198.15390588987137,29971300
2025-01-22,197.45712280273438,199.5574134711185,196.62099201618707,198.14394994474472,26200600
2025-01-23,197.06890869140625,199.37823954000908,194.30170322912596,197.22817603032425,26951400
2025-01-24,199.28866577148438,199.9754777209976,197.08882922694013,197.18837511510904,23877500
2025-01-27,190.9272918701172,195.97396712425268,189.8522601854155,191.5245367578076,41728900
2025-01-28,194.40126037597656,194.58042475121238,189.80251062684363,191.8629920734772,24157900
2025-01-29,194.51075744628906,195.88439657430914,192.5398581602494,194.66006109436606,18218300
2025-01-30,199.94561767578125,200.47317747002577,196.76034669489817,197.08882990069444,24354700
2025-01-31,203.08114624023438,204.53441911538957,200.87136100783613,201.0704376113212,32001100
2025-02-03,200.303955078125,202.8123625387659,199.17916555521708,199.76644678798675,27838300
2025-02-04,205.43028259277344,206.09719755510824,201.8767037764101,202.4540365472158,43856400
2025-02-05,190.4495391845703,191.86300280413045,187.16472209106553,190.19074112078758,70373900
2025-02-06,190.71829223632812,191.21599131294843,187.85154069465264,188.62795003909466,29297400
2025-02-07,184.48707580566406,190.3001969256679,182.39674895869484,190.17080550398342,49315000
2025-02-10,185.6118927001953,187.33392723255807,185.00469922620795,186.4878479252447,23105600
2025-02-11,184.46719360351562,186.07973375626966,183.43197101543439,184.17851963260873,21239500
2025-02-12,182.76504516601562,184.25814231125668,180.9932377687485,182.37684051579572,22072600
2025-02-13,185.28341674804688,185.42277188580212,182.2972222059454,183.47179995722882,21402500
2025-02-14,184.37759399414062,185.54220800020582,183.4717932262479,184.20837813225802,20448400
2025-02-18,182.92430114746094,185.10422527431422,180.90364435146645,184.74588137416617,29916700
2025-02-19,184.4174041748047,184.6065322377559,182.74512752374517,183.22292953180167,19549400
2025-02-20,183.710693359375,184.4572420256199,181.87916427677797,183.9495944004591,20441500
2025-02-21,178.83323669433594,184.48709094071828,178.255903940123,184.29796286054517,35199200
2025-02-24,178.42510986328125,182.27729565940143,178.06676593885823,181.15250613186586,29854200
2025-02-25,174.61273193359375,177.91746089820734,173.88609557732903,177.22067008112575,41913400
2025-02-26,171.93511962890625,175.26970953461128,170.79041782229913,174.26436286262216,35431300
2025-02-27,167.72457885742188,173.75668887755327,167.1671583548918,173.18931986196714,39991000
2025-02-28,169.49636840820312,169.8248515673105,166.00252693353565,167.90372554984629,48130600
2025-03-03,166.24143981933594,172.57217267061702,165.1664079930538,171.13879690224084,40770500
2025-03-04,170.13345336914062,172.49254217135646,165.03701959982106,165.47499722472898,45388000
2025-03-05,172.22378540039062,172.98028249678805,168.2820021982634,169.73529012314535,30954900
2025-03-06,171.55686950683594,174.0055403400316,169.71537693678601,169.7452376648565,28302000
2025-03-07,173.05992126464844,174.1648138078256,169.48644558654738,170.4718800246714,27385800
2025-03-10,165.2968292236328,167.87789100205225,163.12436954047675,167.6785699397653,43604000
2025-03-11,163.47315979003906,166.17380218640486,160.81238769070245,164.34016388069963,39587400
2025-03-12,166.5325469970703,167.06071434970798,162.96491596959018,166.00437964443265,28372400
2025-03-13,162.19760131835938,165.55596711984276,161.5498533800482,165.4662665449778,31756200
2025-03-14,164.91815185546875,165.91469633780176,161.88864811378173,162.70582188820455,31995900
2025-03-17,163.7222900390625,165.72535422603255,163.10443731189008,164.45973844695973,31184300
2025-03-18,160.11480712890625,163.68243835584954,156.17845929337233,163.11440067725707,42074800
2025-03-19,163.32369995117188,165.29685407475176,160.44368655845827,161.20105500840197,34275600
2025-03-20,162.23744201660156,164.3202162999389,160.40380384962694,161.01169658179438,28138500
2025-03-21,163.42333984375,163.67247597151626,160.33404577702316,160.65294731947398,36625800
2025-03-24,167.1005859375,167.7383890591239,164.56936942432435,166.492708348571,30879100
2025-03-25,169.9706268310547,170.04039224469534,167.7383768915496,168.3960847024039,24174400
2025-03-26,164.48963928222656,169.0239199788623,164.27039826701778,168.41602720143118,28901600
2025-03-27,161.6793975830078,164.84840203770966,161.44022141043914,164.06113851285755,24508300
2025-03-28,153.79672241210938,161.26084657481337,153.0991442674789,159.9354404969839,48669300
2025-03-31,154.1056365966797,155.0025205393741,150.13939385440554,152.58092477046202,54603500
2025-04-01,156.52725219726562,157.55369181763876,153.0891615011919,153.0891615011919,30672900
2025-04-02,156.49734497070312,157.86262130532444,154.1654344397735,154.61387643325034,25041700
2025-04-03,150.19918823242188,152.25206746912303,149.87032672274708,150.58783997911712,46883400
2025-04-04,145.09689331054688,150.54799324363788,144.8776522919314,147.49855413182192,62259500
2025-04-07,146.24290466308594,152.3218321659185,140.04439668677543,141.06087632952463,76794100
2025-04-08,144.19998168945312,151.7139355045659,142.5357542501846,150.69745588802078,52200200
2025-04-09,158.1615753173828,158.9986690004619,143.41271451247957,143.92094670447867,70406200
2025-04-10,152.2919464111328,157.17500865516934,149.41191804525613,155.99907817143998,48022000
2025-04-11,156.5970001220703,157.1251674838408,152.29193584419684,152.37164602184413,33636200
2025-04-14,158.5203399658203,161.16117679260088,157.0155480479404,159.44711904636745,30333000
2025-04-15,155.76988220214844,159.09833747842598,154.6736922783896,158.58014524074957,27551500
2025-04-16,152.80018615722656,155.35133791385522,150.98646767664792,152.5709851557027,28187400
2025-04-17,150.63768005371094,154.14550597318726,147.98686786207978,153.75685420118594,33046600
2025-04-21,147.15972900390625,148.43530478654532,145.59516199807078,148.36555457655837,26049100
2025-04-22,150.9465789794922,151.66409215206974,148.0266960287967,148.37549264543264,26971800
2025-04-23,154.81320190429688,156.98566172409713,153.27851478210604,155.07229801307963,31128800
2025-04-24,158.7296142578125,159.03854063446718,155.2516683139833,155.6104249592094,45894000
2025-04-25,161.4003448486328,165.52603823874784,160.48351057877483,164.49959867786362,56034000
2025-04-28,160.05502319335938,162.5862396977989,158.0519740918863,161.86872639451175,29745800
2025-04-29,159.60658264160156,160.18458031932272,156.97570557414937,159.76603342291708,26809000
2025-04-30,158.2512664794922,158.7196436016194,154.86300612354924,157.43409270690867,34981100
2025-05-01,160.7426300048828,161.39037784388623,158.36088927125815,159.8955611021286,30203200
2025-05-02,163.46319580078125,164.39995007912242,161.3106559960053,162.84534306658284,25715000
2025-05-05,163.64259338378906,164.81850869798296,162.15773647441492,162.4367677423953,21341800
2025-05-06,162.66595458984375,164.23053675483612,160.63301049910467,161.6096198520829,21277200
2025-05-07,150.85691833496094,164.42985019413678,147.32914212449143,163.5130310359637,127490100
2025-05-08,153.74688720703125,155.39117958130052,152.37165090458322,154.46440047734652,57498700
2025-05-09,152.22219848632812,154.51425427070677,151.67409587609725,153.63729009433737,32435300
2025-05-12,157.91246032714844,158.5502482480448,155.7100901217978,156.94581087118723,44138800
2025-05-13,158.97872924804688,160.01514395464716,155.6203794367127,158.24128090704517,42382100
2025-05-14,164.79855346679688,166.4229258122212,159.0584628171564,159.40725946266062,48755900
2025-05-15,163.3934326171875,165.63565760093152,161.80891540540173,165.26692581903856,33146700
2025-05-16,165.61573791503906,168.76482228008075,165.04770023388704,167.1504098009548,42846900
2025-05-19,165.9645233154297,166.06418385324469,163.6525478575402,163.94153908750272,30426100
2025-05-20,163.41336059570312,167.91774593119885,162.337090725838,165.8548915457752,46607700
2025-05-21,167.97755432128906,172.54173038625467,162.99483135159699,163.12438701474937,73416000
2025-05-22,170.27955627441406,176.15917803179707,170.12012070875053,171.25618084668935,74864400
2025-05-23,167.8878631591797,169.37272002705043,167.30986548992928,168.47582079984258,35211400
2025-05-27,172.30255126953125,172.5716225630013,169.4125780788469,169.57202886061165,37995700
2025-05-28,171.76441955566406,174.66436785084326,171.31597754856884,172.56165823831284,34784000
2025-05-29,171.26614379882812,173.81729536660228,170.04039828273065,173.39874848808273,29317300
2025-05-30,171.1465606689453,171.61493780799663,166.86141620850907,170.75790891590938,52639900
2025-06-02,168.4459228515625,169.28301661805224,166.81159040962694,167.26003241267054,38612300
2025-06-03,165.60577392578125,167.89782954141205,164.708889870391,166.91126012169556,45084900
2025-06-04,167.46929931640625,167.6387100496484,165.78513674832732,166.16382850855194,26900800
2025-06-05,167.62876892089844,170.33935616350743,167.01090094696792,169.75139851627495,36379100
2025-06-06,173.079833984375,173.89700773798458,170.23969140570108,170.23969140570108,35731800
2025-06-09,175.69395446777344,176.07310468622353,173.97782168090652,174.14743750903665,28935900
2025-06-10,178.1983184814453,180.70266778284787,174.51661519040564,175.8037071645682,61766100
2025-06-11,176.9511260986328,179.96432281914957,176.3524694759701,179.3656814209572,31646800
2025-06-12,175.30484008789062,176.32255032681226,174.3569797237004,175.78375628436552,20941900
2025-06-13,174.2771453857422,176.7316192634362,172.00227458420645,172.05216517338764,27663100
2025-06-16,176.3724365234375,176.5420523549515,174.25719419482596,174.33701609632743,27389200
2025-06-17,175.55426025390625,176.96109261622635,174.18734645157147,175.30482253964252,24973000
2025-06-18,172.93020629882812,176.16290971424257,172.81046582918458,175.6141436330853,28707500
2025-06-20,166.26522827148438,173.94790803011588,165.08788938336605,173.55878574385125,75659900
2025-06-23,164.8184814453125,166.9636398925432,161.63565348702906,165.8960542954959,57671000
2025-06-24,166.39492797851562,167.84166379185558,165.756367987998,166.54458452923419,40524300
2025-06-25,170.29612731933594,171.97235685648238,167.17317715297744,167.25299905707695,35479000
2025-06-26,173.14968872070312,173.29936049404486,169.55779452756443,172.04218458564608,31796700
2025-06-27,178.1284637451172,178.27812028762878,171.34375470263782,173.14968136313868,108140200
2025-06-30,175.83364868164062,180.82240351749414,174.1873656755976,180.3734186271616,63378900
2025-07-01,175.4445343017578,175.6939720547657,173.13973189988045,175.344768335238,35904500
2025-07-02,178.23822021484375,178.4577266308603,174.67625741761273,175.14518633422566,29128900
2025-07-03,179.126220703125,179.265905222364,176.65180269468908,178.09853847776557,21689700
2025-07-07,176.3923797607422,178.89674433224096,175.28487562232132,178.65727862884938,34175600
2025-07-08,173.9678497314453,177.54977185383785,172.42133277200756,177.4500058972594,40442500
2025-07-09,176.2227783203125,179.03644347316074,172.3814460707259,174.85586430994886,43025600
2025-07-10,177.2205047607422,178.02868052999747,173.98780168372105,175.2349902719471,29252400
2025-07-11,179.7847442626953,181.0219456842772,176.08308157759498,176.39238193299045,34282900
2025-07-14,181.1516571044922,183.2569121837853,179.27588047712075,180.60289104600895,32536600
2025-07-15,181.59068298339844,183.8056914333515,181.19158867102598,182.39885886185957,33448300
2025-07-16,182.55848693847656,183.91542879782378,181.62059863833602,182.82788394956327,33104200
2025-07-17,183.16712951660156,183.64604573142148,180.07409534184728,181.73036564766983,31992600
2025-07-18,184.64378356933594,186.00072543502688,183.2968289565469,184.98301522964096,34014500
2025-07-21,189.67245483398438,189.86201471908177,185.73132654425748,185.83110772544197,45803100
2025-07-22,190.90966796875,191.21896833519165,187.03840453704987,191.0693117786785,44660200
2025-07-23,189.80215454101562,192.09698471753413,188.7545130229886,191.06930248089483,58681900
2025-07-24,191.73780822753906,197.50480780114538,190.57044138213487,196.58687870624138,74881700
2025-07-25,192.74551391601562,193.8929365997576,190.82983399147875,191.54821586623893,39785900
2025-07-28,192.14688110351562,193.61357622809174,190.41078895772904,193.2144667106556,38139500
2025-07-29,195.3097381591797,195.47935398479527,191.64799419278697,191.9971978721824,41389200
2025-07-30,196.08799743652344,197.155598285003,194.2521393007246,195.1600963397073,32445400
2025-07-31,191.46839904785156,195.54921195775628,190.66022322341527,195.26984291287636,51329200
2025-08-01,188.70465087890625,190.40082452841267,187.39759950913643,188.60486968944682,34832200
2025-08-04,194.60133361816406,194.830827292421,189.69240089649873,189.86201672672937,31547400
2025-08-05,194.232177734375,197.4150057356091,193.45393320281906,194.2720962985156,31602300
2025-08-06,195.64898681640625,196.18778087351924,193.23443126184418,194.0625664055758,21562900
2025-08-07,196.07801818847656,197.09571318148866,193.8929412029117,196.6167969951023,26321800
2025-08-08,200.9669952392578,202.15432130991044,196.72655368662487,196.7764442791972,39161800
2025-08-11,200.54794311523438,201.02685931355308,198.62229106869012,200.48808049350347,25832400
2025-08-12,202.88267517089844,204.04006993048975,200.1388600495838,200.91710457512625,30397900
2025-08-13,201.5057830810547,204.06999503609887,197.06577929471834,203.6709007567403,28342900
2025-08-14,202.48358154296875,203.98020797768137,200.77742070862897,201.0468177297292,25230400
2025-08-15,203.44142150878906,205.97571755828142,200.82731877734264,203.39154613868575,34931400
2025-08-18,203.0423126220703,204.80833601681928,202.0345896716843,203.74073522255918,18526600
2025-08-19,201.11666870117188,202.98245812812408,199.51028904350812,202.57337657986534,24240200
2025-08-20,198.87173461914062,200.8273180336849,196.15785070859312,200.278551944333,28955500
2025-08-21,199.3007354736328,202.02459107482636,198.98144788878304,199.3007354736328,19774600
2025-08-22,205.62648010253906,208.07096677186306,200.84725997228378,202.27403645691825,42827000
2025-08-25,208.02110290527344,210.04653613391585,204.81831562838462,205.96572314134983,29928900
2025-08-26,206.67413330078125,207.38254318133843,205.23736948208096,207.0432962842493,28464100
2025-08-27,207.01336669921875,208.4401585010209,205.18748059977113,205.2373711930947,23022900
2025-08-28,211.1640167236328,211.742714118765,206.43467159929352,206.78389053195886,32339300
2025-08-29,212.43116760253906,214.16724458693432,209.72725571237183,210.0365560843286,39728400
2025-09-02,210.87466430664062,211.20390871469678,205.73623790289355,207.97120545801465,47523000
2025-09-03,230.14122009277344,230.78975207064033,224.28441211377313,225.7012317514145,103336100
2025-09-04,231.77755737304688,231.847392025426,225.60147632632095,229.1335081222656,51684200
2025-09-05,234.47146606445312,235.22975128240526,231.37843212445287,231.677760445174,46588900
2025-09-08,233.72247314453125,237.8069358559837,233.3529799966882,235.15054099905157,32474700
2025-09-09,239.30491638183594,240.14377315813266,232.91358965088386,233.85231685973005,38061000
2025-09-10,238.84552001953125,241.33214736167037,237.5273187664355,238.5758820575914,35141100
2025-09-11,240.0438995361328,241.9213539288796,235.92949376965038,239.55457404217233,30599300
2025-09-12,240.4733123779297,241.75157459718335,237.67710805902945,240.04388783032,26771600
2025-09-15,251.26864624023438,252.06756394348793,244.32807821701437,244.32807821701437,58383800
2025-09-16,250.8192596435547,252.696698721273,249.13154999644232,251.73800966841424,34109700
2025-09-17,249.19146728515625,251.25866627901078,245.94587648389523,250.87917693990602,34108000
2025-09-18,251.68807983398438,253.64542748570952,249.46110945180462,251.338548569648,31239500
2025-09-19,254.3744354248047,255.65269769422878,251.4683796180924,252.90642848071656,55571400
2025-09-22,252.18739318847656,255.4329839373953,249.96042287972912,254.0848093772248,32290500
2025-09-23,251.31858825683594,254.01492224497756,250.1401811840686,252.69670571321294,26628000
2025-09-24,246.80470275878906,252.00764101873446,246.10565550148698,251.31857470864836,28201000
2025-09-25,245.45654296875,246.1556055061487,240.41340622781078,244.06842931794486,31020400
2025-09-26,246.2055206298828,249.08161830530747,245.63630185383965,246.73481561544992,18503200
2025-09-29,243.71890258789062,250.80926093832198,242.4406403715287,247.51375020937843,32505800
2025-09-30,242.77020263671875,242.9599320717839,238.92541967317948,242.48058753408858,34724300
2025-10-01,244.5677490234375,245.96585884887978,238.2862890899911,240.42338523813993,31658200
2025-10-02,245.35667419433594,246.47514981131818,241.97127402542458,244.81739828037135,25483300
2025-10-03,245.01715087890625,245.96585900937905,241.3321544964398,244.15831699237452,30249600
2025-10-06,250.09024047851562,250.97904766602093,244.24818617214953,244.44791178946252,28894700
2025-10-07,245.42657470703125,250.1002333278666,245.18691006468788,247.93317917084852,23181300
2025-10-08,244.2881317138672,245.67624536262252,243.48922922331397,244.62768203424937,21307100
2025-10-09,241.2023162841797,244.42792989328805,238.82554034163272,244.13833003954065,27892100
2025-10-10,236.2490692138672,243.75885638035138,235.5200485827795,241.10246136059908,33180300
2025-10-13,243.81875610351562,244.16828735447277,239.38479264234815,239.88411429337978,24995000
2025-10-14,245.1169891357422,246.78472157869837,240.1836889124138,240.9027132904423,22111600
2025-10-15,250.68942260742188,251.7679591837619,245.65626715592245,246.91455220927548,27007700
2025-10-16,251.1188507080078,256.6113736152233,249.76069521164578,251.42842769264908,27997200
2025-10-17,252.9563446044922,253.87509458891947,247.4737875390444,250.4197821526697,29671600
2025-10-20,256.2019348144531,256.98087539491434,253.88509020638818,254.3444728441902,22350200
2025-10-21,250.12020874023438,254.53421031738455,243.81875668908756,254.39440086428343,47312100
2025-10-22,251.34854125976562,256.01218852739623,248.95178813355238,254.02489806023604,35029400
2025-10-23,252.73666381835938,254.69399627404513,251.50833675008087,252.63679338694976,19901400
2025-10-24,259.5673828125,261.32497431611404,254.9736174865258,256.23188733462473,28655100
2025-10-27,268.9046630859375,269.7735083332291,263.92144290721717,264.4607188078389,35235200
2025-10-28,267.1071472167969,270.3627344019799,266.1384619149823,269.3241367489819,29738600
2025-10-29,274.197509765625,274.96645416764926,267.3068768000952,267.38675485794886,43580300
2025-10-30,281.09814453125,291.1944142933695,279.6800575475708,291.1944142933695,74876000
2025-10-31,280.8085021972656,285.6119738650845,276.6541425566326,282.82575062167336,39267900
2025-11-03,283.3350830078125,285.14262497278366,279.42038779718166,281.797163766903,29786000
2025-11-04,277.1634521484375,280.88837191256465,275.8851900258856,276.374515458966,30078400
2025-11-05,283.92425537109375,286.0314084420774,276.96371081227676,278.49163374098424,31010300
2025-11-06,284.3636779785156,287.9587999323025,280.7585903155872,284.9428776795432,37173600
2025-11-07,278.45172119140625,283.3950181298404,274.8166751233446,282.8257840870045,34479600
2025-11-10,289.7064208984375,290.40545290698407,282.47622284552773,284.03413439651047,29557300
2025-11-11,290.914794921875,291.52398321941854,286.9302176656824,287.35962699643375,19842100
2025-11-12,286.3210144042969,291.613842224268,283.30512258449664,291.2842728658537,24829900
2025-11-13,278.19207763671875,282.45627365196606,276.8638649512614,281.9569519907634,29494000
2025-11-14,276.0350036621094,278.1820807042813,270.3327588398133,271.04178706348836,31647200
2025-11-17,284.63330078125,293.55120856159544,283.1852862901624,285.392279437324,52670200
2025-11-18,283.8943176269531,288.4081743957296,277.8225797399186,287.52939388700526,49158700
2025-11-19,292.4127502441406,303.39782684502376,286.2411417953812,286.77042153983126,68198900
2025-11-20,289.05731201171875,306.0042898345543,288.2783714658303,304.1268355762142,62025200
2025-11-21,299.25347900390625,303.50770955644725,293.4513634023398,296.0178842040454,74137700
2025-11-24,318.14776611328125,319.0465694557707,309.17996886834777,310.70789188393536,85165100
2025-11-25,323.0011901855469,328.3838617048627,317.2190369667809,325.767421144808,88632100
2025-11-26,319.5159606933594,324.0597758686898,316.36024396458464,320.2449508538883,51373400
2025-11-28,319.7456359863281,326.40660086319315,316.36025071335513,322.9313108653273,26018600
2025-12-01,314.46282958984375,319.41609223758667,313.464186206563,317.2690150587685,41183000
2025-12-02,315.38153076171875,317.948051296999,313.4841146313127,316.3102616947243,35854700
2025-12-03,319.19635009765625,321.1436861691208,313.6738540884245,315.4614340573081,41838300
2025-12-04,317.1890869140625,321.92264650582644,314.27306548179905,321.7928484740126,31240900
2025-12-05,320.8341064453125,322.72155681925386,318.73697999805336,319.05652267664885,28851700
2025-12-08,313.49932861328125,320.21460294317257,311.0010871288888,319.82486263347363,33909400
2025-12-09,316.85693359375,317.7662971049956,311.6805848338384,312.15025542764414,30194000
2025-12-10,319.9847412109375,321.0839735202244,314.45863248382005,315.6078174223929,33428900
2025-12-11,312.210205078125,320.8940942947929,308.3829128168011,319.85481737290655,42353700
2025-12-12,309.07244873046875,314.6485102459599,305.34506149685063,313.47935032153816,35940200
2025-12-15,308.003173828125,311.2009348824072,304.66552711937686,311.1009991314403,29151900
2025-12-16,306.3543395996094,310.5513666605185,302.37712849550337,304.7354841263937,30585000
2025-12-17,296.5112609863281,307.87325739956634,295.9116769824828,307.7933270972379,43930400
2025-12-18,302.2472229003906,303.7461677101471,299.0195145942255,301.50775321966603,33518000
2025-12-19,306.9439392089844,307.03387224107576,300.7582909786616,301.5177661333593,59943200
2025-12-22,309.56207275390625,309.9118326328777,305.0852133945127,309.66200850448513,26429900
2025-12-23,314.1288757324219,314.7184570357758,309.1024153195162,309.41219480947996,25478700
2025-12-24,313.8690490722656,314.8583428959372,311.70059264113144,314.5485634057752,10097400
2025-12-26,313.2894592285156,314.86833429915043,312.0603135401851,314.25877806497726,10899000
2025-12-29,313.33941650390625,313.79908436732376,310.4014822754237,311.15095467052413,19621800
2025-12-30,313.6292419433594,316.72706748217655,312.24020504037514,312.28018544302313,17380900
2025-12-31,312.7798156738281,314.3586907819443,311.22091551782626,312.62992729269524,16377700
2026-01-02,314.9283142089844,322.2731502440002,310.11169732658084,316.67708324131615,32009400
2026-01-05,316.3173522949219,318.79558832967825,314.4086921415047,317.4365596004392,30195600
2026-01-06,314.1188659667969,320.71422913013345,311.5606693028291,316.17741436833177,31212100
2026-01-07,321.7535095214844,325.9205589972494,313.96898096999803,314.13884430323384,35104400
2026-01-08,325.2110595703125,330.0876314322289,321.2738288701313,328.7385750407063,31896100
2026-01-09,328.3388671875,330.5972566011106,325.5707962902668,326.8598973489763,26214200
2026-01-12,331.62652587890625,333.80501545240315,324.77136644379436,325.57079145505844,33923900
2026-01-13,335.7336730957031,340.25048265726696,333.38532003422745,334.7144015630273,33517600
2026-01-14,335.603759765625,336.2832741209541,330.2475447349911,334.8243096530742,28525600
2026-01-15,332.5458984375,337.4524480652932,330.507324974913,337.4124676651339,28442400
2026-01-16,329.7678527832031,334.4145755186536,327.46948297740045,334.1747541117482,40341600
2026-01-20,321.77349853515625,327.49947891315526,320.20459558658575,320.6442885211675,35361000
2026-01-21,328.1490173339844,332.24613943011235,319.12537039479025,320.6942733516965,35386600
2026-01-22,330.3074951171875,334.9142376434696,328.5187457270175,334.2147483456718,26253600
2026-01-23,327.6993103027344,333.45526818914374,327.21966747627397,332.25610013077164,27280000
2026-01-26,333.02557373046875,335.60374537803585,326.7699676491338,327.5793954045391,26042100
2026-01-27,334.31463623046875,337.6722883721735,333.2454121385867,335.1340666902067,21636200
2026-01-28,335.7736511230469,337.30257365930305,331.7065067534381,335.82360375323316,27434400
2026-01-29,338.0120544433594,342.0492210013424,326.3103005061971,340.06060015063264,39785600
2026-01-30,337.7622375488281,339.76083067041884,332.0562627255977,339.76083067041884,31024000
2026-02-02,343.4482421875,344.5874244246442,335.3939142353609,335.983495554882,32006100
2026-02-03,339.47100830078125,348.7544814019383,337.2325938809106,347.09564553860224,36506700
2026-02-04,332.80572509765625,343.0684894885568,328.2888852617291,342.7187296036167,70618400
2026-02-05,331.0169677734375,332.45595718246585,306.24439883874277,312.0003564748562,88205800
2026-02-06,322.63287353515625,330.147603202773,319.694969697787,326.94984200428365,56380500
2026-02-09,324.09185791015625,327.4694850607409,317.03682684844796,320.70422803551696,39640100
2026-02-10,318.3558654785156,321.4437184993816,314.38865715458337,320.7441987510988,39170000
2026-02-11,310.7412414550781,320.8341425405983,309.44216816023624,318.7456164455411,45406400
2026-02-12,308.7826232910156,316.0175203045161,306.9839017615506,311.87044586439265,47761300
2026-02-13,305.50494384765625,308.41290048065196,303.4963480144474,307.5135396808651,38499700
2026-02-17,301.8075256347656,304.22583664461854,296.04159566157676,299.82893803190484,39247600
2026-02-18,303.1166076660156,305.1651838815364,301.0380842700908,301.87748970860525,28482100
2026-02-19,302.636962890625,305.25511494304027,299.828942056139,301.6076886754516,25834400
2026-02-20,314.7584228515625,316.2773425544253,303.68620054308417,304.1059184917761,53210800
2026-02-23,311.2708740234375,319.29522413676915,309.65201848441603,318.82555353627805,31423000
2026-02-24,310.6813049316406,312.05033638585,305.71479964031533,310.3015673465962,25615600
2026-02-25,312.67987060546875,313.4193707572093,309.22231323387047,311.84046520002283,29963600
2026-02-26,307.1637878417969,312.9197459051382,302.1373272609355,312.42009761480955,36431200
2026-02-27,311.54071044921875,312.1502667227519,303.5862877430576,303.92607541564644,44640600
2026-03-02,306.3043518066406,308.27296712894787,301.088022863519,303.0166882830762,34790200
2026-03-03,303.3664245605469,303.72618716624237,296.5012623376298,298.37994467731505,35497000
2026-03-04,302.9167785644531,305.2551289128473,300.5384478137644,302.6769571429086,29536200
2026-03-05,300.6683349609375,303.08661540637286,297.78035344585857,302.82681905445145,35752300
2026-03-06,298.30999755859375,300.31859339921897,294.97235071392555,295.88171424137005,25576900
2026-03-09,306.3599853515625,306.79998779296875,294.0799865722656,294.3599853515625,29312100
2026-03-10,307.0400085449219,309.510009765625,305.57000732421875,306.1700134277344,23239700
2026-03-11,308.70001220703125,311.4200134277344,305.9200134277344,306.75,24125700
2026-03-12,303.54998779296875,308.94000244140625,301.0299987792969,306.82000732421875,24928300
2026-03-13,302.2799987792969,307.69000244140625,300.44000244140625,307.010009765625,23693100
2026-03-16,305.55999755859375,306.489990234375,303.0199890136719,304.3500061035156,23519700
2026-03-17,310.9200134277344,311.4200134277344,305.5,305.8599853515625,21955200
2026-03-18,307.69000244140625,312.4700012207031,306.92999267578125,309.2699890136719,20009800
2026-03-19,307.1300048828125,308.05999755859375,302.3500061035156,304.010009765625,25075800
2026-03-20,301.0,306.0,298.2699890136719,305.4599914550781,44364100
2026-03-23,302.05999755859375,305.9800109863281,300.92999267578125,302.1099853515625,29326900
2026-03-24,290.44000244140625,299.9200134277344,290.3299865722656,299.20001220703125,36864300
2026-03-25,290.92999267578125,296.0,289.239990234375,293.44000244140625,29460700
2026-03-26,280.9200134277344,287.95001220703125,278.5,287.9100036621094,39080600
2026-03-27,274.3399963378906,279.3699951171875,273.95001220703125,277.2799987792969,35890600
2026-03-30,273.5,277.0899963378906,272.1099853515625,276.4200134277344,35141200
2026-03-31,287.55999755859375,288.0799865722656,277.0899963378906,278.0400085449219,43875400
2026-04-01,297.3900146484375,300.5199890136719,290.4100036621094,290.8399963378906,37684500
2026-04-02,295.7699890136719,298.0799865722656,289.45001220703125,290.69000244140625,21666500
2026-04-06,299.989990234375,300.6199951171875,295.17999267578125,295.8699951171875,16945500
2026-04-07,305.4599914550781,305.6300048828125,297.7200012207031,302.7300109863281,23205400
2026-04-08,317.32000732421875,322.0799865722656,315.0199890136719,320.45001220703125,33547100
2026-04-09,318.489990234375,319.5400085449219,311.05999755859375,315.9100036621094,23739200
2026-04-10,317.239990234375,321.8299865722656,316.32000732421875,320.0199890136719,19152600
2026-04-13,321.30999755859375,321.6300048828125,315.4700012207031,317.1400146484375,18866400
2026-04-14,332.9100036621094,333.2900085449219,323.75,324.7900085449219,27721400
2026-04-15,337.1199951171875,337.4800109863281,330.8999938964844,332.8900146484375,24918800
2026-04-16,336.0199890136719,339.8800048828125,334.5199890136719,338.75,20541500
2026-04-17,341.67999267578125,342.32000732421875,336.239990234375,337.6499938964844,25581900
2026-04-20,337.4200134277344,341.3999938964844,336.6099853515625,340.760009765625,18784200
2026-04-21,332.2900085449219,339.3399963378906,331.3500061035156,337.69000244140625,23123800
2026-04-22,339.32000732421875,339.82000732421875,335.1700134277344,337.0199890136719,20293000
2026-04-23,338.8900146484375,341.9599914550781,336.17999267578125,341.17999267578125,18650300
2026-04-24,344.3999938964844,345.2699890136719,335.3900146484375,338.7300109863281,26426100
2026-04-27,350.3399963378906,353.17999267578125,342.7300109863281,345.9800109863281,28576900
2026-04-28,349.7799987792969,352.4200134277344,346.1199951171875,348.54998779296875,27824100
2026-04-29,349.94000244140625,355.7900085449219,344.2099914550781,347.57000732421875,35376300
2026-04-30,384.79998779296875,385.8399963378906,365.82000732421875,374.07000732421875,72040000
2026-05-01,385.69000244140625,386.760009765625,379.04998779296875,381.6300048828125,30075200
2026-05-04,383.25,387.3800048828125,379.79998779296875,385.6300048828125,26096271
