Date,Close,High,Low,Open,Volume
2020-01-02,208.14657592773438,208.15649261372965,204.66391150608143,205.1401698134919,12077100
2020-01-03,207.04522705078125,208.76175248015903,205.3386183078235,205.59660355453667,11188400
2020-01-06,210.9446258544922,211.12321704244698,204.91196510836792,205.09055629632272,17058900
2020-01-07,211.4010467529297,212.9092158036629,210.10124923906582,211.16292515648405,14912400
2020-01-08,213.54421997070312,214.55628211870993,210.95454177490646,211.34150448738282,13475000
2020-01-09,216.60025024414062,216.67962915565775,214.59597436327618,215.84615815471753,12642800
2020-01-10,216.3621063232422,218.16794243532362,215.72709019217615,217.4932292798279,12119400
2020-01-13,220.18214416503906,220.24167456420014,217.50317022293493,217.8901329574613,14463400
2020-01-14,217.3542938232422,220.64845001554536,216.92764927181693,219.8844413569729,13288900
2020-01-15,219.42803955078125,219.95391156667583,218.42590922878898,218.8922508489187,10036500
2020-01-16,220.04324340820312,220.89654782263736,218.67398361434863,220.83701742116196,10015300
2020-01-17,220.4103240966797,220.55915007771634,218.81285962698286,220.30117999726025,15905900
2020-01-21,219.71578979492188,220.63854120844226,217.41384689413272,220.4301848234441,14275800
2020-01-22,219.5967254638672,221.01558367210345,219.55702844071217,220.5790072572682,12212800
2020-01-23,218.04885864257812,219.7653990977893,217.56268366067917,219.03115557209316,11195000
2020-01-24,216.24302673339844,220.05312318860922,214.4272740930298,219.0807581343057,11905800
2020-01-27,213.19692993164062,214.3776665299758,210.84538856048835,211.440722772415,13810700
2020-01-28,216.0941925048828,217.03680753347362,211.85745134891118,214.45704612676462,13413800
2020-01-29,221.49183654785156,222.454284946092,216.74905677548094,219.71578087459076,33181300
2020-01-30,207.89849853515625,209.78369817533346,203.15571910020552,204.92185796225945,48775500
2020-01-31,200.33786010742188,207.0650673895748,199.49447245565628,206.8070821530458,31359900
2020-02-03,202.60011291503906,203.54271287919764,200.92326938028347,201.85595265807504,15495600
2020-02-04,208.1961669921875,208.96017565012505,203.6022134996226,205.01115489661296,19628900
2020-02-05,208.4739990234375,211.07359379720026,207.08490604661267,210.85530559513091,12538200
2020-02-06,209.208251953125,209.54560095697394,207.7099996678324,208.83120592530642,10567500
2020-02-07,210.6767120361328,211.16290214252007,208.295390351353,208.66251967249352,12242500
2020-02-10,211.4010467529297,212.13529033525572,209.01973994859674,209.8730443291456,11856400
2020-02-11,205.5767364501953,209.21815851429,204.90202333517067,208.55337722476645,25030800
2020-02-12,209.1189422607422,209.57536719879477,205.7851038096818,206.2316120616819,13813700
2020-02-13,211.4804229736328,212.66115967424702,207.55125014251132,207.88861429981483,15396600
2020-02-14,212.51229858398438,213.25645877349032,210.99421300859052,212.3337074056923,10741700
2020-02-18,216.10414123535156,216.28273242948998,211.7383919855589,211.8872331206534,15609200
2020-02-19,215.79652404785156,216.62006308675507,214.42726454461726,216.29263080815656,12135100
2020-02-20,212.90921020507812,217.06658788680414,211.2918970851758,214.83410713895424,13109200
2020-02-21,208.54345703125,212.5718571551109,207.20397769196722,211.81776509390582,14092300
2020-02-24,199.1571044921875,202.06428291956448,196.62695691772672,200.2286969404289,23080100
2020-02-25,195.23788452148438,201.91547815950642,194.4242620597452,200.6752110946446,21433500
2020-02-26,195.66453552246094,199.6433220862228,193.96785860064,195.65461883601014,16524500
2020-02-27,188.2725372314453,194.3548116584717,188.02448382270822,190.32642672297806,21682600
2020-02-28,190.9713592529297,191.23926117317146,180.4042901120362,181.27742781433986,32568900
2020-03-02,194.91043090820312,195.03942351365126,187.37953374660688,192.51919263476543,24949000
2020-03-03,184.44261169433594,195.70424370978932,182.5375631285639,194.69218145485473,27984100
2020-03-04,190.26686096191406,190.3363231761663,184.9386791534209,187.69703155416585,23062500
2020-03-05,183.72817993164062,187.51844293290662,182.45814780786012,185.32564434139258,19333400
2020-03-06,179.67994689941406,182.34900375294296,174.8875536690963,176.94144297065125,24559600
2020-03-09,168.18019104003906,173.6373653805713,163.903753206491,168.2794184476758,29949000
2020-03-10,176.8025665283203,176.90177881708385,168.18022681381692,173.3099699682726,24517800
2020-03-11,168.91445922851562,174.51054367524623,166.35454616437582,172.6550938325682,20373900
2020-03-12,153.26724243164062,165.30279874923735,153.13824981343737,158.29775772184547,43266300
2020-03-13,168.95413208007812,169.4601555701285,156.3728707888146,162.25669022128017,35028600
2020-03-16,144.87310791015625,157.89096114274597,141.98577772844195,151.13398868681,39120400
2020-03-17,148.25656127929688,152.7413712017619,138.9099105437907,149.56629056018528,34255600
2020-03-18,145.81570434570312,147.02619090123744,136.03247851442796,138.6618382645267,37553100
2020-03-19,151.9376678466797,158.68470796752493,143.67252704466907,145.4783478577257,39862300
2020-03-20,148.56414794921875,158.02987479986012,146.8476225464844,154.8051803858326,32568400
2020-03-23,146.9468536376953,151.1240647968421,141.14239749154174,148.4947045726751,29830800
2020-03-24,159.7265625,160.05399484868934,151.3820565118102,154.001500161345,30440400
2020-03-25,154.9936981201172,161.72090533404412,151.86821609525333,157.68258858451526,35184300
2020-03-26,162.0681610107422,162.72302560102386,155.7973791164667,157.01779756928065,26556800
2020-03-27,155.5691680908203,158.84347609160096,153.54505895105285,156.96819294005962,24879900
2020-03-30,164.65785217285156,165.45162612076703,156.82928708074246,157.94056152383686,22515200
2020-03-31,165.50123596191406,169.59906794500858,162.9214744764971,164.19150670747757,23676300
2020-04-01,158.35731506347656,162.87187535740787,156.80944894957977,160.36157586817433,19507600
2020-04-02,156.95826721191406,160.0936657297294,154.70593816665038,157.86118519507858,20886300
2020-04-03,152.97947692871094,156.68044434817855,149.65557064068878,155.92635236524197,25983300
2020-04-06,164.26095581054688,164.90588856040713,157.2757639580179,158.90299357025864,28453600
2020-04-07,167.5154266357422,172.03991830310687,164.71737697093712,170.45237046123444,31411900
2020-04-08,172.92300415039062,173.6373992327179,166.43393314922756,169.91659782058824,21664200
2020-04-09,173.82591247558594,175.70119567614313,170.23410389271467,174.53037569157397,23534300
2020-04-13,173.4290008544922,173.63737236291774,168.13058409712687,172.31772651616228,19355400
2020-04-14,176.78268432617188,179.81885533138671,175.24475031360217,177.5863748699079,21011800
2020-04-15,175.592041015625,176.80254281201508,171.47436065477507,173.82590202875645,17423000
2020-04-16,174.87765502929688,176.66364261929394,171.16677054452398,176.56441519874684,23593200
2020-04-17,177.84439086914062,178.87628646617208,175.28447767999108,177.80469384234343,20974800
2020-04-20,176.85215759277344,179.09455487937518,175.39360238892877,176.02861848761108,16110700
2020-04-21,169.4700927734375,174.01443306233168,167.02924055696525,173.88544044431308,24850500
2020-04-22,180.8607177734375,183.34125210228098,176.7529535304719,177.06053736485168,33242000
2020-04-23,183.6885223388672,185.59357077642403,181.72392836327927,182.64669495302132,21426600
2020-04-24,188.5900421142578,188.9273910973202,179.42198319942162,181.80328973159789,28792000
2020-04-27,186.0400390625,192.24137369791666,185.9507434773445,191.15986457109452,29197800
2020-04-28,181.4857940673828,187.7268109792905,181.1385132497502,187.19102229434844,21731000
2020-04-29,192.67796325683594,195.37678548595312,188.52058581051287,189.4433372001853,45954500
2020-04-30,203.1160430908203,208.0572623454353,200.00049314008223,205.30882656450473,46230100
2020-05-01,200.69505310058594,205.6660378850065,197.50012403387927,200.03027179216886,30415600
2020-05-04,203.66177368164062,204.30672165501633,197.21238478775865,198.64117490356918,19250700
2020-05-05,205.4576873779297,208.74191213072285,204.89211833132651,205.40807366752924,21071200
2020-05-06,206.84678649902344,209.95242015348194,205.05088216567125,206.4995056560085,21857000
2020-05-07,209.6150360107422,209.95240013521098,207.41232064616085,209.51582373646835,15152000
2020-05-08,210.69656372070312,211.54986802110636,209.20824332278897,210.58741961925696,12506000
2020-05-11,211.5200958251953,213.32593191135558,208.73197792819232,209.24793325852076,12911900
2020-05-12,208.464111328125,213.60377119710614,208.3648838988478,211.62926041833853,14704600
2020-05-13,203.50303649902344,209.13880306370265,200.536312077277,207.79930850893902,20684600
2020-05-14,205.19969177246094,205.31875255942361,199.1273493977165,200.98278398111552,17178900
2020-05-15,209.23802185058594,209.6944316566375,202.53064780705802,203.6717026021449,19383200
2020-05-18,211.530029296875,212.96873605342822,209.2975485967128,210.49811862818973,20151900
2020-05-19,215.19129943847656,218.77319129030954,211.17283116193593,211.60940758664356,31843200
2020-05-20,228.1793670654297,229.53869487802802,221.4521599429684,221.75974374231737,50162900
2020-05-21,229.58831787109375,235.35307680549553,229.39979485355224,232.89239117121974,47782600
2020-05-22,233.08091735839844,234.15250994111815,226.9589608180292,229.70738178910028,33925600
2020-05-26,230.39199829101562,239.02425371037313,229.8661262864556,237.90306262101706,33178300
2020-05-27,227.3558349609375,228.76477652593493,219.4082090816277,227.28638787828586,34697600
2020-05-28,223.70448303222656,229.82643907583383,222.25584452684524,222.55351163233212,29377200
2020-05-29,223.3373565673828,225.71867830178658,221.14457298017828,223.44650066945937,23241500
2020-06-01,230.10426330566406,230.6301353109127,221.75974316203477,222.84125236981188,18223800
2020-06-02,230.90797424316406,231.18579286888968,224.79593419724122,229.14183506248852,20919000
2020-06-03,228.36788940429688,230.83849161760028,226.75057636604603,230.30270292675684,15380300
2020-06-04,224.52801513671875,229.8264474146918,222.86110350947578,227.7725579382905,17041500
2020-06-05,228.97312927246094,229.5486149585623,223.55563653087066,224.944744609729,16750400
2020-06-08,229.59820556640625,229.74704668039834,225.63928325783525,227.24666433710607,15466500
2020-06-09,236.81163024902344,237.90307132103038,228.61595094279085,229.71730870091466,27462900
2020-06-10,234.88670349121094,239.33183098318347,233.44799690821873,239.0837776019787,20720700
2020-06-11,222.68251037597656,231.07664482467789,221.8093726271132,228.14961747773572,26708200
2020-06-12,226.80018615722656,229.8562058573406,222.7519528586331,228.10990023443085,22091400
2020-06-15,230.68968200683594,231.94979762731478,223.04963965223982,223.33737495960366,15340300
2020-06-16,233.81515502929688,236.60328827584084,231.1857947501476,235.29355890963686,15236700
2020-06-17,233.696044921875,235.74000231366009,229.92563058616653,233.17017297699732,19578100
2020-06-18,234.1029052734375,234.3013449875379,230.3424068323234,233.1603052764759,15782500
2020-06-19,236.93067932128906,238.95480354742614,233.71591694092012,235.93846571945113,30081300
2020-06-22,237.3573455810547,238.82581751303113,235.0653345200704,236.7024809522082,18917800
2020-06-23,240.3538360595703,243.28086325076663,237.99236276675106,239.40130430970032,24017900
2020-06-24,232.19784545898438,241.3262081229041,230.86826764529962,239.32193228613724,20834900
2020-06-25,233.84490966796875,235.45230610298375,230.92781420586104,232.79316560381045,18704300
2020-06-26,214.3975372314453,231.2750867486719,213.72282404542958,230.82859361350327,76343900
2020-06-29,218.92202758789062,219.03117169920628,205.4973775959621,208.1168211275584,58514300
2020-06-30,225.30197143554688,225.72861605804886,216.76892758571236,218.87241577847084,33927100
2020-07-01,235.7003631591797,237.1390699699134,225.78814302678114,226.72082631014734,43399700
2020-07-02,231.6024932861328,238.13126049483006,230.7988027043592,237.13904690943494,30633600
2020-07-06,238.40908813476562,238.52814892473828,230.46146246454367,231.93985107329897,26206200
2020-07-07,238.98458862304688,245.7217128783308,236.96047936852221,237.5458818087057,27887800
2020-07-08,241.6833953857422,245.0668474636678,234.74781673128183,236.25598567293406,29791300
2020-07-09,242.59622192382812,244.61041429342896,237.3771839087014,243.0923287171284,22174900
2020-07-10,243.1617889404297,243.57851682658566,237.45656086428355,241.79252935736176,22982700
2020-07-13,237.13906860351562,248.20224503676744,236.5635828545422,245.08669469920744,24674900
2020-07-14,237.86337280273438,238.45870704554085,230.22333076660445,234.9164970668019,23378100
2020-07-15,238.40908813476562,242.91374646179125,236.1964559945626,239.66920367523048,19133600
2020-07-16,239.0540008544922,239.8775399092465,234.48982765582485,236.1468224503388,18880700
2020-07-17,240.14547729492188,242.25889729163046,236.00794803966005,239.1234984091847,18152400
2020-07-20,243.50906372070312,244.13416314331633,233.80521577145498,238.19079813555464,20872200
2020-07-21,239.86764526367188,244.98747123257405,238.21065031691052,244.30284140487475,19364200
2020-07-22,238.00228881835938,240.01648136267946,236.26591489118834,238.3892515451012,15427900
2020-07-23,230.7888946533203,240.5324245536432,229.94550701818997,237.76415520841277,21771800
2020-07-24,228.91360473632812,231.67195731407605,225.13325822886,228.39764942869834,18325800
2020-07-27,231.68190002441406,233.1206068680901,229.03269124992605,229.65779072861835,13163100
2020-07-28,228.32818603515625,233.1305113076569,228.04045075621468,232.8030790068061,14170100
2020-07-29,231.4735107421875,231.88032196348667,228.5167183683108,229.3402574968024,13588300
2020-07-30,232.674072265625,233.06103493586215,227.2168978628065,228.42739957790258,20615300
2020-07-31,251.69482421875,253.85785775778805,247.0611884844534,253.82809256073517,53005100
2020-08-03,249.9981689453125,253.41137133431812,248.3808557796647,250.68278367643498,23124900
2020-08-04,247.8847198486328,250.8315953845901,245.50339817898234,249.6012450982718,17183500
2020-08-05,247.18026733398438,250.30574951271805,245.84078794879503,248.24194323970724,13050100
2020-08-06,263.2143859863281,264.52411502334746,246.73371977702394,247.10083391316908,45241600
2020-08-07,266.3498229980469,276.71846729977585,261.3788231390226,262.0237559273697,72766400
2020-08-10,260.95220947265625,271.7276359834202,257.66798446784964,265.9529751211674,30248800
2020-08-11,254.13568115234375,263.84946103998055,253.1434675252499,258.16406605594824,28238300
2020-08-12,257.86639404296875,261.8451497880856,256.10022485521864,256.95354425379196,21415700
2020-08-13,259.265380859375,263.09534079503675,257.5488708476519,259.5134342395619,17374000
2020-08-14,259.20587158203125,260.60489639382604,256.66580718443333,260.2675474028903,14792700
2020-08-17,259.12652587890625,262.04363649322056,257.3802201288519,260.4560885640764,13351100
2020-08-18,260.2972717285156,263.08538908872043,257.2412676387366,258.91811078447637,18690400
2020-08-19,260.54534912109375,265.82393240661906,259.3150140244503,259.3547110443287,23291500
2020-08-20,266.9153747558594,267.5305423074129,259.4241443420581,259.4638413621451,20299700
2020-08-21,264.9309387207031,268.3838223527622,264.3455363840029,266.59785014859045,15538600
2020-08-24,269.2768859863281,275.0912436348155,266.67726070148495,268.95937034055146,23685600
2020-08-25,278.6333923339844,280.88570599734106,268.1556205725426,270.2888734649662,42127200
2020-08-26,301.5436096191406,302.2977015717279,281.7886351218951,281.7886351218951,69015200
2020-08-27,290.9368896484375,298.8845307287282,289.7462211483339,297.82285484879753,30301300
2020-08-28,291.37347412109375,294.9156842406994,288.71434871476174,292.70303682425975,17157400
2020-08-31,290.91705322265625,294.5683921740452,289.279876482208,291.66121345742096,17345100
2020-09-01,293.13958740234375,299.1424675498005,290.43083338283753,292.4152605760405,17295900
2020-09-02,300.1446228027344,301.2360638507357,290.76819189575707,296.5528143101857,24341400
2020-09-03,288.8532409667969,295.2827964981779,281.42157021145084,293.6853167317261,32294100
2020-09-04,280.528564453125,286.74973287810445,269.0288123633383,285.0133590630986,30333700
2020-09-08,269.04864501953125,277.125248026283,267.32220303478647,269.1677058074507,24864000
2020-09-09,271.5887145996094,276.3116611433854,269.23717315355583,273.6227404185277,22918800
2020-09-10,266.0025634765625,276.9863762490286,264.9508193916789,273.3648023507062,24814700
2020-09-11,264.5340576171875,269.27686777024303,260.5949986305776,267.9572067042382,18913900
2020-09-14,264.07763671875,274.4859777025332,263.63115877833076,268.8402800429086,24093800
2020-09-15,270.2988586425781,272.38248310509124,267.2031265875012,268.5624847371786,18478500
2020-09-16,261.4681091308594,270.3186675006481,259.7515990335024,265.20877366986406,29183400
2020-09-17,252.8358917236328,259.4638716951567,248.24193764003047,256.2689425036203,31281400
2020-09-18,250.56370544433594,257.1817836445312,248.10301989417528,256.3879945767653,28130800
2020-09-21,246.21780395507812,248.00379150058308,242.22911610009183,245.61255304076752,24709400
2020-09-22,252.7664337158203,253.33200277778175,246.28727962902335,251.33764360136956,30293100
2020-09-23,247.08102416992188,255.98116584622917,246.217788080264,253.2724270751791,19641300
2020-09-24,247.58705139160156,250.2759568331123,243.70749269177463,244.58064547986274,20006800
2020-09-25,252.8358917236328,253.7586431588387,244.68981092583851,247.4580803714351,18351300
2020-09-28,254.8203125,257.57866518860396,252.83588523395522,257.3802103500167,18826300
2020-09-29,259.7516174316406,261.2796046364811,254.89967819508988,255.80259624156326,20200200
2020-09-30,259.86077880859375,264.00822507608797,258.07480614487656,259.9401728665143,20142500
2020-10-01,264.553955078125,266.2407002728486,262.7381869720879,263.28392269858466,20009800
2020-10-02,257.91595458984375,263.08537794492855,257.16186271341945,259.176054711808,16367600
2020-10-05,262.5893249511719,262.80761315583914,258.80899353212766,260.1584197827861,12822300
2020-10-06,256.6459655761719,263.6212257600727,256.22922255371117,259.741667068891,18696900
2020-10-07,256.11016845703125,258.1541260416151,252.83587570346262,257.191677642664,23133400
2020-10-08,261.706298828125,262.5595880875689,257.13217786216137,257.7275121464029,16312800
2020-10-09,262.39093017578125,262.6885821795816,260.1286841070195,262.46036212336156,14107800
2020-10-12,273.6028747558594,277.99837332790344,265.78422747017413,268.096101899953,31019300
2020-10-13,273.9898681640625,276.92681183583034,271.261280862398,275.4186278390119,18063300
2020-10-14,269.70355224609375,276.5795863544597,269.38603657483696,275.4583799578075,15577800
2020-10-15,264.6431579589844,266.9451003028627,261.6169192158325,265.5163105914865,15416100
2020-10-16,263.8593444824219,269.25698866587527,263.2342450954479,265.2980662549797,16622700
2020-10-19,259.3646240234375,266.45894507176126,257.8564702810664,263.4624709578556,13587000
2020-10-20,265.4766540527344,267.60000557641126,260.83310192276537,261.01169309392856,18763200
2020-10-21,276.5597229003906,280.8460628763154,274.2180829295083,277.3832469106849,28998600
2020-10-22,275.9544677734375,280.2507700259032,272.89846291862375,277.6908417382077,16720000
2020-10-23,282.5725402832031,283.01901826787457,274.6645961018009,276.6291597942717,17535200
2020-10-26,274.9523010253906,283.00910103507454,272.1245164393334,280.9552115795528,21322900
2020-10-27,281.084228515625,282.2947304449759,274.15856596508183,276.5895016504046,16287200
2020-10-28,265.5858459472656,276.61925709522393,265.17903470962136,276.61925709522393,23121800
2020-10-29,278.6433410644531,281.39179220538097,271.6482470679973,274.3966679289681,32368100
2020-10-30,261.0612487792969,274.5454553064354,257.0824937021173,272.3625737509146,47247800
2020-11-02,259.32489013671875,268.36397032043874,255.33620300881353,262.539682272595,27165700
2020-11-03,263.2342834472656,267.9472985392612,258.84871583422796,261.1109618671874,17961900
2020-11-04,285.142333984375,286.69018469531346,276.4505336229866,278.8120067096619,35364400
2020-11-05,292.385498046875,295.0644868941228,286.70013346565065,289.62714543435567,23823600
2020-11-06,291.1253967285156,292.3061333378279,285.8170478994157,291.6612005522265,13891000
2020-11-09,276.599365234375,290.3018321753482,276.3612436678267,287.61294188655734,25117700
2020-11-10,270.30877685546875,271.86655966526666,261.9444224512058,270.97357337199315,29067700
2020-11-11,274.3272705078125,276.2323039649721,270.35841547877567,271.3406974088748,14957000
2020-11-12,272.9381103515625,277.57176129856583,272.2931775519897,275.021765017838,12899500
2020-11-13,274.7936096191406,275.59730033261957,270.97358063336856,275.5576033043108,10391200
2020-11-16,276.78790283203125,277.23441107281263,272.491631182549,272.9083439459854,12970400
2020-11-17,272.8587646484375,275.5178900694576,271.1620877175575,275.5178900694576,15040300
2020-11-18,269.8523864746094,275.230198555478,269.7233938367345,272.3825195345984,12152900
2020-11-19,270.8148193359375,271.34069140444956,267.09401782855207,268.9097556409737,12963700
2020-11-20,267.60003662109375,270.8743295920919,267.3122861808678,270.4377531586311,18114700
2020-11-23,266.3399353027344,268.8403333850211,262.47030765153033,268.78080298115344,20990800
2020-11-24,274.7638244628906,275.65681071523977,265.78427252771075,266.39944016199667,16930400
2020-11-25,273.44415283203125,277.99840979634354,270.5270423142432,275.97431577662064,12467000
2020-11-27,275.6468811035156,276.95661043346155,272.6801718782236,275.23016831305193,7808400
2020-11-30,274.8133850097656,275.53771179376014,268.89980079782725,273.8807018610428,16693300
2020-12-01,284.3188171386719,287.04740475144206,276.7879189610211,276.9863738084787,20738900
2020-12-02,285.2812194824219,289.508058754062,278.64330863186876,283.1380346522925,17361600
2020-12-03,279.6553955078125,284.4180084423758,278.88147014894713,284.0211290778213,12921700
2020-12-04,277.52215576171875,281.2528583037155,277.12524609814045,278.1174596971742,10880300
2020-12-07,283.3563537597656,286.2436990426754,276.0338426409965,277.01612444035254,13007700
2020-12-08,281.1933288574219,284.1997348614235,279.3577276370347,283.7830221052009,10747700
2020-12-09,275.7560119628906,285.39039736328687,269.6340408403183,281.4513082325447,25189700
2020-12-10,274.96221923828125,276.5596988290288,269.74316617875854,273.39453512334353,20065100
2020-12-11,271.4200439453125,274.3272530821825,268.14575086632885,272.3924242664456,14391400
2020-12-14,272.0550537109375,275.06145975530757,269.4455270568558,271.24143127887464,16376900
2020-12-15,273.40447998046875,273.93035204384483,265.3874064007042,272.69008488682954,23979500
2020-12-16,273.5235290527344,275.69644892052736,270.3881305277646,272.62061106750957,15885000
2020-12-17,272.34283447265625,278.2564198025171,271.4795830956817,274.9126643899615,16377800
2020-12-18,274.2478332519531,275.8353810694954,269.02881030122415,273.62273383854944,26693200
2020-12-21,270.6659851074219,272.5313517179054,265.70491658165054,270.85450813379794,16553700
2020-12-22,265.0103454589844,269.38601137682167,262.569508309428,269.38601137682167,17312900
2020-12-23,266.0223388671875,270.05075341233567,264.1570029790287,264.8118675027241,14329000
2020-12-24,265.31793212890625,268.2945731706217,264.1272938801952,266.7864192769376,6702000
2020-12-28,274.8431701660156,275.1408221372453,263.59147145418575,266.6474760519845,23299700
2020-12-29,274.6248474121094,278.32581461524416,274.1287406691668,274.793537027889,16383000
2020-12-30,269.7530822753906,275.91471969767804,269.59432448010415,275.785757376464,11803800
2020-12-31,271.03302001953125,274.9324114724952,267.70909902397136,269.8820488247727,12900400
2021-01-04,266.8459167480469,272.85872848796714,263.13504773019605,272.6404402939786,15106100
2021-01-05,268.860107421875,270.27896553417906,266.1215883285125,266.2009823694545,9871600
2021-01-06,261.259765625,265.6651965162372,257.9854727939254,259.9599682063647,24354100
2021-01-07,266.64752197265625,269.49517068100164,262.7183638759823,263.82963846655986,15789800
2021-01-08,265.48663330078125,266.85589308419407,261.13080051963345,266.2208617666856,18528300
2021-01-11,254.84014892578125,261.4185302363456,253.90746567716673,258.45182112764303,30412300
2021-01-12,249.13490295410156,257.69771095255174,248.3510608913129,254.63177463889247,26383500
2021-01-13,249.68064880371094,251.97265997269682,247.2596450120617,249.59135320647286,19528900
2021-01-14,243.72735595703125,253.04424135584142,242.7053771272773,251.42692829090055,29739400
2021-01-15,249.40281677246094,251.88335082886272,245.2355225857016,245.96975097681036,24942900
2021-01-19,259.0669860839844,260.15842713817875,250.75223098015417,254.8996767061357,28028500
2021-01-20,265.3973083496094,268.2151913795209,261.547514682843,266.835999921806,25199900
2021-01-21,270.745361328125,271.4696882669738,265.40724650418264,267.16348422222234,20838700
2021-01-22,272.36260986328125,276.3016987289684,269.88207607581967,269.89200790055463,21954000
2021-01-25,275.8453063964844,277.9190291400611,269.3959181421236,275.97429900636445,19087000
2021-01-26,279.8538513183594,283.16787159655127,275.6468750801152,275.97432254542565,19373600
2021-01-27,270.02105712890625,281.2429919143587,266.0323385830163,280.33014196595786,35346200
2021-01-28,262.9366455078125,284.55699174324013,262.63899349280683,275.02180179641493,37758800
2021-01-29,256.3185119628906,264.48444034559407,252.8656282026834,263.23424158830284,30389500
2021-02-01,259.9698791503906,262.11306402911066,252.92515696458904,257.49924684689097,22914300
2021-02-02,265.0003967285156,266.75663419137607,261.22006530975233,261.9443921433572,17320800
2021-02-03,264.5737609863281,267.1039239356935,261.7856430809958,263.5517821485724,14223400
2021-02-04,264.41497802734375,266.07198797136226,261.94437598885247,264.93094845012894,16060000
2021-02-05,266.0124816894531,267.0741575464519,263.60140982277744,264.7225857955426,12454400
2021-02-08,264.50433349609375,267.7587934506513,262.9366490626016,266.65745070027987,13755200
2021-02-09,267.35198974609375,271.2613140904737,263.6807869967148,264.36541686230146,14613400
2021-02-10,269.7530822753906,271.6680470836127,265.6354022624926,270.3285830682983,14687200
2021-02-11,268.2846374511719,271.44977083147216,266.39940747425163,269.7729577824533,12828600
2021-02-12,268.3938293457031,269.06852745357725,266.25064393248954,268.4136627206541,9097600
2021-02-16,271.83673095703125,274.44625727947283,267.94724075461835,268.6914008718187,15417200
2021-02-17,271.43988037109375,271.83675975298524,267.48092753784414,269.1280057386519,12763200
2021-02-18,267.2924499511719,269.8325144750873,263.95859633855946,267.4710411411446,15249100
2021-02-19,259.5234069824219,268.1655796323252,258.12438206399435,267.75876839108383,25622600
2021-02-22,258.3029479980469,261.0216337980358,255.52476208560068,255.94150511244536,17434900
2021-02-23,263.7898864746094,265.3774342503566,252.97477970473903,257.47942267295707,21924600
2021-02-24,262.2519836425781,264.3058731357695,256.37809587571655,260.2873897430093,15736100
2021-02-25,252.7069091796875,264.86152698084504,252.06196119196488,260.2576408874956,19053100
2021-02-26,255.61407470703125,263.48232165475474,254.47303506981336,254.47303506981336,26619500
2021-03-01,262.8473205566406,264.5737626108393,255.89189320962132,258.7891703786948,22157300
2021-03-02,256.9833679199219,264.63332765258514,256.6360870424162,263.710576108326,15191700
2021-03-03,253.4213104248047,258.9578496715881,253.11372659331448,258.26331823401273,15513500
2021-03-04,255.63397216796875,264.41503987482264,251.52619259476157,254.47306872511757,31626500
2021-03-05,262.22216796875,263.38307102229237,253.61967921951808,258.6402919675598,26820100
2021-03-08,253.3220672607422,263.5120906541324,253.06409715938335,263.48232545551326,18391800
2021-03-09,263.67083740234375,266.43912187751977,257.78701790933485,259.14634572246285,22039700
2021-03-10,262.83734130859375,266.87565738580054,260.8231491821168,266.5482402649239,14210300
2021-03-11,271.7474365234375,275.73612386768207,265.7346251734787,266.0223452851112,21834000
2021-03-12,266.31011962890625,267.63968219657,261.9642192904478,267.04437827071723,20600200
2021-03-15,271.6184387207031,273.8112220215777,266.4093179781143,266.984788470307,16844800
2021-03-16,277.1054382324219,279.9431851324288,272.6603099988258,273.93034231128775,22437700
2021-03-17,281.7986755371094,284.0013915758897,273.26563005895287,273.56328211285637,21315000
2021-03-18,276.4505615234375,282.9694124523862,276.11321251700224,277.69082858237186,18728300
2021-03-19,287.85107421875,290.520131236803,279.0104776505019,279.0303110218043,38930500
2021-03-22,291.25439453125,297.37633561067435,284.51725557218174,288.18845807864415,28273100
2021-03-23,288.3670959472656,295.6797066666779,287.55347337985114,290.86746377399635,23000900
2021-03-24,279.94317626953125,289.44856979905677,278.9707959829789,288.73417475341705,18675000
2021-03-25,276.56964111328125,285.8170802003852,275.5873592254311,278.7922204243197,24505600
2021-03-26,280.8163146972656,282.2848018961399,275.6071926939098,276.1330647516216,17629200
2021-03-29,288.55560302734375,290.89721288603766,282.4832598697574,283.5449055436785,21718800
2021-03-30,285.7575378417969,290.19273417158144,284.4676721787999,287.5732755403183,17474500
2021-03-31,292.2366943359375,294.1913564992557,286.3627760195834,287.732035744542,19498200
2021-04-01,296.3345642089844,300.045433969447,294.2906062925836,296.0765789426555,17616000
2021-04-05,306.5047302246094,308.3502331272152,298.33880077200007,298.54718744548785,28237000
2021-04-06,303.8753356933594,308.9256990987487,302.87319030448623,306.4352333643989,17335200
2021-04-07,310.65216064453125,311.8031320847076,303.12126285402763,303.9547186665781,22855200
2021-04-08,310.58270263671875,313.4204493921913,307.63582691524516,312.39847055437156,20894100
2021-04-09,310.02703857421875,312.28928426591995,307.9136188596121,308.9752946294777,15988600
2021-04-12,309.1142272949219,309.7194630445456,305.53232052434765,308.6280220501896,10881900
2021-04-13,307.34814453125,311.9817658418742,306.9115680536803,309.77905007957656,14036900
2021-04-14,300.462158203125,305.6315830725214,299.59893713379694,304.9072561748296,17421400
2021-04-15,305.4232177734375,307.72516074452744,301.7321817266754,303.95473064775086,14558300
2021-04-16,303.7959899902344,306.54444137804103,302.2382071802452,305.77051588644764,13059200
2021-04-19,299.8866271972656,305.3041352263425,298.2197156252216,302.635078233983,14553500
2021-04-20,300.2934265136719,302.72436183660926,294.89578234939887,299.6385619334526,16796400
2021-04-21,299.12261962890625,299.6286582281445,295.0744016748638,299.5988930328925,14863500
2021-04-22,294.211181640625,300.5613732471118,293.7349384661089,298.98372689165404,16375400
2021-04-23,298.7853088378906,300.2339323251979,294.83628751007234,296.4337672726164,17536800
2021-04-26,300.680419921875,303.41890888662624,299.2119328828372,300.97807189197096,16172600
2021-04-27,301.206298828125,302.96250605186816,298.7654314975515,301.91076202680745,15309300
2021-04-28,304.70880126953125,308.49906447197213,302.9922608483322,304.9667562140213,33907200
2021-04-29,326.9443359375,329.2264152654433,319.1058237242205,327.5495717415354,56526800
2021-04-30,322.54876708984375,327.2518799010745,321.97329655477483,323.60054130902915,26332400
2021-05-03,320.0682678222656,325.99178455965375,319.33403940642825,323.6303414935902,18719500
2021-05-04,315.881103515625,319.68129851653737,310.68191400122157,317.5281817062086,24032600
2021-05-05,312.5671691894531,318.56014880537333,312.04129710547085,315.71250014607534,15577600
2021-05-06,317.5281677246094,317.7464559156763,310.83072629681925,312.07099322789145,19012200
2021-05-07,316.5954895019531,320.42544959034336,316.2680723502295,319.8698124189637,15916700
2021-05-10,303.587646484375,312.1305924552787,302.4565082593985,311.9024026688074,24239200
2021-05-11,304.1431579589844,304.4507416760944,297.35642225638253,298.40816598842633,18920100
2021-05-12,300.1941833496094,302.58542152646083,295.8681470090487,298.78525713151794,24645500
2021-05-13,302.8831481933594,306.45509310591166,300.41251561689637,303.69674037279856,18079200
2021-05-14,313.4800109863281,314.3829291220224,306.67340899415586,307.1298491154696,19245700
2021-05-17,313.0036926269531,313.2219808293489,309.1538990283127,311.10856102432524,15401300
2021-05-18,307.5465087890625,314.0355939964766,307.3976828099841,313.1326760167942,14522400
2021-05-19,311.1482238769531,312.20989957564876,301.2062556340909,301.82142315148013,19106200
2021-05-20,316.1291809082031,316.76421218745367,310.7216346081384,311.1383473901833,17320200
2021-05-21,313.7677307128906,317.4389030180048,313.3509876603318,316.8039020331024,13600900
2021-05-24,322.102294921875,323.41202409677993,315.5536793273055,315.7322705020775,16445400
2021-05-25,325.2377014160156,326.6168625616901,322.27096218906894,324.53320796495933,16437000
2021-05-26,325.10870361328125,327.2617901142244,323.2830342689029,325.79333340241755,9686900
2021-05-27,330.1590576171875,331.1810363589441,324.2157081628903,325.4460432710368,20477700
2021-05-28,326.1704406738281,330.2781899002935,325.7735309453139,328.4227550113374,12037400
2021-06-01,326.5672302246094,328.8394075910336,324.09662832851154,327.5792770818169,11765900
2021-06-02,326.587158203125,329.28598088412383,324.5729654497298,327.8075920479753,11654300
2021-06-03,323.5013427734375,324.83090541378255,320.9612782844265,323.2433575381614,12610800
2021-06-04,327.77777099609375,329.8713271716394,322.6480133267942,323.36240833474403,13289400
2021-06-07,333.9592590332031,335.0606319370068,326.36883062034224,326.91456629914944,20136700
2021-06-08,331.0818176269531,335.66583948741965,329.6530276600603,334.07832199527667,14580500
2021-06-09,327.6785583496094,334.17754565379573,327.4305049367785,333.1258016057894,13727900
2021-06-10,329.8713684082031,331.3398556303271,325.9918090878288,328.2143884348219,13240200
2021-06-11,328.6806335449219,330.2383856316364,326.3687592749121,329.990332271847,13587900
2021-06-14,334.1477966308594,334.19742548380253,327.24199776174,329.31572075979597,12250800
2021-06-15,334.1279296875,337.27326012162166,332.42132108487635,334.3660512618339,15795200
2021-06-16,328.5020751953125,334.9216985906193,326.16046556361823,334.0783412293465,17232200
2021-06-17,333.8898010253906,335.34835619713573,327.5793069198967,327.91665590302716,17794100
2021-06-18,327.0931701660156,333.53262735380366,326.43830549404345,331.92524601348964,23039500
2021-06-21,329.70263671875,330.3277360767431,325.09875148397424,328.51196839114846,11337500
2021-06-22,336.3901672363281,337.2732518527593,330.0102412140811,330.09953680226704,15345300
2021-06-23,337.9380187988281,340.7460001805239,335.56664409367676,336.70768365205276,14817800
2021-06-24,340.50787353515625,342.214482226336,339.1287123056329,339.18824270230544,12329100
2021-06-25,338.71197509765625,341.44056268544,337.035131575858,339.92247698416224,14594400
2021-06-28,352.870849609375,355.35138354168714,339.1088219177448,339.7934517054594,29156100
2021-06-29,349.15008544921875,353.9622975602913,346.3321719592447,353.49595592074894,21417300
2021-06-30,345.0025939941406,350.17204882576885,344.466820433669,349.4278886007124,15107500
2021-07-01,351.6305847167969,351.90840330765593,343.80200504587583,344.1195206582734,17137000
2021-07-02,351.9382019042969,353.66464400562825,349.87438050780213,352.3350813174818,11521300
2021-07-06,350.0330810546875,355.99629394291753,346.4611063605734,353.72411652527984,13488500
2021-07-07,347.7609558105469,353.71423776723833,347.2747808070036,352.49383434528966,14218900
2021-07-08,342.9585876464844,345.6177125393496,339.89265158807626,343.0379816826625,14406500
2021-07-09,347.6914978027344,347.97921794083607,342.5815736156693,342.63120246289606,13018700
2021-07-12,350.41015625,351.43213503991996,346.91757530230257,348.4951912820845,10018600
2021-07-13,349.34844970703125,355.6986100896785,346.0840587937821,348.76304737206374,11456000
2021-07-14,344.9232482910156,352.43431315647945,344.0302620301716,351.7992818634606,13894200
2021-07-15,341.77789306640625,346.5107713852772,337.57091703181555,346.5107713852772,14781600
2021-07-16,338.50360107421875,343.29597951923523,337.491554086067,342.2244021364838,11026100
2021-07-19,334.3263854980469,337.1442684957518,331.9351470822577,334.9415530868475,14372300
2021-07-20,338.99969482421875,340.77576560791334,331.8954419693958,336.16194824446416,11024300
2021-07-21,343.53411865234375,343.82183878893244,338.59288412390543,338.84093751886803,9279700
2021-07-22,348.45550537109375,348.8027861958201,342.5220569930656,343.9806122329509,12385400
2021-07-23,366.91070556640625,372.4075475574417,354.4088071301203,358.09984323454836,33694300
2021-07-26,369.5598449707031,371.52443867186565,365.35286926957764,366.70226514354084,14925200
2021-07-27,364.94610595703125,370.24452329824976,361.71147971727765,369.01418804237403,15705400
2021-07-28,370.37347412109375,374.61021509469094,364.0729119989861,371.6435062586561,29676900
2021-07-29,355.530029296875,362.673949950661,353.96231465421084,358.18915481334045,33413200
2021-07-30,353.5257263183594,357.92125598632435,350.1919028478955,351.24364693893176,15976200
2021-08-02,349.2096252441406,356.6015991711631,348.0090248606978,355.3117334679123,13180400
2021-08-03,348.505126953125,351.0154263788304,344.99271229041113,349.9835459423059,12406100
2021-08-04,356.1253356933594,357.67318656110393,348.7730289315938,349.6759469844377,14180600
2021-08-05,360.143798828125,361.06655027869056,354.1210545536486,356.83974061353666,10247200
2021-08-06,360.6795959472656,362.30681059827253,358.5860093865691,358.5860093865691,8925000
2021-08-09,358.7943420410156,362.9318860379037,357.9410528872916,360.9276254852371,7798900
2021-08-10,358.318115234375,361.2649909446652,356.2443923686089,359.01264661164123,7469900
2021-08-11,357.1571960449219,359.5385026093773,355.0239428784297,359.2805476658655,8400300
2021-08-12,359.8262939453125,360.1735747979415,354.3294215430104,355.65901455364246,7170700
2021-08-13,360.3520812988281,361.8205681373765,358.6653365653119,360.1437249482075,7195700
2021-08-16,363.7058410644531,364.09281893078384,354.59732682572513,359.69728935252357,11222100
2021-08-17,355.6589660644531,361.8305356773374,352.3052793550785,360.1536923226501,12328700
2021-08-18,352.6823425292969,357.05797793706466,352.384660276008,353.4761013114874,10042400
2021-08-19,352.3548583984375,354.7857936207644,348.2669435637918,348.6142243498319,12004500
2021-08-20,356.5717468261719,357.1869143275298,350.55893567168056,351.8388995154441,8697700
2021-08-23,360.5208435058594,362.842619862997,356.3039354030331,356.6412844176642,10942000
2021-08-24,362.6640319824219,365.09493733122457,359.02259445247506,360.82843061784286,9235100
2021-08-25,365.5216064453125,367.9723451281747,362.5548669977145,362.75332184262254,9684500
2021-08-26,361.5428466796875,366.563445771327,361.2947932451995,365.5117016314949,7888700
2021-08-27,369.7285461425781,370.8298886670531,361.2451019807343,362.2571791977708,11219100
2021-08-30,377.6960144042969,378.5195383294216,367.6349544508704,369.6590785756934,13547300
2021-08-31,376.426025390625,379.7797124259526,375.8505245076621,376.9915944473429,12345400
2021-09-01,379.0752258300781,381.3374718182199,375.86046318376043,376.63438864602057,11567200
2021-09-02,372.35791015625,378.77753321392925,371.14740838049124,378.5294798195521,14832900
2021-09-03,373.330322265625,374.22330850570114,370.2048250054217,371.8320699459693,7509600
2021-09-07,379.2042236328125,379.9781491056426,370.2445351558351,372.95328945072,10793800
2021-09-08,374.630126953125,377.9044199897593,371.87177413003326,377.19995675435416,11067200
2021-09-09,375.0567626953125,376.87250036613216,373.6379044316709,374.69958031283954,9098900
2021-09-10,375.7414245605469,380.8017207031654,375.3147799184728,378.39061829617935,11549600
2021-09-13,373.5783386230469,378.7775280081508,371.43515369148867,378.7080657914906,13026300
2021-09-14,373.59820556640625,375.64216326926356,372.1892488559139,374.46142659975425,8711600
2021-09-15,371.0085144042969,374.62015608259486,364.8071795418745,374.06451890131825,17940300
2021-09-16,370.1551818847656,370.6512886562061,366.83126046012364,369.88729512897135,11934200
2021-09-17,361.8801574707031,368.518069098452,358.77452395434756,368.518069098452,26299000
2021-09-20,352.9303894042969,358.2188745657045,347.0763049441087,356.50233413802766,19822800
2021-09-21,354.696533203125,357.2365976294864,352.4243555514342,355.70858018739267,11751900
2021-09-22,340.5376281738281,347.1160093217714,338.0372607512432,344.52634630694666,43692900
2021-09-23,343.2662353515625,346.9473698962506,340.32929134487557,342.67090108913663,21806300
2021-09-24,350.2117004394531,351.5908918646858,339.7041621492039,340.5673831281829,18801900
2021-09-27,350.8268737792969,352.38465640920737,344.3774853349106,347.0862393823371,15205800
2021-09-28,337.99755859375,346.87788247328035,336.2810484357312,345.26056945182785,21710300
2021-09-29,336.96563720703125,342.5419029260096,336.24134067745075,340.4780817360786,14452200
2021-09-30,336.7474365234375,340.1308587382135,335.5170708926495,337.799180667847,16547100
2021-10-01,340.3392028808594,342.3335316631441,336.0032342139593,338.95007959136314,14905300
2021-10-04,323.6898193359375,333.32420389284897,320.1873069102043,332.9173927263532,42885000
2021-10-05,330.36749267578125,332.5702084850163,323.62045106405026,326.0215914618882,35377900
2021-10-06,331.04217529296875,331.77640370121645,323.26319366414805,327.17251785068817,26443000
2021-10-07,326.6566162109375,336.2017077645931,326.4184945974452,334.37603807457646,28307500
2021-10-08,327.4801330566406,330.80405514449114,326.1505702774925,328.9287869198579,15946100
2021-10-11,322.91595458984375,327.8869245412267,322.7770301401252,325.07897314720964,14708200
2021-10-12,321.2490234375,321.8542895489138,314.8988617207982,320.51479497836937,31658700
2021-10-13,322.0130615234375,324.4538988899083,320.1476948134663,324.4241336883645,14761500
2021-10-14,325.9719543457031,327.9464498506444,324.55309607109666,325.80326469937097,14302200
2021-10-15,322.23126220703125,326.50769991996634,319.99878185796035,326.12072212508343,21596400
2021-10-18,332.7289123535156,333.2746480135661,324.94996119096635,326.38868305478695,21585000
2021-10-19,337.3426818847656,339.7934506132104,334.65379158917005,337.00533290465023,18786300
2021-10-20,338.1265563964844,341.3016520941956,336.8069256043469,340.77578008650755,13639500
2021-10-21,339.2179870605469,339.6446316371412,335.1697386557774,337.63043926024426,16354400
2021-10-22,322.0824890136719,327.06342138940005,318.6097409085051,323.80896151918506,35224500
2021-10-25,326.1307067871094,326.9939278171444,317.23054914233694,317.8060197357078,38409000
2021-10-26,313.3509826660156,327.6388528181023,307.1893445296699,325.7040544162325,65654000
2021-10-27,309.7889099121094,316.7641698250141,309.6301521135282,311.7435717797062,29971800
2021-10-28,314.45233154296875,322.98534384775115,305.7109023111952,310.5529092792764,50806800
2021-10-29,321.05059814453125,323.4616701981431,317.1115084956438,317.6969109522846,37059400
2021-11-01,327.4107360839844,330.8537193437486,323.4617140727389,323.50141110500266,31518900
2021-11-02,325.52545166015625,332.18322727188917,321.27877830987967,328.79977498067046,28353000
2021-11-03,329.0378723144531,329.56374431625284,320.6834506798263,324.94002526271333,20786500
2021-11-04,333.2349853515625,334.64391188324623,330.0598893219194,331.40931573250367,22495300
2021-11-05,338.47381591796875,344.0897482903848,336.99542740599173,337.6601935331412,26872800
2021-11-08,335.9833984375,342.1053702931129,335.7055798125427,341.73825606870065,18342500
2021-11-09,332.7586364746094,338.65238708389546,331.8656503810712,337.3525898219776,17556700
2021-11-10,325.08892822265625,330.59570243398394,322.9755080862131,329.901140695636,21872600
2021-11-11,325.1881103515625,329.87136025560955,324.45388189862655,327.25193181705265,12376600
2021-11-12,338.2357177734375,339.19813592267263,327.2122086341378,327.60908802886553,25414300
2021-11-15,344.853759765625,350.8963370151153,340.5277229617034,341.65883073118636,25076600
2021-11-16,340.28955078125,343.95082120477787,338.2158280944205,341.15277172534195,18181100
2021-11-17,338.11663818359375,344.5957921753798,337.45187198784345,341.5596207966842,13602800
2021-11-18,336.0528259277344,339.79346029139595,332.68920729614837,337.07480472247227,17487200
2021-11-19,342.6113586425781,349.35842957953895,337.2534110290804,339.53552057480016,26488500
2021-11-22,338.35479736328125,351.0749537528082,337.8586905223181,346.3321735643987,27116800
2021-11-23,334.6240539550781,338.741734552648,330.903252762101,336.29096562234207,17225000
2021-11-24,338.4043884277344,339.1187834740705,330.2186257334472,333.3837897309682,13566200
2021-11-26,330.52618408203125,335.12013781830825,329.31568229899483,333.18530921855194,14750700
2021-11-29,335.39794921875,338.0174075573323,332.69912711837196,334.26684150342027,16650900
2021-11-30,321.9336242675781,333.1952549665662,320.9116454450948,332.3915643527665,25390000
2021-12-01,308.18157958984375,327.92662605582126,307.8739957669234,327.71826965834975,30329600
2021-12-02,307.9731750488281,312.1503855715874,304.80801143553936,308.9752901333186,24396200
2021-12-03,304.45086669921875,311.3070674192426,297.168021329285,311.2872340448146,27471000
2021-12-06,315.3949890136719,317.6076366411211,303.9547653556216,305.73083649801384,21758300
2021-12-07,320.29644775390625,323.9974151280257,318.5005436838794,319.0661126641519,18794000
2021-12-08,327.9861755371094,330.159126077038,320.5545042219875,322.4694694967314,19937700
2021-12-09,327.25189208984375,333.5127573929671,325.4460560967517,326.9740734970569,16879200
2021-12-10,327.18243408203125,332.4213206705392,323.8287472745476,329.97055187122083,14528000
2021-12-13,331.8855285644531,338.43414460124114,327.0236878165198,328.37311410359496,22948700
2021-12-14,331.141357421875,333.08611788089667,325.09878022695415,325.4956596112595,20461000
2021-12-15,338.99969482421875,339.44617276651826,321.4573660255817,329.9010829872585,24681300
2021-12-16,332.29229736328125,341.7778560656633,331.14132606182676,336.340545427701,22635000
2021-12-17,331.19097900390625,334.4851050733317,328.1746412454397,330.20866697035297,40012600
2021-12-20,322.91595458984375,327.3312873022695,320.0186773181742,327.21222650534423,17901800
2021-12-21,331.5977783203125,333.38375058647256,321.2291346796741,323.8684263387449,16116800
2021-12-22,327.8769836425781,331.9053682815048,325.7040335196158,331.20087485098674,16764600
2021-12-23,332.62969970703125,334.0485882622083,325.80326484001887,327.52973720926553,13987700
2021-12-27,343.48455810546875,345.16140181124365,335.37818850295827,336.2116444421662,17795000
2021-12-28,343.524169921875,349.963626048627,342.51212302101527,343.93098110318874,16637600
2021-12-29,340.2697448730469,346.9671868790593,338.97987926535325,344.20883419741097,10747000
2021-12-30,341.67864990234375,344.5263282790015,340.54754217986994,341.3214675520747,10593300
2021-12-31,333.73101806640625,340.7658081749075,333.6516240293268,340.349065180123,12870500
2022-01-03,335.90399169921875,338.42419237470216,334.5644973188107,335.66583985117506,14537900
2022-01-04,333.9096984863281,340.41861838888224,329.2859786889718,337.3030828996532,15998000
2022-01-05,321.6459045410156,333.1456568355286,321.318457087581,330.4269709092636,20564500
2022-01-06,329.8713684082031,336.5291443423287,320.2072163614148,320.3064437904702,27962800
2022-01-07,329.20654296875,334.37596709741774,326.3191978982015,330.1491276753842,14722000
2022-01-10,325.5155334472656,325.78342022706335,312.9739386071096,322.77701413394965,24942400
2022-01-11,331.7665100097656,332.0244952768935,322.74729056704444,324.23561120670064,16226800
2022-01-12,330.66510009765625,333.75086972930177,327.46023940386385,332.57013317263903,14104900
2022-01-13,323.93792724609375,333.0166761967169,323.22353219830933,332.37174337245716,14797100
2022-01-14,329.3157043457031,330.1392586318961,318.70893800587925,319.2844388795973,16868500
2022-01-18,315.67279052734375,321.6856032779629,315.16678211800723,320.7727836078139,22645600
2022-01-19,317.1015625,324.5530968357373,316.84357725675176,317.09163067373413,20814700
2022-01-20,314.0951232910156,325.2674577074556,313.5196527472708,321.3779672147133,16925000
2022-01-21,300.8094482421875,315.83154828865156,300.6804556131822,312.3588002521819,28710700
2022-01-24,306.3062744140625,307.1198968928485,286.7596832302792,295.5209166368451,38878100
2022-01-25,297.8128662109375,303.8455410500459,295.2628703323014,297.61444168541084,25108500
2022-01-26,292.3359069824219,305.1156233960731,288.58534066797705,304.61951658051186,28348800
2022-01-27,292.3458251953125,299.3607522279332,291.96877918824987,295.4315949100361,21629900
2022-01-28,299.3608093261719,299.5493323656609,290.74840103357474,293.3182310750774,21871600
2022-01-31,310.82086181640625,311.34673384669173,296.9894009293225,298.3387969768634,21579500
2022-02-01,316.5161437988281,317.1710084195929,309.6897092695964,312.110712917288,18023800
2022-02-02,320.48504638671875,325.44611521623455,314.4027711569386,325.2675240055626,58458300
2022-02-03,235.90872192382812,246.0689955787632,233.91437785360253,242.74507365507444,188119900
2022-02-04,235.24391174316406,240.72093489028182,228.31826526183067,233.14042381897158,89342200
2022-02-07,223.1587677001953,236.44450739450184,222.26576636304068,235.8491731697321,88613800
2022-02-08,218.465576171875,224.01206152431283,214.4669567033592,219.1303725857273,94729700
2022-02-09,230.19357299804688,231.55290089035407,220.47980776459082,222.45430329166842,86563300
2022-02-10,226.29415893554688,233.1701917922744,224.93481603289214,226.49259862397028,49310400
2022-02-11,217.8404998779297,228.6258569131585,217.06657447768202,226.68112672688727,46156900
2022-02-14,216.00489807128906,219.27920598503405,213.1076361709991,217.60236257569318,38184000
2022-02-15,219.2792205810547,219.4280465752312,213.38546897199984,218.7533485483256,42685500
2022-02-16,214.8539276123047,215.76677745313566,210.70648200582244,210.75609571412514,45817500
2022-02-17,206.09271240234375,215.80647777484828,205.54699184434253,212.35357836964496,38747500
2022-02-18,204.55474853515625,209.10900508345037,203.58236835806525,207.759594053588,37128400
2022-02-22,200.50653076171875,205.86447827017005,198.50225500397403,200.76450085331822,39852400
2022-02-23,196.90478515625,205.32868403916535,196.5079057737242,202.57033145267047,44481400
2022-02-24,205.9835662841797,206.72772654511968,188.73888765920373,189.5723435178615,49957200
2022-02-25,208.84112548828125,209.6745964633609,201.59796279185824,203.3442685110929,37627600
2022-02-28,209.3868408203125,211.49032886803136,205.21954660842596,206.06291910870078,34239800
2022-03-01,201.9055633544922,210.10124274506424,200.64544776565825,208.2358762173396,27094900
2022-03-02,206.4895782470703,207.52147375619305,200.44700090023863,203.1855050567392,29452100
2022-03-03,201.3896026611328,207.45202857519675,199.85166849923849,207.39249817950693,27263500
2022-03-04,198.50228881835938,204.2868970429028,197.24217306324067,200.79430025563525,32130900
2022-03-07,186.0102996826172,199.3258054429597,185.8217766611403,199.22657801903105,38560600
2022-03-08,188.80833435058594,195.16842766775892,184.66088843878129,186.3873456909563,37508100
2022-03-09,196.95437622070312,197.54971036602572,192.41003665533762,194.2158724601669,31894700
2022-03-10,193.69003295898438,194.7516936899463,189.5822690603511,193.32290361390366,24853000
2022-03-11,186.14920043945312,192.0528685324607,185.2165172013014,191.14003380617865,34694500
2022-03-14,185.17686462402344,190.7927831736334,184.37317387586273,185.57374408435584,31010500
2022-03-15,190.53477478027344,190.7828281781689,184.46243244458515,189.3143563018215,31721700
2022-03-16,202.0444793701172,202.14369165553742,193.00541201145757,193.18400320920165,40640300
2022-03-17,206.2216796875,206.42011938787329,199.5440861170762,200.12948853216994,29499700
2022-03-18,214.80433654785156,215.11192035410394,204.39601000543493,205.09055652600136,52128000
2022-03-21,209.84324645996094,213.03817526135632,206.01330160027447,212.82980375692748,30142300
2022-03-22,214.9630889892578,217.7512221641548,208.54346523043534,209.72420193902565,31998800
2022-03-23,211.7979278564453,215.1119177429049,210.50804711106318,211.66893523991357,23717300
2022-03-24,217.8603515625,218.95177745927012,213.1175565355208,213.325928057074,31502300
2022-03-25,220.0928192138672,223.7441578485975,217.1856256093876,218.79300673228764,40039000
2022-03-28,221.8490447998047,222.29553791114895,217.830576517749,220.4004213594452,26224100
2022-03-29,228.07022094726562,229.09219975413018,223.5357974834285,224.3097380278288,31417900
2022-03-30,226.0758819580078,229.35017482946435,224.94475902387336,227.12762598483724,25588000
2022-03-31,220.6286163330078,226.7108905356395,220.5293889171824,226.67119351331812,24192300
2022-04-01,223.09927368164062,225.51034589112467,220.96600497837204,222.8016065207217,19544800
2022-04-04,232.06884765625,232.52527259224502,224.10137333817107,224.22043413017906,28054800
2022-04-05,230.03480529785156,235.01572198026443,229.2211979906724,232.2573692886443,29727200
2022-04-06,221.56130981445312,227.20700787328028,219.68602663220452,225.14320167620593,28995100
2022-04-07,221.21401977539062,223.76401600245768,216.85820266353352,222.18638486720067,21037200
2022-04-08,220.59884643554688,223.37704747970082,218.31675217999265,220.64846014240237,18375700
2022-04-11,214.77456665039062,218.8922471136339,213.54421631232353,216.7192968654244,20516600
2022-04-12,212.47262573242188,220.30119065314656,211.4704954183544,218.5251349202986,20128800
2022-04-13,213.3159942626953,214.92337535155505,209.6844890752935,210.17067915993815,19231800
2022-04-14,208.54345703125,213.3160173902609,208.3648658420038,213.21678996958275,18379500
2022-04-18,209.12884521484375,211.7185230750163,206.6780766401221,208.36483657487577,16580800
2022-04-19,215.61793518066406,216.7292095688352,207.3726425799073,208.88081149240958,20089900
2022-04-20,198.8594512939453,212.4924718413418,197.37113086850815,211.9467513240192,43036500
2022-04-21,186.60560607910156,201.38958163792174,184.13498893603338,200.03025394497672,49954100
2022-04-22,182.67645263671875,191.21941262522995,181.84299681832218,188.88770453092923,36426800
2022-04-25,185.53404235839844,185.72255024091484,180.24554160198022,181.30720237185403,29281100
2022-04-26,179.54107666015625,185.7324959666093,178.10236973762557,185.17685868397513,31747400
2022-04-27,173.5877685546875,179.79903546123612,167.68410058572994,173.07181323676826,71062900
2022-04-28,204.12811279296875,206.90631407931315,191.39800967095255,201.33999482037984,100890600
2022-04-29,198.9090576171875,210.82553726399675,198.3434886093317,202.867995252245,49193400
2022-05-02,209.48606872558594,210.23022894872142,199.42502311439333,199.60361430075616,49915300
2022-05-03,210.37904357910156,213.22669170109717,206.46971966222895,208.81134431020465,41556300
2022-05-04,221.67044067382812,222.5535101589403,205.348530227441,209.0097856387637,41375900
2022-05-05,206.6582489013672,218.4556680856586,204.5547608988458,217.03680989451814,41129200
2022-05-06,202.18338012695312,207.74969932081515,199.454792583687,205.7255749921496,34747200
2022-05-09,194.68223571777344,200.99271477399856,194.0571363094751,198.28396076469102,36303200
2022-05-10,196.11102294921875,201.37969017738874,192.67797217965332,197.95654095400684,34452500
2022-05-11,187.27041625976562,199.107518248461,186.80407461686013,194.80131449139864,31153400
2022-05-12,189.75096130371094,196.50793445839577,183.3412538744328,185.60349999300624,38262200
2022-05-13,197.07345581054688,198.3335712924769,189.79061178927196,191.0804924673125,24549800
2022-05-16,198.48240661621094,203.7709070471389,194.4044080173516,195.5156975710409,27112600
2022-05-17,201.04232788085938,203.8602261947691,196.8155031199633,200.54622104854852,24872700
2022-05-18,190.7431640625,199.43495048394504,190.13791310966099,198.44273679994532,23960000
2022-05-19,189.80055236816406,193.76940717562402,188.12372392959506,189.7112567685913,24446900
2022-05-20,192.03302001953125,196.36900389432037,186.4071705328154,193.45189338862062,31465600
2022-05-23,194.70208740234375,195.45617949343676,189.75095079783037,193.67019183029456,25059200
2022-05-24,179.86849975585938,182.24980659881354,174.738756702844,179.14418798829092,50406300
2022-05-25,182.39862060546875,184.00600172835072,177.92374289893897,178.99532022087533,28030200
2022-05-26,190.13787841796875,191.32853159353138,180.84082760000297,181.4560102670253,23056500
2022-05-27,193.61061096191406,193.80905061942826,188.3221115762949,189.86996210087116,22562700
2022-05-31,192.1322479248047,196.06142058608745,190.5149348528655,193.37251497016206,26131100
2022-06-01,187.17117309570312,197.97637860549406,183.5595161934951,194.97988929114155,36623500
2022-06-02,197.3115997314453,199.3754058637499,186.26825737146237,186.98265238418233,31951600
2022-06-03,189.2944793701172,195.07908555733604,188.30226592750626,194.45398624369895,19465000
2022-06-06,192.7375030517578,195.3867117016177,186.9330470969102,192.47953295108994,30574200
2022-06-07,194.1265869140625,194.99973973643614,189.99898979915574,190.43555107036437,18828700
2022-06-08,195.10888671875,200.45691755476113,192.8962545730106,193.15422466525632,22267200
2022-06-09,182.5673370361328,197.89703703644236,182.24982135670524,192.76729356804003,23501600
2022-06-10,174.20294189453125,181.67430878576448,173.65722140885484,181.61476325461828,27450800
2022-06-13,162.98097229003906,171.236195281082,162.75276744071215,169.26168510827847,31749300
2022-06-14,162.45513916015625,165.45162866818345,160.10359761848122,164.73723361805804,27244300
2022-06-15,168.03138732910156,170.81950525732464,162.70318974465354,165.8981189021135,30008300
2022-06-16,159.61740112304688,163.79462714887313,158.36721740504552,162.4452160123095,26944100
2022-06-17,162.46505737304688,164.60822720386258,158.65494571164365,160.42108467647037,31374200
2022-06-21,155.8271484375,166.45374758302697,154.75555593593816,164.63799488371197,50724900
2022-06-22,154.63648986816406,159.5380121523933,154.22967867369047,157.1467889716582,47267800
2022-06-23,157.513916015625,158.5061296598179,153.04895461675687,155.05323041722062,40499200
2022-06-24,168.83506774902344,168.92436333833888,160.04405475471546,160.47069933031898,68736000
2022-06-27,168.17030334472656,170.41270082808344,166.7018161864418,169.98605620964864,29174600
2022-06-28,159.4288787841797,169.96619782883943,159.35943170287592,168.57708966300072,27744500
2022-06-29,162.6634979248047,165.03488779285908,159.07168958356175,162.29638374229557,28595200
2022-06-30,159.99444580078125,163.9434517587167,157.25594166723448,160.8874320004222,35250600
2022-07-01,158.78396606445312,159.3693685465401,153.79313208602133,159.06178470476493,31423900
2022-07-05,166.88040161132812,166.93993200272172,155.79737792755841,156.90865227351182,28618600
2022-07-06,168.44813537597656,170.25395655819605,164.17169646480727,166.89035249539867,23085900
2022-07-07,170.84927368164062,171.37514571376303,166.47360777815038,168.13060278464656,24083400
2022-07-08,169.5494842529297,171.0576381970668,166.84072991356624,168.65648282655349,19249200
2022-07-11,161.61178588867188,166.18589203584943,160.64933730755345,165.76916406360962,21885600
2022-07-12,161.99874877929688,164.6181925638849,160.83786046862522,163.516834657866,16639700
2022-07-13,162.21701049804688,163.6953991051211,158.3672168002053,158.91293732025682,16555100
2022-07-14,156.81935119628906,161.32399395376947,156.05534254020475,159.96466626461358,23765200
2022-07-15,163.41757202148438,163.695390610006,158.57558009298083,159.28995993490958,23342800
2022-07-18,165.9279022216797,170.35318223623105,164.35028598280718,165.45164385786507,23574300
2022-07-19,174.4113006591797,175.11577895763392,168.19011731697498,169.04342159539536,25933700
2022-07-20,181.66439819335938,182.17043685739438,175.32415341322346,176.108010695169,24784300
2022-07-21,181.7437744140625,182.4184875761292,177.47725264504635,179.22355837746912,27195800
2022-07-22,167.95199584960938,174.23270958756183,167.09869157067797,171.72241045744528,42583900
2022-07-25,165.35238647460938,169.24187701783146,163.5267171273681,167.6840944354724,26166300
2022-07-26,157.91078186035156,164.70745079555678,156.7201286175358,164.6479204044126,28468400
2022-07-27,168.2595977783203,169.53954676474433,160.7584647751414,161.32401870031222,43846600
2022-07-28,159.46856689453125,160.25240895674543,153.64427805738555,159.80591587624482,73214300
2022-07-29,157.8611602783203,158.8930555676503,153.96175368715635,156.46213573049945,42065400
2022-08-01,158.68470764160156,163.9037606652723,154.02130693001527,156.0255825636675,40596700
2022-08-02,158.94273376464844,160.97677511745658,156.77969977083868,157.07736694392938,27374500
2022-08-03,167.4856719970703,168.2199004297414,160.31197133907014,161.42324581445072,31721900
2022-08-04,169.24188232421875,170.80956650112654,165.50123278418064,166.98955319565712,23938200
2022-08-05,165.80882263183594,170.27378402922727,164.50902518076973,165.68976183936536,25832700
2022-08-08,168.9243927001953,176.12785914996925,165.82869061268593,166.69191173939979,27299100
2022-08-09,167.21775817871094,168.20997178691073,165.30279318207488,167.63448607735745,18655100
2022-08-10,176.9513702392578,179.07470674304471,172.59555312980802,174.6196773573301,30262100
2022-08-11,176.1079864501953,181.67430500840524,174.9966969915663,178.31070171750684,24079100
2022-08-12,179.0945587158203,180.04709045423732,177.51694269092118,179.402142516149,21274000
2022-08-15,179.48153686523438,180.0272574321156,176.81247957083508,177.5665716777908,15878700
2022-08-16,178.07257080078125,179.58073966791372,175.66148395043294,178.0428056048491,21156700
2022-08-17,173.48855590820312,176.75293202621683,172.81384278005555,175.38367239848955,20118100
2022-08-18,173.30001831054688,174.39144410658275,170.5218174061318,172.98250271462427,18844500
2022-08-19,166.65220642089844,170.9782584134384,165.74928839232285,168.87475524203418,26240800
2022-08-22,161.78042602539062,164.20142956470605,160.996568824722,164.20142956470605,19499700
2022-08-23,159.8555450439453,163.76486932772292,159.44873380548583,161.21487292760173,18111800
2022-08-24,161.98876953125,164.17165132937353,158.52595412781807,159.34949314438714,20891500
2022-08-25,167.46580505371094,167.56503246665474,162.74287391315033,163.89383014741966,15550500
2022-08-26,160.52029418945312,169.58912471231218,160.41115010200173,167.16812141973682,24023600
2022-08-29,157.93064880371094,161.78044270679146,157.77189098214532,159.4090526295797,20052700
2022-08-30,155.93630981445312,160.40127149563065,154.6960426807927,159.10147396195126,19567900
2022-08-31,161.66136169433594,166.53313431830148,160.87751957743515,165.76914071346795,40953000
2022-09-01,164.0724334716797,166.05686057455924,159.10144902935826,162.30629456131507,30145700
2022-09-02,159.0717010498047,166.62243245907325,157.98025996910707,166.14617414203198,22634200
2022-09-06,157.30552673339844,160.43100844381465,156.46215431501463,158.8533925612111,19339800
2022-09-07,159.14111328125,159.70668221010988,155.58898734377883,156.53158708523634,16831200
2022-09-08,160.7981414794922,160.96681598296698,156.51178639006864,157.47423484046743,22530800
2022-09-09,167.83294677734375,168.21990952737565,161.75068689299516,161.97889181224986,22086800
2022-09-12,167.64443969726562,170.05551181144762,165.97751274599625,166.08665686268637,23220400
2022-09-13,151.9376678466797,160.3714831377137,151.48124294581012,160.28217241060221,44444100
2022-09-14,150.29061889648438,152.34449349948872,147.88946342274005,152.13613708902906,43064200
2022-09-15,148.3855743408203,152.99936237780446,147.54218656890754,148.63362778667926,34606300
2022-09-16,145.1509246826172,147.42310236449293,143.16649743066273,146.89723035392328,40122800
2022-09-19,146.86749267578125,147.42312998804502,143.9702301618478,144.10913948991376,22169500
2022-09-20,144.95248413085938,147.68107158621052,144.08926312614136,144.64490033101634,23217400
2022-09-21,141.01341247558594,148.43518218270748,140.8943516710801,145.25016940235443,38338600
2022-09-22,141.7079620361328,143.4542526254641,139.77313328922853,140.44784645009264,34418500
2022-09-23,139.3166961669922,141.50947944488234,137.80852746194344,140.31882631562323,31710700
2022-09-26,135.3081512451172,141.1324548324313,135.12956008086076,139.0289519002258,30497000
2022-09-27,133.353515625,138.3344326531718,133.07569699936298,136.84611209869647,30826500
2022-09-28,140.5073699951172,140.92409789474942,133.22452572729918,133.57179140700362,32658500
2022-09-29,135.3478546142578,138.7511398392883,134.1472695516224,138.2748815722821,38985400
2022-09-30,134.62356567382812,139.8922338477571,134.44497445097372,134.99069508744262,33166400
2022-10-03,137.53074645996094,138.53287688225336,135.04029543467058,136.07219105782457,27723100
2022-10-04,139.18772888183594,141.28130027797047,138.25504563332407,139.3961004088353,34670700
2022-10-05,137.89784240722656,139.11827604059891,133.73054829955544,137.1636140300522,27979300
2022-10-06,137.98716735839844,140.34862568345443,135.53639829341935,136.64767279932806,36231100
2022-10-07,132.41090393066406,137.21321419500794,131.4087736296269,135.695128574833,33214800
2022-10-10,132.74826049804688,135.05020348397787,130.84321206485183,132.51013890638444,24024000
2022-10-11,127.53912353515625,131.6270536717178,126.00119706886443,130.59514309744893,38481400
2022-10-12,126.50724029541016,128.6603420977581,125.26697323369045,127.3208627550881,34605200
2022-10-13,129.2755126953125,130.11890037271309,121.5759400490777,122.56815372132348,34325700
2022-10-14,125.77300262451172,130.76382843262456,125.53486590146892,129.9799863217405,23559400
2022-10-17,132.99630737304688,133.74046759034007,129.1663621824455,129.2854381123977,29612200
2022-10-18,131.76597595214844,136.7667260943057,130.37686775600895,136.02256585565274,25445000
2022-10-19,132.19259643554688,135.93324545852587,131.19046628073306,131.85524748917106,30691000
2022-10-20,130.50584411621094,135.70504845290708,130.28755592887023,131.89493699930915,26356300
2022-10-21,128.9976806640625,129.106824762259,124.46327252621275,125.32649348650858,46348600
2022-10-24,128.70993041992188,132.4406475552907,123.60002961957734,126.2591619781846,63563400
2022-10-25,136.43930053710938,137.27277155210777,129.5731835448493,129.8609339964498,38433200
2022-10-26,128.80918884277344,134.49456906227655,127.52922470090857,130.65469177666142,82791500
2022-10-27,97.17740631103516,101.70189808643511,95.62954788524887,97.21709576502857,232316600
2022-10-28,98.42759704589844,100.06475118209325,96.75076102287782,98.80464310065243,95928300
2022-10-31,92.43462371826172,98.54665563117554,91.87897894800474,97.45522217208263,121361400
2022-11-01,94.45873260498047,96.73090267934045,92.8215862051481,93.5955116094301,110189600
2022-11-02,89.83503723144531,94.45874954494421,89.7755068265904,93.47646001488596,71821100
2022-11-03,88.21771240234375,89.75563889838399,87.72160561588133,89.37860046586853,60664000
2022-11-04,90.08308410644531,90.67841082153454,87.40410253355893,89.64650764938459,55638100
2022-11-07,95.96690368652344,96.12565393122965,92.37508761392576,94.04200681828185,81987300
2022-11-08,95.7188491821289,97.03849511420917,94.05192999686678,95.17312866285086,52088300
2022-11-09,100.6799087524414,104.08320148518541,99.95558954005477,100.92796213654815,107677300
2022-11-10,110.99893188476562,111.87207707822908,103.7954594362292,106.285917551093,80671000
2022-11-11,112.13998413085938,114.00535064993957,107.96276554524319,108.37950103418012,59961700
2022-11-14,113.33065032958984,115.36468387805913,109.93728128327324,110.12579673918653,53395000
2022-11-15,116.16836547851562,117.8154360525285,113.5191570888149,115.16622766282778,50670500
2022-11-16,112.34835815429688,115.1761656241988,111.78279666031649,113.60846619527436,33287800
2022-11-17,110.58220672607422,111.45535957072005,108.94506028234187,109.55031120602072,35093800
2022-11-18,111.17752838134766,113.42984974981299,109.75866273936656,112.91390204817824,33357700
2022-11-21,109.00459289550781,111.4950512926187,108.33981156253067,110.65166362870413,24351100
2022-11-22,110.5722885131836,110.75088726803217,107.47657928580465,109.00458917284487,29029000
2022-11-23,111.36605072021484,111.79270286479202,109.86781365645757,110.85010298653472,21343100
2022-11-25,110.54253387451172,111.85225567850694,110.15556356038617,110.43338976001296,12007600
2022-11-28,107.9330062866211,111.16762510453496,107.53611928816707,109.91743370890127,23309400
2022-11-29,108.60769653320312,110.07617594853657,107.69486186501712,108.68707543565115,23899200
2022-11-30,117.18042755126953,117.2399655163382,108.52832353355872,108.65731614954981,43348600
2022-12-01,119.50221252441406,120.25628943600728,117.4780958022648,118.27186216762439,36551400
2022-12-02,122.52845001220703,123.07417049645396,116.6942370232965,116.91252521699526,39950500
2022-12-05,121.47671508789062,123.69927150066809,120.40512255012695,120.80200951633452,35474900
2022-12-06,113.23141479492188,119.61134832247026,112.85436879532277,118.97633224629031,43689200
2022-12-07,113.04290008544922,114.97771365164438,112.00107273750456,112.87422558377872,29461100
2022-12-08,114.43199920654297,116.42634314272308,113.69775567353206,115.48374322681642,30619400
2022-12-09,114.99755859375,116.62478830403349,112.9833661822399,114.40223194340052,26033400
2022-12-12,113.81682586669922,114.81896376384701,112.25905075290997,114.28316748923302,24747100
2022-12-13,119.21446990966797,122.33994437785942,117.71622519933055,121.1790486702528,44701100
2022-12-14,120.64325714111328,123.17340504101887,118.46039008353992,118.46039008353992,36922000
2022-12-15,115.2456283569336,117.70631421305104,113.12229154157816,117.40865463061223,34531000
2022-12-16,118.50009155273438,122.34987827784134,117.89484054386578,119.29386560141165,67064000
2022-12-19,113.58860778808594,116.88275639162991,113.43977424518718,115.92030806020489,29769900
2022-12-20,116.17829132080078,116.41642804447906,111.58434489885498,112.37811883780395,28742500
2022-12-21,118.8275146484375,119.40299284035824,114.71975054236835,115.79133558352439,20392800
2022-12-22,116.20805358886719,117.69637391242856,113.48938301410328,116.2874249195991,23618100
2022-12-23,117.12090301513672,117.25981232393049,114.6403688295484,115.12655141032663,17796600
2022-12-27,115.96992492675781,117.67653356062343,115.14639337715077,117.01175225347482,21392300
2022-12-28,114.7197494506836,117.23004887272762,114.61060533929127,115.34484134957533,19612500
2022-12-29,119.32361602783203,120.0876172098368,114.86857127552733,115.49367072170247,22366200
2022-12-30,119.40298461914062,119.48236352635037,116.823230694738,117.23996617259452,19583800
2023-01-03,123.76873779296875,125.38605100763152,121.32789294070608,121.86368925998178,35528500
2023-01-04,126.37824249267578,128.04516155820883,124.87007365862803,126.38815917777643,32397100
2023-01-05,125.95159912109375,127.51929845470177,123.57028492333293,125.14790094273111,25447100
2023-01-06,129.00762939453125,129.3152132188516,125.0586155413681,127.96580198249362,27584500
2023-01-09,128.46189880371094,131.91479796779146,128.2733757932046,130.13874224666318,26649100
2023-01-10,131.95449829101562,132.4009914039198,126.15996665938663,126.27902745216674,28684400
2023-01-11,131.85525512695312,132.80778677539865,129.32510760262235,129.94029028515095,25423000
2023-01-12,135.6455535888672,136.60798703423046,130.73408322737612,132.40101026363502,30757700
2023-01-13,135.91343688964844,136.32024816569393,133.79010004441014,133.91909267827347,22423800
2023-01-17,134.30604553222656,135.68522195416884,133.20468773197197,135.11965288431784,21147600
2023-01-18,131.9842529296875,136.1813120791631,131.7659647337358,134.75252212019842,20215500
2023-01-19,135.08985900878906,136.37973955851925,131.1110884113673,131.45836918474794,28625200
2023-01-20,138.28482055664062,138.85038964114324,133.56188872561822,134.8319210690861,28688600
2023-01-23,142.15443420410156,142.6406091357408,137.5803293049433,138.20541352276183,27470100
2023-01-24,142.02545166015625,143.87096953007216,140.25931269367496,140.58674499285107,21970200
2023-01-25,140.39822387695312,142.05521876598272,139.21748727495543,140.12040528118638,26622000
2023-01-26,146.15306091308594,146.36141728300726,142.18420665958723,143.2756324953129,25482100
2023-01-27,150.55848693847656,151.99719353324195,146.24235201420336,147.0857395731919,35771900
2023-01-30,145.91493225097656,149.9433171179442,145.80578814738973,148.24664030943237,28040100
2023-01-31,147.81007385253906,148.71299193940402,146.3713670374125,146.7980116547346,29842100
2023-02-01,151.927734375,152.38415927092325,145.91492266683247,146.87737102434204,55661000
2023-02-02,187.30014038085938,195.62481076232703,178.75718182548152,181.95211040001152,150475700
2023-02-03,185.0775909423828,195.23786307187538,181.4659342518953,182.0414199235635,76809700
2023-02-06,184.6112823486328,189.21515340452763,184.07549360134317,185.0776240083015,42483800
2023-02-07,190.12796020507812,192.27114515851267,182.96417698960028,184.13499687970858,47080700
2023-02-08,182.00173950195312,189.34412947288163,181.49571599932648,188.52059034038672,36139100
2023-02-09,176.53463745117188,185.1966577219229,175.88970468339843,184.6807175636952,37118800
2023-02-10,172.79400634765625,177.49710464211017,172.00024751549427,174.97688855603946,33433600
2023-02-13,178.03289794921875,179.59068073438124,174.45102100596873,176.83232784369244,31463200
2023-02-14,178.08251953125,180.09671223165176,174.51055911683392,175.78059150506812,24034600
2023-02-15,175.7805633544922,176.80254214167127,173.96481066679146,175.04631984701354,25308900
2023-02-16,171.09732055664062,174.4807726641265,170.45237261399396,171.40490435914325,25827500
2023-02-17,171.5338897705078,171.8315417346345,168.37864269096454,168.89459799541382,24171300
2023-02-21,170.7401123046875,176.78268928982402,170.54167261942416,172.95274431832965,34592600
2023-02-22,169.78759765625,171.41482746265243,168.36873938126783,169.7379990849405,22433200
2023-02-23,170.70042419433594,172.33758574816875,168.06114747660433,170.66074231120285,20017800
2023-02-24,169.0632781982422,169.39071050981784,166.35453925336142,167.32690436229686,19791300
2023-02-27,168.21990966796875,171.77203664968215,167.74365131521915,170.5417013100807,19277000
2023-02-28,173.57785034179688,176.16752845436773,170.53174730970196,170.5615125066298,46051100
2023-03-01,172.06967163085938,176.4651855200996,171.7025574629913,173.23055966490836,30998400
2023-03-02,173.17103576660156,173.64729404817407,170.09516759732804,171.0377826149936,17352000
2023-03-03,183.8075714111328,185.16689921321293,175.67142283010665,177.52685743761492,45877700
2023-03-06,183.4602813720703,188.18322761199428,183.20231129660337,186.53614946714723,33209400
2023-03-07,183.0733184814453,188.87777386268286,182.5772117015097,187.5283628156589,36701500
2023-03-08,183.52975463867188,183.81748992709475,179.92801435060838,181.44609997913568,19432400
2023-03-09,180.27529907226562,187.45891615214956,178.89612271521787,184.89901827847535,26582800
2023-03-10,178.1122283935547,183.3312807549632,177.4077653325883,179.60054854711672,25665000
2023-03-13,179.49143981933594,182.3490199218457,173.4587942651152,176.57434446133212,24728000
2023-03-14,192.50927734375,192.80694443695197,185.10735759402482,186.1194196549206,41642600
2023-03-15,196.2102508544922,196.24001605303158,189.35405084464165,191.4476222684607,42123600
2023-03-16,203.33432006835938,204.15785915002033,194.56315572437018,196.71625735908384,50447100
2023-03-17,194.0869140625,200.32793130379721,193.90830773144071,198.99836863693588,50141100
2023-03-20,196.26979064941406,197.807724920832,192.1322613145537,196.93457201525698,25186300
2023-03-21,200.5858917236328,201.9650679306829,196.40866608272424,201.61778713769408,31827000
2023-03-22,198.25421142578125,205.75534436543967,198.1153021172683,200.9232686264753,28477800
2023-03-23,202.6894073486328,206.2613826175449,200.5759873861949,201.26061724106796,27389700
2023-03-24,204.40591430664062,205.96369689550627,201.96507737654167,203.58237521787427,27716400
2023-03-27,201.2606201171875,204.25710968337523,199.79214810341801,203.21528228672267,18527200
2023-03-28,199.11740112304688,199.46468190963645,196.35904875977394,198.59152917076673,19127300
2023-03-29,203.75108337402344,204.1181975874608,200.96295024122955,201.97501242473533,18851100
2023-03-30,206.2216796875,206.4697330979613,201.24077810622202,201.7964153232587,22608300
2023-03-31,210.2897491455078,210.5179540303412,205.16000673960775,205.62634833468755,25440300
2023-04-03,211.4109649658203,211.8276928727448,206.57887430271677,207.21389041897956,17924600
2023-04-04,213.04812622070312,214.55629527926422,210.8850924885587,211.72848018695962,21026400
2023-04-05,209.8333282470703,213.51444737094567,208.30532596205177,212.48253674679614,19396600
2023-04-06,214.41734313964844,215.25079884501878,207.02534046184934,207.62067461710043,26104400
2023-04-10,213.07786560058594,213.98078358899562,209.0197157053964,213.0381837191073,16106100
2023-04-11,212.1848907470703,214.33799250651626,211.74831432764745,213.80218866814147,16710100
2023-04-12,212.333740234375,215.1516236207126,210.9247985412062,213.16719614188665,18972200
2023-04-13,218.63426208496094,219.42802081401916,214.01054330230806,214.05022518277008,23310400
2023-04-14,219.76539611816406,220.38056370650133,215.85607210458502,216.18350440998398,21591200
2023-04-17,217.15586853027344,219.25935651194632,215.4393432459834,218.0786199086563,15481900
2023-04-18,216.19338989257812,218.72353724004805,214.52647854928907,218.19766531817882,12281000
2023-04-19,214.0204620361328,215.63777498502634,211.27202623352866,211.80783003474696,15898100
2023-04-20,211.4109649658203,215.0623038493368,211.11329784945184,211.8177610468795,16475400
2023-04-21,211.2323760986328,211.74833146698396,207.94815114120425,208.57325062324549,17717200
2023-04-24,211.13311767578125,212.2543238481798,209.06932678531544,212.01618714236722,15750900
2023-04-25,205.93392944335938,209.61503330899023,205.51720156083385,209.17847205585224,19198200
2023-04-26,207.76951599121094,212.44284857850462,207.25357583437997,210.84538412144423,41992700
2023-04-27,236.7024688720703,239.80810221766666,234.92641322808916,238.02211474831446,71196500
2023-04-28,238.4488067626953,238.55793573673895,233.9143828273357,237.1489940811513,39554000
2023-05-01,241.28651428222656,242.10013676312872,234.61885231326877,236.76202234544346,29143900
2023-05-02,237.37718200683594,243.01294786638383,237.12912861217322,241.28649078913926,24350100
2023-05-03,235.1844024658203,239.86765214917628,230.93772921497737,237.60540621704422,34463900
2023-05-04,231.70175170898438,236.3453046428844,231.1163341088725,234.22196789157476,17889400
2023-05-05,230.96749877929688,232.85269871171457,228.06031996962398,230.4317100547082,27000500
2023-05-08,231.4536895751953,233.7853826412468,228.4770485325923,229.61808820959843,16400500
2023-05-09,231.55288696289062,234.043352831237,229.2807244414687,229.6577704607354,16865600
2023-05-10,231.26515197753906,234.90657414001882,228.92352723267723,234.33108842458907,19119000
2023-05-11,233.9540252685547,236.35519537222126,230.49120968380188,231.2353698430436,20449000
2023-05-12,231.9894561767578,235.11493805740562,229.64783150762847,234.89664985723425,16161400
2023-05-15,237.00018310546875,238.38927633566846,233.4976696879117,235.07528595792007,20653200
2023-05-16,236.96047973632812,237.77408708598546,233.68617154482772,233.95405833923843,18163800
2023-05-17,240.60186767578125,241.94134687586555,236.28573270445185,236.59331648061985,21193100
2023-05-18,244.92794799804688,245.1660695868322,239.3120150495156,239.42115915770188,22943300
2023-05-19,243.72735595703125,246.753610562604,241.51472379688204,245.5431087203749,21733600
2023-05-22,246.38648986816406,251.5956112987984,243.21139421750922,243.49914464158914,27738500
2023-05-23,244.8188018798828,249.65087751904687,244.72949114484263,244.8882489627154,17748100
2023-05-24,247.26956176757812,247.64659264626343,243.04272207618027,243.37015438607577,17724300
2023-05-25,250.7224578857422,253.6296364767489,247.22986176229892,251.4269210658252,22371400
2023-05-26,259.9996337890625,260.2675205330431,250.7422800254305,250.96055306645957,25727200
2023-05-30,260.47589111328125,266.55816503984386,259.255487821885,263.1846450145921,23816500
2023-05-31,262.6588134765625,262.93663210305795,256.43764444041886,257.97556357281155,25473700
2023-06-01,270.48736572265625,271.866557317883,263.8197186411394,263.8296201878953,25609500
2023-06-02,270.48736572265625,273.20605188620755,269.0089769801132,270.5369945762739,19416900
2023-06-05,269.2768859863281,273.4243319144258,267.4611179895091,268.1953464254039,20742900
2023-06-06,269.0089416503906,274.4165177871543,267.5900834945639,268.036591718684,19419000
2023-06-07,261.5474853515625,272.1145530986745,260.75369638147964,269.55465558504585,26163600
2023-06-08,262.5199279785156,265.5660317752867,256.864327182779,258.59076959790355,20899400
2023-06-09,262.8870544433594,265.86369579830983,259.66235964216304,260.4362851832517,16949800
2023-06-12,268.93951416015625,269.6340758695962,263.2640505240302,265.0897503979936,15442500
2023-06-13,269.20745849609375,273.5731932089615,266.99481079654396,272.73973724122914,16164000
2023-06-14,271.2215881347656,272.8488026603034,266.2307550388256,269.7729647864291,19175100
2023-06-15,279.6355895996094,281.7787749466959,269.3066710434547,270.179793713784,25973500
2023-06-16,278.8120422363281,285.6087119553762,277.94882118522963,282.53284351172397,43127700
2023-06-20,282.1160888671875,282.5824304857627,274.0692508402336,276.55971674793904,20701600
2023-06-21,279.44708251953125,281.78869232986375,276.1925924971015,281.32235067713356,20556200
2023-06-22,282.6618347167969,283.0388807556065,275.6270434409826,276.90697727173125,17563100
2023-06-23,286.4819030761719,287.41458647610796,276.77805326574025,279.3181181864284,51092000
2023-06-26,276.3017272949219,287.5335927129634,275.4385062924321,286.45208350341085,24232700
2023-06-27,284.81494140625,287.09705117182915,278.4647795384772,279.8142059678566,26108300
2023-06-28,283.0686340332031,287.29544349247846,281.84820037160534,282.60229241746646,16722100
2023-06-29,279.33795166015625,284.3387177220062,278.50449569650834,282.28482787589394,15395700
2023-06-30,284.7454833984375,286.7993426355483,282.20541888378625,282.542767890268,19694900
2023-07-03,283.79290771484375,287.1465943473465,282.6320348220263,284.46763593933775,8629300
2023-07-05,292.07794189453125,295.7987432678793,284.1303004714729,285.41026462229314,33865500
2023-07-06,289.7164611816406,295.79873585225204,289.0417631500449,293.5861187368782,47600500
2023-07-07,288.2678527832031,293.893717936311,286.4124179592206,289.9049993761313,25586000
2023-07-10,291.81005859375,295.8086786396994,284.8149337600443,293.2487503073784,37058300
2023-07-11,295.9674072265625,297.84267521035605,289.6271477024056,291.6115749292531,27585900
2023-07-12,306.9313659667969,307.04052521355806,297.7633215569858,299.4004680187438,36677100
2023-07-13,310.9696350097656,313.77758587660765,307.8739337510717,311.1779913652673,30281000
2023-07-14,306.4650573730469,312.4282717245608,304.9668049148223,309.36233485809737,23054100
2023-07-17,308.201416015625,309.2829253198248,302.3374293890318,305.14541112925815,25323100
2023-07-18,309.6202087402344,311.7534919766378,305.2247102283001,308.4593359088423,20731900
2023-07-19,313.5494689941406,316.19866268368173,308.10219505234863,310.5926611922204,21763700
2023-07-20,300.1644592285156,313.0831001900084,299.86680724874,311.05897588766237,23836900
2023-07-21,291.96875,303.08152287218564,288.93257915606756,302.1984686154628,42139300
2023-07-24,289.33941650390625,295.20340298252125,286.05519164762,293.47696087002083,24915700
2023-07-25,292.1771240234375,295.97728858041813,289.58743092349596,292.89151898756404,19585600
2023-07-26,296.2452087402344,299.42027395208453,289.6271309972358,298.8448034126717,47256900
2023-07-27,309.28289794921875,322.81670621390026,307.4274633309865,322.58848618129997,64229200
2023-07-28,322.9456787109375,323.66007368157807,311.80310958996205,314.41263608382906,39220300
2023-07-31,316.1192932128906,323.12431956427827,315.1171476788954,321.16965734963014,25799600
2023-08-01,320.1972961425781,321.61618484159317,312.2099874333956,315.06756792601067,22817900
2023-08-02,311.8626403808594,315.9108886463333,308.2311351321081,315.5239108250941,20461100
2023-08-03,310.75140380859375,313.4899232457008,307.5167775331678,307.5167775331678,15180200
2023-08-04,308.310546875,315.9307401558167,307.7846748712968,312.50759107890946,17612800
2023-08-07,314.0951232910156,314.60116189806973,308.04261449667547,310.79106544719536,16236500
2023-08-08,310.2056884765625,315.41481011229837,307.6953588862012,311.95196390121913,15183500
2023-08-09,302.8335266113281,311.1879790598838,300.4919168777885,310.4438188052483,19955800
2023-08-10,303.359375,309.90799078632176,301.5039404211993,305.54225702209254,14358900
2023-08-11,299.2913513183594,302.34735615356055,298.021288729232,300.21410278081095,14046300
2023-08-14,303.8058776855469,303.82571105631087,295.9276994586192,298.63645342569663,15641900
2023-08-15,299.59893798828125,304.83782509841706,297.6938743664323,303.75631580203975,11623600
2023-08-16,291.99859619140625,298.735705826755,291.9886643642091,297.8625831522771,18547700
2023-08-17,282.8702087402344,293.7448627460336,282.7313145635703,290.7682215551062,23950100
2023-08-18,281.04449462890625,283.46549817008304,272.2435650787886,276.857352138506,35347900
2023-08-21,287.6427001953125,288.23803437738405,279.6553932823788,281.24294100791803,20181500
2023-08-22,285.360595703125,290.6193149024441,284.51720821041675,290.272034137217,12980200
2023-08-23,291.9489440917969,295.08434296040133,285.4301232140553,286.25364724690445,18287000
2023-08-24,284.51727294921875,297.12830035290386,284.4081439787186,296.1757836977918,18360900
2023-08-25,283.2769470214844,286.14445849769015,273.8806842050553,283.9020463553259,23701400
2023-08-28,287.99993896484375,289.180675611169,283.57464435762574,285.7575264634264,14239300
2023-08-29,295.66973876953125,296.8207102483981,285.9361251901025,286.3330045979978,20844500
2023-08-30,292.8022155761719,295.9673791248622,291.14520567590415,294.8561048281346,17717000
2023-08-31,293.5860900878906,298.7555143501628,293.3578700641985,293.49676421952233,17229900
2023-09-01,294.0722961425781,299.39054694781646,292.17716437490265,297.03900536445764,12842300
2023-09-05,297.8128662109375,299.0432315009917,293.20901146736196,294.70723321290353,14956000
2023-09-06,296.8406066894531,300.9384241215608,293.3579266695663,299.3608078619437,15418100
2023-09-07,296.34442138671875,304.65914513819365,289.9446321561456,295.6796250140112,33748700
2023-09-08,295.57049560546875,302.87317246953774,294.4691228690948,296.8901262442369,17548000
2023-09-11,305.16522216796875,306.6337092437882,298.93412177158643,299.063114388511,19489300
2023-09-12,299.3111267089844,306.2566211780148,297.8922686774997,303.94474677654966,13480400
2023-09-13,302.6846923828125,304.78818046723666,298.97382303689284,300.00570342701496,13210900
2023-09-14,309.2928466796875,310.4338863451406,302.65493479949475,304.3516116982113,19343100
2023-09-15,297.9717102050781,309.5706914181086,296.42385917038445,309.1837135194548,28131100
2023-09-18,300.1941833496094,301.23602569617873,295.481169208335,295.8681470090487,14234200
2023-09-19,302.69464111328125,303.7860822406688,297.47558735502014,300.12481126059,15924400
2023-09-20,297.336669921875,305.66132647870694,297.09851806182877,302.67475378193933,19379500
2023-09-21,293.4273681640625,297.9220950102227,290.98650066246944,293.397602964285,21319600
2023-09-22,296.7511901855469,303.0021531913707,295.9474997002191,296.9694783593366,25369600
2023-09-25,298.4875793457031,298.60667040304367,291.41312239636414,293.33801904399604,18987000
2023-09-26,296.6321716308594,297.9617342313641,293.7051596565991,295.34230605304384,19417200
2023-09-27,295.42169189453125,298.9539701789239,284.5569702480841,298.1106127734607,36429800
2023-09-28,301.5932312011719,303.9447725402208,294.38978120306416,296.61232993196177,22167100
2023-09-29,297.8724060058594,308.2212158114376,297.0290184758619,304.98659011566156,25373700
2023-10-02,304.43096923828125,304.7881515825602,299.2813784819107,300.3827209900587,16265600
2023-10-03,298.5967712402344,304.38136336068993,297.30690563751256,301.89092774805414,17362300
2023-10-04,303.2005920410156,304.51032114563077,296.1757336907266,296.40395369954626,16880500
2023-10-05,302.41680908203125,303.8257355185984,297.1679903566098,302.25805126327083,19130000
2023-10-06,312.97393798828125,313.84709082731973,298.56700698401727,299.09287899662587,21803900
2023-10-09,315.881103515625,317.8357654962619,309.392048448092,310.066746421115,22503700
2023-10-10,319.3340148925781,322.1320644548327,315.68267618606524,316.6351927442957,19038000
2023-10-11,325.2674560546875,326.2795029836983,320.43538086899065,320.49491126011156,22036300
2023-10-12,321.635986328125,327.9663143762472,320.1774310246236,325.44608318054617,20530500
2023-10-13,312.23968505859375,322.5190029215304,309.9377423510793,321.0108492234802,21341000
2023-10-16,318.6493835449219,319.3141799633307,313.0632162730603,316.15894806212225,16536100
2023-10-17,321.47723388671875,321.87411330466125,314.8293900863371,315.7025429737858,16387800
2023-10-18,314.501953125,323.4021105297396,313.1029282837248,318.8875506594912,16851000
2023-10-19,310.3743896484375,319.38370771452566,309.3226454655626,317.3893483300357,18709200
2023-10-20,306.24676513671875,312.84498045908896,304.0837464482957,311.6940391657698,22312300
2023-10-23,311.5649719238281,314.8888629365929,304.86753077519865,307.09007933345515,17796800
2023-10-24,310.1163635253906,315.8712208509296,308.2113302782834,314.31343815660597,19525500
2023-10-25,297.19775390625,308.4593849099364,296.5131240641257,307.5862320515774,42192500
2023-10-26,286.10479736328125,292.703011741462,277.22447353914265,292.703011741462,66684100
2023-10-27,294.4195861816406,296.9794842399318,290.68885292835586,292.1871053257045,29596300
2023-10-30,300.3033447265625,306.99085409785965,296.72143820802165,296.76113522682925,28435100
2023-10-31,298.9241943359375,301.31543285724274,294.5485285219265,300.9483186528854,19434200
2023-11-01,309.42181396484375,310.3048683139882,299.4996780690973,299.4996780690973,20434600
2023-11-02,308.4494323730469,316.3375424870294,305.92920138835984,314.82935845841877,21631800
2023-11-03,312.1504211425781,313.093005944509,308.59827930973705,310.1163649869128,16764300
2023-11-06,313.341064453125,315.85136382365476,312.00160022439076,313.5196859262533,12887700
2023-11-07,316.3375549316406,318.50057336518654,312.6663524101526,314.59124926347897,14055600
2023-11-08,317.29010009765625,318.82801924162567,312.4282589574089,315.66288535306535,13609700
2023-11-09,318.0540771484375,321.6558175852299,316.3177032404489,316.9329011458724,16103100
2023-11-10,326.2100830078125,326.53753048133314,316.9725760032875,317.4488494738817,19096200
2023-11-13,326.62689208984375,329.74242795140617,323.1640753116194,323.6601822554322,16908900
2023-11-14,333.6913757324219,335.46744667370785,330.73456810569553,331.93516844363756,17179400
2023-11-15,330.1193542480469,335.7650516417798,327.450297436741,335.2987100726681,14531200
2023-11-16,331.5878601074219,331.97480765966105,323.838674437655,326.8053833646593,18932600
2023-11-17,332.4312744140625,332.88768422104437,326.78557624437,327.6884943120668,14494400
2023-11-20,337.3228759765625,339.20807585654825,331.58788228778786,332.28244395513093,16960500
2023-11-21,334.35614013671875,337.25338680796017,333.2845325230063,335.69560423392653,12027900
2023-11-22,338.8310546875,340.2499433246193,335.943709119039,336.5688086095252,10702700
2023-11-24,335.59637451171875,339.19808399039766,334.1477210368185,337.48157405801305,5467500
2023-11-27,332.0939025878906,337.2533951174812,331.59779579004794,333.56235933033327,15684500
2023-11-28,336.3504943847656,336.7374722413347,330.80402373364524,330.80402373364524,12637200
2023-11-29,329.6134338378906,337.2534618688583,328.2044769299669,337.0451054509128,16024500
2023-11-30,324.60272216796875,330.90328553474234,319.8897068567543,329.30583593205915,23146400
2023-12-01,322.29083251953125,324.31492648520225,318.2624476796763,322.9456971366447,15276400
2023-12-04,317.5281677246094,318.36162346869537,311.21770411369187,314.8194441263184,19037100
2023-12-05,315.81170654296875,319.3737500866392,312.9342928735929,316.4963364172633,16952100
2023-12-06,314.9781799316406,319.74079250239515,314.5713687730627,319.4232769230243,11294300
2023-12-07,324.0470275878906,325.6841739294483,315.29569659562253,315.29569659562253,15905100
2023-12-08,330.1590576171875,330.57580062992184,320.4849755382466,320.5742711238423,14087400
2023-12-11,322.7471923828125,327.321312169424,317.50830653616384,326.83510698467336,25802500
2023-12-12,331.6176452636719,331.86569867463805,322.0328578303436,322.07255485448627,18485500
2023-12-13,332.1335754394531,335.73531570283495,330.04995107415203,331.32988483456126,16353300
2023-12-14,330.5758361816406,332.0939218599385,326.08110954354635,331.2505341986713,19607300
2023-12-15,332.31219482421875,336.02306402754414,328.64099236363404,329.40498594080213,31776900
2023-12-18,341.9366455078125,344.8537559101192,334.39581610239355,334.85225615932194,18993900
2023-12-19,347.6319274902344,350.8467200070785,342.432738138237,342.8891478963245,17729400
2023-12-20,346.5603332519531,352.19609871652887,345.08194481295914,345.9352338964191,16369900
2023-12-21,351.3328857421875,353.63482840250197,346.4908788635791,350.2315432565786,15289600
2023-12-22,350.6383972167969,354.4187288106996,348.4852802675343,352.8113172583685,11772800
2023-12-26,352.067138671875,354.2004221377004,350.6979093378439,352.2258964816082,9898600
2023-12-27,355.0437927246094,356.2046960041271,352.5434252578998,353.29751731228595,13207900
2023-12-28,355.530029296875,359.08214111006873,355.02399060741305,356.8992890825063,11798800
2023-12-29,351.20391845703125,357.19689709783825,349.0805970920824,356.19475166917226,14987100
2024-01-02,343.5936584472656,350.41016108257946,337.3625582064885,348.58449167928967,19042200
2024-01-03,341.787841796875,345.24075624582997,340.507877692872,342.29388045472786,15451100
2024-01-04,344.4171447753906,345.4391234677094,340.72610934954895,341.81755025395563,12099900
2024-01-05,349.2096252441406,350.7475443733981,343.5639268458326,344.2882234705981,13920700
2024-01-08,355.8673095703125,356.18482516823184,349.30876236808746,351.93815245591145,13890200
2024-01-09,354.64691162109375,357.8319391849978,352.5930221333329,353.62493279017207,13463900
2024-01-10,367.58538818359375,370.0361570840026,356.28406029694395,357.3655998102049,22117200
2024-01-11,366.7916259765625,369.8773958319146,360.10408551905675,369.2324630283158,17205400
2024-01-12,371.5740661621094,374.1240624141553,366.6626269467996,367.277794541933,19310000
2024-01-16,364.59881591796875,372.68535103334375,364.37062615979,370.74062077604117,15306900
2024-01-17,365.5017395019531,365.670429146602,355.8177245328264,363.44784996748376,12724800
2024-01-18,373.2013244628906,373.91571950102383,368.06166503074314,368.59743859937487,16354300
2024-01-19,380.4643249511719,381.3672126996037,375.02698340921194,376.0489622272857,21670800
2024-01-22,378.8073425292969,387.3106211461021,378.19217488438653,384.92931433872445,17680500
2024-01-23,382.20068359375,385.3559155148058,379.10495178521484,381.6251827598736,15506100
2024-01-24,387.6579284667969,393.0654752953233,384.7904161636278,386.9633667222341,15698500
2024-01-25,390.1185607910156,392.4105719303832,382.65712494527804,387.13201825545184,15091100
2024-01-26,391.07110595703125,393.70046609647795,388.5409429594839,391.2794623469608,13163700
2024-01-29,397.8974914550781,399.79262308602887,390.03917661129907,391.9144445908541,18742400
2024-01-30,396.9449768066406,403.1959104756482,396.4588018243719,400.4474896600289,18614700
2024-01-31,387.1022644042969,394.90104949050806,384.0859263016593,385.9711262608232,20180800
2024-02-01,391.7060852050781,397.38154822868097,389.98954477012256,390.87262941167637,29727100
2024-02-02,471.2915344238281,482.176118971358,449.48269858581074,456.0213826629202,84707600
2024-02-05,455.8328552246094,468.2255934429309,455.64433221754496,466.221332864614,40832400
2024-02-06,451.17938232421875,463.4828252605775,449.4727736721461,460.3871235847148,21655200
2024-02-07,465.9335632324219,467.84852814106995,452.62797572422755,454.4338116753669,23066000
2024-02-08,466.34039306640625,466.9257954581502,461.40909025193133,464.6734814817839,18815100
2024-02-09,464.4651184082031,469.9024601255168,463.8301174160843,469.26745913339795,18413100
2024-02-12,465.24896240234375,475.41915205194476,462.947019526659,464.5444992074422,19382000
2024-02-13,456.537353515625,464.2468731870275,451.54651991731083,453.3126590561984,20916600
2024-02-14,469.5948181152344,470.41834202168815,462.46080041444674,464.28646967546143,16858400
2024-02-15,480.2611389160156,484.8153956241021,468.5430989342173,471.5792700729416,24212300
2024-02-16,469.6345520019531,475.2306210030674,465.5565383292655,474.38723338064216,23324600
2024-02-20,468.0767822265625,472.4722813616275,462.9271910394476,466.0625897590752,18015500
2024-02-21,464.87847900390625,465.8419486389478,458.68050627412106,463.35878260142675,12921800
2024-02-22,482.8565979003906,486.69059163885595,472.8543980185372,477.0062442785985,21625800
2024-02-23,480.7707214355469,491.0311497339842,479.1020412033738,484.76364134369345,18374300
2024-02-26,478.49615478515625,482.8665512765611,477.3638468302636,480.21451660164433,12101400
2024-02-27,483.7704162597656,483.9889360930162,476.68845187614863,476.74804543866367,10809600
2024-02-28,480.7607727050781,487.7434340041243,479.4993353400965,481.73418465032995,12715500
2024-02-29,486.8297119140625,488.38914758569643,479.3603284739242,485.15108911299444,17732000
2024-03-01,498.9176940917969,500.8545756713837,488.5380785343457,488.7963071827619,16273600
2024-03-04,494.8353576660156,501.023417843007,493.0772871660998,499.61296631053943,12324100
2024-03-05,486.9190673828125,492.2429608634323,484.6047699531748,491.6668796750701,15325300
2024-03-06,492.74951171875,499.583189220119,490.96164437082433,494.2791504217165,11757900
2024-03-07,508.7411193847656,516.3495133273082,498.0039120353607,499.8911121312514,18586400
2024-03-08,502.5430908203125,520.0444379747561,495.98752725341916,510.7275953381572,18597100
2024-03-11,480.3337097167969,493.97126872640746,472.79482114316187,493.6633585577727,20428300
2024-03-12,496.3848876953125,498.9276472763487,481.46603715056744,489.9385984033987,15448200
2024-03-13,492.2330627441406,497.6066378852909,487.7236245660359,492.0542820577353,12090700
2024-03-14,488.5181579589844,497.9740726695781,484.872887560761,496.891416024587,12620000
2024-03-15,480.84027099609375,488.5182008794358,478.05910688483056,485.71721266457956,29153600
2024-03-18,493.63348388671875,494.0705234723531,483.5319525403296,488.5976166013962,11755300
2024-03-19,492.8985290527344,493.28591751458134,478.03927158062527,484.8828919098991,10903100
2024-03-20,502.11602783203125,504.77800486477514,491.8357446734777,496.136574918537,11711100
2024-03-21,504.3409423828125,511.5718900411895,502.6027262330663,511.24415578806696,9712500
2024-03-22,506.1486511230469,506.536039547684,500.94394517125465,503.58603728836357,8120600
2024-03-25,499.6328430175781,503.80457393392254,496.871563696633,502.38421028695126,8380600
2024-03-26,492.5508728027344,506.56584667768334,491.87542863664703,501.7286443250279,11205400
2024-03-27,490.53448486328125,496.52390980676483,484.78349475828026,495.93785600976236,9989700
2024-03-28,482.310302734375,489.57110826984064,481.88320544172586,489.5214267607809,15212800
2024-04-01,488.04144287109375,494.0804891364972,478.5358763202007,483.919393448101,9247000
2024-04-02,494.0209045410156,494.17983080247325,481.38655471994537,481.83353672480007,11081000
2024-04-03,503.3278503417969,503.82448358571054,495.39166080392386,495.57044149683173,12099200
2024-04-04,507.4797058105469,526.4312162585362,507.1419685443488,512.9426409502,26476300
2024-04-05,523.7891235351562,527.1264840478417,510.94613579364227,513.3796505682054,19263300
2024-04-08,515.7535400390625,527.9111101756489,515.3959787113195,525.716030393533,13260600
2024-04-09,513.4193115234375,522.3288800381697,503.32769320807216,518.7133766013989,10863800
2024-04-10,516.3296508789062,519.0412485473654,502.3940952347152,505.86061532238585,11418500
2024-04-11,519.63720703125,520.3325056145172,513.8067382940332,517.6010230992423,10369500
2024-04-12,508.45306396484375,516.6872509060779,505.9003620426098,514.2636784657437,11984500
2024-04-15,496.8616638183594,515.0384571853876,493.93151580388917,513.2405867962719,13512900
2024-04-16,496.3948669433594,501.37111140795656,493.7626865153333,494.7559529977318,9847900
2024-04-17,490.8424377441406,499.7718923893726,483.85977662669706,499.712298834283,12193700
2024-04-18,498.4210510253906,508.76098785932845,495.67965646364473,496.4544030177161,14808700
2024-04-19,477.8306884765625,499.41434858815046,472.5266493809035,499.41434858815046,25215400
2024-04-22,478.4862060546875,488.69698284246,470.2122804474179,486.4223944308952,17271100
2024-04-23,492.75946044921875,495.4015526749956,485.6774662629057,487.94211241184524,15079200
2024-04-24,490.177001953125,506.565898674962,481.3170517213348,504.6389593020942,37772700
2024-04-25,438.40789794921875,442.7683213792549,411.70889412672494,418.5624257469969,82890700
2024-04-26,440.3050537109375,443.4338366860677,429.05132886461274,438.48735929530994,32691400
2024-04-29,429.7068786621094,436.7988148712777,425.6742197513567,436.60014947867506,21502600
2024-04-30,427.2734375,436.65978716345234,426.826455477513,428.1474865043682,18429500
2024-05-01,436.232666015625,446.93013406880516,424.23399111108887,425.71397863682915,20344900
2024-05-02,438.7059020996094,440.9705483091824,429.3692038781096,435.8850291236209,15221300
2024-05-03,448.9167175292969,451.11185831252936,440.86134078784477,442.92732176443593,16489100
2024-05-06,462.5443420410156,463.0211208791355,450.2874369201807,452.5123442072297,15094600
2024-05-07,465.0870056152344,468.3548602507181,458.2036773866879,463.15015450497714,13406800
2024-05-08,469.4176940917969,472.3776084845462,459.8823308455416,460.37896403219986,11683900
2024-05-09,472.21875,472.87427918375715,464.4811958506699,466.83523249223947,9437700
2024-05-10,472.99346923828125,474.2847034264408,466.437904971436,473.87746056720033,10750000
2024-05-13,464.85858154296875,470.16262007051995,459.73332367866385,469.56665421428306,14668800
2024-05-14,468.6727294921875,469.35808569307136,456.9819652481851,460.24982000044906,10478600
2024-05-15,478.2974548339844,479.25098197914036,468.0270850959641,471.78163043660237,13100500
2024-05-16,470.04345703125,474.4734165714435,469.5666782594295,471.801527600696,16608200
2024-05-17,468.73236083984375,469.61635219313234,465.265870726958,467.6596161293241,10807300
2024-05-20,465.6830139160156,470.01367116907085,463.89514652631107,466.78555537893186,11745100
2024-05-21,461.5013427734375,467.53047671083374,459.1572184570371,463.97456625143184,11742200
2024-05-22,464.6301574707031,470.5301623382244,462.51449517924743,464.71954780965524,10078600
2024-05-23,462.64361572265625,471.1658279710308,458.4321759489414,469.6958131205523,11747900
2024-05-24,474.99981689453125,476.61884583287923,463.16006911923665,464.4711879258589,12024300
2024-05-28,476.68841552734375,477.6220580395815,471.6426053305284,473.37087913585106,10175800
2024-05-29,471.1658020019531,476.618854768797,470.5102728984341,471.4638000883628,9226200
2024-05-30,463.9049987792969,468.55350795507456,461.5807593474485,468.4939144039052,10719600
2024-05-31,463.6864929199219,465.9610812315001,451.39979365400546,462.66342984466667,16919800
2024-06-03,474.2747497558594,476.370557560807,465.08703582474993,467.68938886665507,11279400
2024-06-04,473.77813720703125,475.66536764367015,470.0434761018759,473.7880795710405,7088700
2024-06-05,491.72650146484375,493.30579153156003,480.6515862684817,481.18795865539454,15690500
2024-06-06,490.43524169921875,499.4342331212912,487.5845718978277,489.6604950970564,10667300
2024-06-07,489.6405944824219,495.5505416682554,486.8694030600324,492.57074247783544,9380700
2024-06-10,499.2156677246094,499.27526127994463,490.0875476500694,490.53449931508374,11220900
2024-06-11,504.0528869628906,504.18201644117164,494.914824216535,496.792112209235,9673700
2024-06-12,505.41363525390625,510.5488355125895,501.0730662457402,510.52895078627483,11983200
2024-06-13,500.70556640625,505.930126725215,497.9839960314029,502.30471065857984,9954600
2024-06-14,501.26239013671875,504.2351956755983,497.8719851588786,499.76105901416054,10243300
2024-06-17,503.7181701660156,507.81448578396373,493.15921302560884,498.78668605391897,11266600
2024-06-18,496.61920166015625,503.0917955375381,492.1748915017007,501.6600694232584,13060400
2024-06-20,498.8164978027344,500.77517646661437,493.9148098546325,499.1147614196994,11801200
2024-06-21,491.936279296875,500.5564623228992,489.56003146184884,500.5564623228992,22359200
2024-06-24,496.0425720214844,504.88146192373665,491.44912982983715,496.33091377345426,13525300
2024-06-25,507.6653747558594,507.77472797570107,492.65215468981233,494.193234056006,12063200
2024-06-26,510.1708679199219,510.85690461260367,501.7793738995123,503.73805265327996,8882300
2024-06-27,516.5738525390625,519.8747782877508,510.9464098062174,511.294373925033,10121200
2024-06-28,501.32208251953125,518.8805883141397,500.9442616501529,514.1777926036766,15855100
2024-07-01,501.7793273925781,503.66840101004647,490.33550213854676,502.04779497746324,10328200
2024-07-02,506.5716552734375,507.5659077862411,496.5794296566328,497.8818980210312,7739500
2024-07-03,507.0290222167969,508.3414428657344,503.1116647399918,503.45965920114367,6005600
2024-07-05,536.8068237304688,537.7613279468876,508.65956910819915,508.65956910819915,21354100
2024-07-08,526.2777099609375,539.6901656960439,523.623072932016,539.2327877262878,14917500
2024-07-09,526.953857421875,534.3908471604564,525.1542627135257,530.6823045262751,8753200
2024-07-10,531.616943359375,535.7828643236683,525.3233071938398,527.739333812602,10983300
2024-07-11,509.7533264160156,532.3825255793723,505.44819561353233,527.8387838594573,16458300
2024-07-12,496.0027770996094,505.16978705228513,491.3894609308073,494.89917130590845,19750500
2024-07-15,493.308349609375,503.76787552831104,490.5343764947893,495.76415462534726,12539200
2024-07-16,486.9749755859375,501.05359564218975,482.9979652991605,498.61766470466665,14075800
2024-07-17,459.3347473144531,476.41602998115064,456.4812472174527,476.41602998115064,28076600
2024-07-18,473.1150817871094,476.4855821522594,461.87008787870946,472.2699610515285,19267200
2024-07-19,474.0496826171875,483.91265093835443,472.975872869739,473.3238673312673,15149400
2024-07-22,484.5986633300781,489.23188362973013,481.1187795736259,483.78336899644364,12023100
2024-07-23,485.8812255859375,492.3736927821328,484.9167995089142,487.0246098193958,9455500
2024-07-24,458.61883544921875,473.56244917033604,457.93279880328066,469.5953914420506,17649700
2024-07-25,450.8040771484375,460.88578278239254,440.10590941212183,460.5974713733936,18240500
2024-07-26,463.0234069824219,467.06999164626853,456.7795024206526,461.53202821439885,14222400
2024-07-29,463.0333557128906,471.23593941244997,462.3473190124621,467.1794022788637,11339600
2024-07-30,460.5278625488281,470.0130408141906,454.07517290776104,464.315962513696,11390400
2024-07-31,472.1009521484375,473.76136735309956,464.06740443244325,468.31285214220173,24285800
2024-08-01,494.8792419433594,524.1400864636705,489.2716734818862,518.0055653777843,43083100
2024-08-02,485.33447265625,498.2696781877349,473.4133634987111,486.18951531730556,24044700
2024-08-05,472.99578857421875,480.7012460328518,448.2090488117456,448.7559059334732,21396200
2024-08-06,491.25018310546875,499.6715024631035,475.8989230461522,476.2469174676432,20955000
2024-08-07,486.1099548339844,507.2179163887547,484.06176673048657,500.2382746300819,20105300
2024-08-08,506.700927734375,507.02901772261134,491.87661869501426,494.6406395475425,16156800
2024-08-09,514.794189453125,515.3609207187151,502.7935532579475,504.7919803564355,13696600
2024-08-12,512.984619140625,515.0427292166193,506.1739830538234,513.8893622667638,9767400
2024-08-13,525.502197265625,528.4452065274616,515.1719598564413,517.0212549519154,13743800
2024-08-14,523.7324829101562,530.9308616621455,520.1233412991648,525.0249990881922,11444200
2024-08-15,534.2418212890625,536.6678003090075,523.6729102134026,528.7336224826897,13482100
2024-08-16,524.388671875,530.5927981833395,521.6445250806896,528.842964640351,14776700
2024-08-19,526.2380981445312,528.6043637407321,519.7555511220255,523.8419151544666,9879700
2024-08-20,523.70263671875,528.0376240435813,522.8575463080886,525.3133210272216,7944400
2024-08-21,532.0841674804688,536.2998492635563,523.9014884202904,524.1202555369616,13423300
2024-08-22,528.8727416992188,541.1020356974973,525.551972227874,533.9136093150988,15708300
2024-08-23,524.9654541015625,536.7672294365581,522.0423485774858,533.834171675442,11323900
2024-08-26,518.1249389648438,524.9654020892407,511.99041707220374,524.5676767533054,9584000
2024-08-27,516.116455078125,520.9982688988101,512.3482599012927,515.9971496313474,6282700
2024-08-28,513.8098754882812,518.0951016645886,509.5047448414531,514.6947141610383,9106100
2024-08-29,515.2415771484375,524.1700071760439,512.7161972736417,516.0668238363469,8317400
2024-08-30,518.3139038085938,520.5310680440539,512.2390340101765,518.3536520726135,9157500
2024-09-03,508.81866455078125,522.4697318344816,505.69669716450665,516.6533790353354,12459100
2024-09-04,509.7930603027344,513.6209691624427,501.1729073895188,503.16141255787795,8335200
2024-09-05,513.889404296875,518.6320088026798,508.212230225459,508.7789615116668,8640900
2024-09-06,497.3947448730469,521.5650538628864,495.3863655135682,518.880559665027,14744500
2024-09-09,501.8887634277344,508.39115339074016,499.19431711601146,503.2508845942156,11047800
2024-09-10,501.8887634277344,511.22477928436297,497.15611148388973,505.23938973469745,9899000
2024-09-11,508.88824462890625,510.17083885199577,492.7515459442201,504.0959706304443,10782500
2024-09-12,522.5791015625,523.6827679826088,512.2587555239991,514.07825463183,11970500
2024-09-13,521.6047973632812,524.5478069237411,514.1379505818885,517.3494277649944,10321400
2024-09-16,530.7208251953125,531.5368365725262,514.9170282546622,522.0227173210484,9527600
2024-09-17,533.7462768554688,539.4985077957741,528.0238703630636,535.0201027147613,11690800
2024-09-18,535.3684692382812,541.5884764077421,531.3379167409221,534.4926873694405,10323500
2024-09-19,556.4168701171875,559.3726487545077,543.8972849270339,547.360565064833,15647000
2024-09-20,558.6561279296875,561.791035774312,553.6303743905208,557.3126307061377,22066800
2024-09-23,561.701416015625,571.2254976602934,559.7110138514457,566.7670162500528,12830700
2024-09-24,560.626708984375,565.0254812803894,551.5305554385482,563.960608707355,12993000
2024-09-25,565.5826416015625,574.1115209135556,561.014642577983,561.3430758947455,16543400
2024-09-26,565.1150512695312,574.6291718932196,559.6513458984354,572.967142227921,14400800
2024-09-27,564.6372680664062,568.1006091166316,561.8009692958777,567.3641092966835,9398400
2024-09-30,569.69287109375,571.9221116471715,562.0895207658488,564.9756280044119,12792300
2024-10-01,573.7034912109375,580.2419690688359,567.3640657014531,575.206254439428,15259300
2024-10-02,570.06103515625,573.2357285129472,566.6077171286033,572.1011848887936,6524700
2024-10-03,579.9733276367188,580.5604622327534,566.0006662054095,567.4138954120452,11581000
2024-10-04,593.0801391601562,593.9857454241755,578.6397616460487,580.9287120013399,14169500
2024-10-07,581.9737548828125,600.0565426843976,581.2372550118221,595.3491999625717,12014200
2024-10-08,590.0447998046875,590.7115675395601,583.1579643993507,586.8601441089934,7857400
2024-10-09,587.6762084960938,591.5375936051837,578.8188944511467,591.1394888701676,9529700
2024-10-10,581.0282592773438,587.397509697218,579.7245483018079,584.7503015704497,7740400
2024-10-11,587.1189575195312,588.3729207448063,579.9137105818194,582.023532257207,8587100
2024-10-14,587.5866088867188,597.2201481215791,587.1288552616571,591.3683608695632,8252000
2024-10-15,583.4564819335938,587.7756200523332,577.3558952346164,587.3277674752023,9564200
2024-10-16,574.02197265625,579.2866249105597,571.275268873164,578.6098955081545,11268400
2024-10-17,574.161376953125,582.1627721197076,572.4396984468079,580.5306884411078,8701200
2024-10-18,573.7034912109375,581.1674987096003,572.4893751474343,578.3112766994918,7694300
2024-10-21,572.3998413085938,574.4698766165733,566.37888676671,573.2657221535495,8171900
2024-10-22,579.2169799804688,580.7297050326658,569.3744268963089,571.5339961936412,8544500
2024-10-23,560.9849243164062,582.1926578504655,559.8006325485245,577.1867670377931,14248400
2024-10-24,565.0552368164062,566.1499335882773,558.8252690153747,564.4083318879617,7184700
2024-10-25,570.4990234375,578.5004183141831,568.9763366172681,571.1757528879629,11337900
2024-10-28,575.3854370117188,580.948637846338,571.3648464645419,579.2070359341649,10925100
2024-10-29,590.4329223632812,590.8210046180449,572.6387223000493,577.3659274017436,13019100
2024-10-30,588.9599609375,598.3148749725009,586.5515914382872,598.0958991586175,26864900
2024-10-31,564.8562622070312,587.0691582392678,560.3081858518195,582.1926485103984,26838400
2024-11-01,564.438232421875,570.917001339198,559.8603316322354,564.8860850679225,15303200
2024-11-04,557.9893188476562,565.9608889972419,555.2127297782872,561.392889439504,12064600
2024-11-05,569.682861328125,570.727810156648,563.9504942499769,564.5774756955396,9775400
2024-11-06,569.3047485351562,570.2502016811582,552.5057499508582,560.0493909181008,18305400
2024-11-07,588.8604736328125,591.9455725919563,572.4496180315167,574.1215485070126,14653700
2024-11-08,586.5117797851562,590.2536844943522,581.7149037111028,588.7011733753752,9415700
2024-11-11,580.3713989257812,584.1830360838699,573.7433864354757,583.5460928122134,10209100
2024-11-12,582.013427734375,596.7821758387003,577.5947330801081,585.7155461176076,16287700
2024-11-13,577.2166137695312,582.8295623160514,572.409775650482,579.8140739533536,10757600
2024-11-14,574.3903198242188,577.9730807265433,570.2602711316844,574.2311143527271,11053700
2024-11-15,551.4210205078125,569.8222783942981,548.8533847643662,568.47872051752,17712900
2024-11-18,551.7394409179688,557.2130462415905,547.4501271758751,554.3667253091998,14327300
2024-11-19,558.3972778320312,558.7356121091211,547.9575697765296,549.2115325801636,9522400
2024-11-20,562.8060302734375,563.632003282894,551.5403488390463,560.2284332256156,9797300
2024-11-21,560.3877563476562,567.2645685130409,546.4150954692434,566.7868914718125,11154700
2024-11-22,556.456787109375,561.1242829453168,551.9286340129557,560.8455974662718,9164000
2024-11-25,562.3980102539062,569.8421548761189,553.7198868796414,559.402445590544,13599800
2024-11-26,570.78759765625,574.7286157457173,562.4876547795837,563.2838034841143,10356600
2024-11-27,566.4684448242188,572.2206752566353,561.3928830685265,572.131141178584,7200200
2024-11-29,571.5637817382812,575.6839279960051,564.1794081512957,566.2693057208555,7130500
2024-12-02,589.9850463867188,591.6470151067747,572.8078668096863,574.7285975175146,12522400
2024-12-03,610.7051391601562,611.252487580719,588.4126116889108,592.1446155685445,14907200
2024-12-04,610.83447265625,614.8152764849832,602.1960748947224,610.0184005822902,14697000
2024-12-05,606.0078125,616.9252004045749,604.1368295295009,614.1187259488262,8081200
2024-12-06,620.776611328125,626.7676806622193,605.609756240286,607.1721685184903,16935500
2024-12-09,610.62548828125,623.3939341906389,603.260976543077,620.9257943920775,11426000
2024-12-10,616.3479614257812,622.5878918502519,609.7995210855536,614.5963977457716,10938900
2024-12-11,629.643798828125,635.3363804725623,618.547343463704,620.37847939692,10837200
2024-12-12,627.762939453125,633.6047656039859,624.200162912141,628.4695541682555,7474700
2024-12-13,617.373046875,628.0515971725233,613.9296895603886,624.2100743343924,8453300
2024-12-16,621.7454223632812,628.6278428855253,616.1080674222911,627.4624746323816,10885600
2024-12-17,616.964599609375,629.842921517428,614.0761642573996,623.6676857660912,12897800
2024-12-18,594.8035278320312,624.8529462687603,593.9370093659079,618.5183765194273,17075500
2024-12-19,593.1900634765625,609.0763382002494,592.6223339457312,607.9508489044135,14958100
2024-12-20,582.9112548828125,600.699869104885,577.6822346553289,588.2199724400746,48989400
2024-12-23,597.452880859375,598.6879766892466,583.907252912156,587.2438414694396,10205800
2024-12-24,605.3212890625,605.5603202398497,596.8851663404314,600.3113609374378,4726100
2024-12-26,600.9389038085938,603.8771273499036,596.5465535400348,603.0603968908488,6081400
2024-12-27,597.4130249023438,599.4448507288726,587.4430173370732,597.0145990738104,8084200
2024-12-30,588.8772583007812,594.5544919388965,583.239903719799,586.3972186440706,7025900
2024-12-31,583.1702270507812,591.5963807603267,581.5168266078615,589.9032228392957,6019500
2025-01-02,596.8453979492188,602.4927233305804,585.4710498488531,587.3634208812482,12682300
2025-01-03,602.2138061523438,607.0643399858958,594.0266229827574,602.3432915147383,11436800
2025-01-06,627.681640625,628.4684617844035,603.1998488847688,609.385054699766,14560800
2025-01-07,615.4207763671875,629.5739508561447,605.7993460257709,629.1755858278557,12071500
2025-01-08,608.2794189453125,613.976592361968,600.3811160103171,610.9487626580363,10085800
2025-01-10,613.3988037109375,627.3926430727213,594.952857137878,607.592146102567,19256600
2025-01-13,605.8990478515625,606.5364441234269,596.0585248079975,604.6739217603003,10785000
2025-01-14,591.875244140625,603.0703168610439,586.1980104567526,602.6520122964943,13598000
2025-01-15,614.6539306640625,619.9726183140101,604.0763739586232,607.7715703651344,15524300
2025-01-16,608.8571166992188,613.7873477153851,607.2735046849263,609.0563296194044,8355300
2025-01-17,610.3213500976562,622.4725494595965,601.2576778233948,621.5562428618572,17280600
2025-01-21,613.99658203125,619.0164197693068,606.5763408669152,615.3611025019545,11674000
2025-01-22,621.0084228515625,631.1676746458771,616.9546797410454,620.8092099161343,12274000
2025-01-23,633.9066162109375,634.0559803027825,618.6677705767347,624.8529151272735,9910200
2025-01-24,644.9025268554688,649.3945139716581,631.6656574969397,633.8568781379164,19065300
2025-01-27,657.2430419921875,661.2170877274049,622.601998034938,624.1059736130031,28399200
2025-01-28,671.6353149414062,679.8523469699959,656.8346510497705,663.3385855806857,20950100
2025-01-29,673.78662109375,678.3283961259809,663.0098523603809,672.3025851139503,21377800
2025-01-30,684.254638671875,707.9495481611209,673.3981724899843,694.0354036840853,29322900
2025-01-31,686.4259643554688,702.4815424501834,682.8403746118678,688.2386987585822,19303900
2025-02-03,694.6727294921875,701.1865714959546,672.5514664810274,673.2088021436599,21415700
2025-02-04,701.3759155273438,704.8818683424153,688.846170752285,699.6926666804768,13826300
2025-02-05,702.05322265625,715.270213081664,696.2166547369433,700.7384902909668,17778200
2025-02-06,709.1447143554688,716.0271344480996,700.6886520762018,703.0591459116995,13080700
2025-02-07,711.6646118164062,722.1126813232647,708.9056620031818,713.9354687323457,16427100
2025-02-10,714.5331420898438,718.317944327383,708.4873917995161,715.688479736199,12904300
2025-02-11,716.9235229492188,720.7680830266086,707.2025161364162,710.4694377796111,12998000
2025-02-12,722.4812622070312,724.1943596127884,709.7523040950127,712.4415265910553,12016500
2025-02-13,725.6486206054688,726.086864766196,715.170639811608,718.6367748250889,12569100
2025-02-14,733.72607421875,737.9491204423847,722.7202448085826,723.2381862179419,16901200
2025-02-18,713.5072631835938,734.0548271850589,703.6169523863489,733.058823348987,21938700
2025-02-19,700.9575805664062,704.1746532347755,692.6110642545813,701.2862180351365,17535500
2025-02-20,692.063232421875,702.8100903787465,690.8680158326665,694.493483863144,12587400
2025-02-21,680.8184204101562,701.0572259638877,679.6331733954379,693.79637977263,15660400
2025-02-24,665.4600830078125,684.5236120270697,659.8027882150541,683.5375779038759,15677000
2025-02-25,654.8724975585938,665.3305374435599,639.2949835590877,663.3086205526677,20579700
2025-02-26,671.0078735351562,680.2806678816253,655.3705993558015,657.0140301904456,14488700
2025-02-27,655.6095581054688,685.8980689317682,654.9422525540249,679.7228329637242,12500000
2025-02-28,665.5298461914062,666.9541245334915,640.0321088018833,655.4104120977537,17534200
2025-03-03,652.4323120117188,678.5276251290609,648.2391746953033,670.9878686638693,10843800
2025-03-04,637.4424438476562,647.1534810781478,621.1578057314852,642.9304346142569,21495200
2025-03-05,653.8466186523438,656.8645394995948,635.1117886533837,638.4384682626843,13770000
2025-03-06,625.420654296875,647.9602249904791,621.6159125135576,645.4104577126469,13446500
2025-03-07,623.15966796875,632.2531869016165,598.2097866502569,622.8708487714317,21375700
2025-03-10,595.6002807617188,607.6718415110856,584.5247237757733,605.6400157185544,21999900
2025-03-11,603.2894897460938,612.4726156961103,590.9589577128245,592.6720550865267,17401500
2025-03-12,617.0841674804688,630.7991604950519,606.9149458816227,627.3828744482781,15747000
2025-03-13,588.2797241210938,618.0203842680918,584.1662233882897,617.771383307468,16480300
2025-03-14,605.7102661132812,606.9663570960139,592.9301914090029,600.9252068633762,12364500
2025-03-17,603.0187377929688,611.1931864721827,596.1401729971761,605.5707735579393,15473900
2025-03-18,580.5487670898438,598.3831413748485,572.8727029614505,598.1837512328132,20297700
2025-03-19,582.2435913085938,590.4779127315381,572.9825047893515,582.4629387558325,20537500
2025-03-20,584.177490234375,608.3022383482739,577.7076844207866,580.9475766447827,24336500
2025-03-21,594.3955688476562,595.6815348407195,579.1431664198761,581.6054551261589,25015900
2025-03-24,616.92529296875,620.6038191496141,610.2960116120224,613.0573552722462,15741300
2025-03-25,624.3621826171875,631.9086473292332,619.2481319746062,624.81079529283,15312500
2025-03-26,609.0797729492188,624.8007461767364,604.7233689444203,622.9465455616044,12609800
2025-03-27,600.7059326171875,612.3396207064936,598.2336042918504,600.1277194388429,10436500
2025-03-28,574.9462280273438,599.8784522898396,572.1349914189543,598.4429285077966,17602800
2025-03-31,574.5675048828125,576.9002542510486,551.5792239532071,561.7475141060938,21124700
2025-04-01,584.177490234375,588.0753030303752,568.2272515931634,569.0646658937729,12836600
2025-04-02,582.1139526367188,590.8167826006645,571.5768183567942,573.1219856405797,13470800
2025-04-03,529.9666137695312,550.8414911032017,528.6507117752637,544.5211822460076,34777500
2025-04-04,503.1602478027344,516.3889657610956,492.66299842221946,505.04435388504976,38589800
2025-04-07,514.6444091796875,537.6924987241373,480.40123514295635,483.591294981514,36606100
2025-04-08,508.86248779296875,545.7274587202911,501.29606629091035,541.5604660254379,28034200
2025-04-09,583.9482421875,586.06164400195,500.54839536763654,507.68613102008703,39216600
2025-04-10,544.5910034179688,579.4921312343394,533.6351923102783,573.7002029040485,28173500
2025-04-11,541.8795166015625,545.6976224228102,526.9461235413648,533.8445854574395,17642300
2025-04-14,529.8270263671875,556.0353008675298,526.6370273527008,554.4402405149555,14130900
2025-04-15,519.8980712890625,536.2669873917704,515.8905541802854,530.4551018896253,15558700
2025-04-16,500.747802734375,511.7734034642656,494.08858497853294,506.92853277097964,18735100
2025-04-17,499.9203796386719,505.72225598652767,496.4611703190648,503.67864377215466,14593500
2025-04-21,483.1526794433594,491.9651828161341,478.3077785405203,489.8019182716785,16166000
2025-04-22,498.72412109375,505.3036010873951,484.847399099468,490.34027265884373,17399400
2025-04-23,518.6519775390625,533.6751170758674,514.9136400551463,526.8862986388891,18173900
2025-04-24,531.4918823242188,532.2395497601927,515.8905308220942,517.1166859465856,13910000
2025-04-25,545.5679931640625,548.1499041120835,534.5822462279478,545.09942323875,17098900
2025-04-28,548.0302734375,556.7530605327843,538.9087668679174,553.9119485027396,15179000
2025-04-29,552.7156372070312,554.8390175563454,542.4277261633298,544.3018840382675,11835000
2025-04-30,547.2926025390625,547.392267199569,527.8532478040685,536.7255930212515,29244000
2025-05-01,570.430419921875,591.1059077397648,568.7257162038675,590.238618351305,31159000
2025-05-02,595.1632690429688,602.460510920923,576.5313930797772,581.6454434907807,24739300
2025-05-05,597.40625,601.3339987723356,586.2211133050413,589.3812373579714,13887700
2025-05-06,585.4834594726562,594.1763718529379,584.7557492481277,590.6872568767368,10600700
2025-05-07,594.953857421875,601.2043765510581,584.8453792561588,588.5239054125428,13139100
2025-05-08,596.1502075195312,609.3988539126512,594.7645157959997,604.4044252029665,14622800
2025-05-09,590.6473999023438,605.0823489402519,589.8698572714408,601.8424561465808,10427300
2025-05-12,637.4412841796875,638.3983203620691,619.0985470240091,628.9577416253547,21965100
2025-05-13,653.98974609375,658.8644917290795,640.8307865245315,643.5323193603671,18570800
2025-05-14,657.309326171875,660.6090293889421,652.2750442210183,659.1536090398383,12348200
2025-05-15,641.8775024414062,655.2657270968772,636.5939979037247,652.2451822041022,14341800
2025-05-16,638.3485107421875,638.448175394899,624.2026405076157,635.9759078924747,18519000
2025-05-19,638.438232421875,641.0002469311114,625.8475073073743,626.2961199602966,9592400
2025-05-20,635.1185913085938,637.3615937967512,630.2936778074568,634.0320152877193,6743500
2025-05-21,633.5236206054688,644.5990543502297,628.2101796540182,629.8251366516639,11464600
2025-05-22,634.5902099609375,641.2494271811771,628.7484497588706,632.078027946325,8228400
2025-05-23,625.1098022460938,630.4830536161486,620.7135443903518,622.0593214688579,8454100
2025-05-27,640.3223266601562,641.0799727179783,630.7820830337338,633.4337833907804,9508400
2025-05-28,641.5784301757812,648.8557144048555,640.5516043549418,640.6014366817531,9042900
2025-05-29,643.0438232421875,651.2881222551338,637.5110964196524,649.6233331448041,8858800
2025-05-30,645.4762573242188,647.3902689717587,630.8120452521741,640.501786260345,16241000
2025-06-02,668.8134765625,671.166122188044,642.256314296396,642.3859148545713,15766300
2025-06-03,664.7760009765625,673.4788911194719,662.9617149147357,669.3617309927172,11585000
2025-06-04,685.8104248046875,686.857147039673,666.4906935079915,667.238360939457,14031900
2025-06-05,682.49072265625,692.2203773049333,680.1280985848566,689.5088052796527,13083100
2025-06-06,695.5401000976562,700.6242144400436,689.7182360915449,694.0048506531133,11728000
2025-06-09,691.9014282226562,702.9968181048444,691.7818062976731,696.2877682898165,12773200
2025-06-10,700.2155151367188,701.0428899746662,689.4092014623567,699.1687320280228,10850100
2025-06-11,691.9811401367188,706.6653082639799,689.8378026054309,701.5213833723484,9582500
2025-06-12,691.20361328125,693.2173504861605,684.8634076906623,691.1438023170118,7322700
2025-06-13,680.7462768554688,692.4099021517203,678.8920760381308,685.810495147385,9274400
2025-06-16,700.4749145507812,705.4931583928874,691.8851025594383,697.6914734952734,13720300
2025-06-17,695.5963134765625,704.3158251974513,694.4290719322615,700.3551564610796,10066100
2025-06-18,694.1398315429688,699.9462025997926,693.2718748228809,696.5441581244662,10068300
2025-06-20,680.7511596679688,700.1755711266569,677.0797895921414,699.10807093925,22538600
2025-06-23,696.8933715820312,697.4121118139869,677.1596869463602,682.0881149489193,11080100
2025-06-24,710.5313720703125,711.5190428194142,700.4649855174316,703.2385013793354,13823200
2025-06-25,707.01953125,714.9010456370576,703.7272754411318,711.6486741856498,9320400
2025-06-26,724.3887329101562,726.5136861086672,709.3839340058294,712.686175943774,13964800
2025-06-27,731.9111328125,733.7069032905775,724.1593181930845,724.8178059334097,18775700
2025-06-30,736.3606567382812,746.1476691378697,732.5296271967599,742.8054817668852,15402100
2025-07-01,717.5347900390625,736.0214022335938,713.693835204326,735.1534455733583,13431200
2025-07-02,711.8980712890625,718.6122830220947,711.1298559583659,713.6539572494278,9336700
2025-07-03,717.3253173828125,727.3218592846127,712.7460452917771,724.9074856770499,8601700
2025-07-07,716.6669311523438,725.2966891559722,711.8383050380374,715.918688350601,9457100
2025-07-08,718.9814453125,721.2161872254258,713.1351899702655,719.8793609595846,7770700
2025-07-09,731.0631103515625,735.8019810021477,721.0266226856489,721.0266226856489,11418000
2025-07-10,725.5360107421875,734.0759515650559,717.9138972384281,729.8359096434607,9913600
2025-07-11,715.828857421875,723.4608966552098,708.0371589748221,720.8071559255932,10873900
2025-07-14,719.2308349609375,726.2942632522581,714.8710789388857,715.9186065632238,8939400
2025-07-15,708.7255859375,722.7725529543028,708.1569141283312,722.2039420372861,11529500
2025-07-16,701.2630004882812,712.2970836136572,697.6315755690009,711.6985138171127,13067600
2025-07-17,699.7665405273438,704.2460714207873,695.4766277838654,702.7395996705828,11803300
2025-07-18,702.6298828125,703.0588680042227,690.0294703606638,700.5447529444856,12779800
2025-07-21,711.2994384765625,715.3200251684316,704.1063709182977,705.1439122135475,9404400
2025-07-22,703.1585693359375,714.9209224678821,699.7665114607927,714.5119099243975,8921100
2025-07-23,711.9080200195312,712.9555475747247,703.278263571404,704.7148919274861,8771600
2025-07-24,713.1251831054688,721.9245248031309,712.3270697155897,715.3699112663372,10920800
2025-07-25,711.0101318359375,718.9614892126135,710.2319910963464,715.2401874661052,8271700
2025-07-28,715.9486083984375,723.0419351595109,711.0101939967738,713.5243091595448,8715700
2025-07-29,698.35986328125,722.7724995594365,698.270047363426,718.3130022321428,13267000
2025-07-30,693.5811157226562,706.8399547738821,689.5805015781577,706.4309422136296,27077300
2025-07-31,771.6278076171875,782.9113054874113,763.7163951695271,773.3836936232736,38831100
2025-08-01,748.2527465820312,764.2052724882252,743.5637464392476,758.9476005405788,19028700
2025-08-04,774.5509643554688,775.029820232538,756.6330226185955,758.2193240496142,15801700
2025-08-05,761.6712036132812,781.2950989411861,761.212259491104,774.6307577641016,11640300
2025-08-06,770.18115234375,771.8273106109475,758.678199773599,768.1958248249329,9733900
2025-08-07,760.0450439453125,773.1841694919084,757.7703567732848,771.6776976898961,9019700
2025-08-08,767.4974975585938,768.0961282780016,756.8026440305783,760.9628565603988,7320800
2025-08-11,764.0755615234375,771.6478049440495,762.8783609453131,768.2757194135389,7612000
2025-08-12,788.1489868164062,791.8103707559926,770.6201469797736,771.1888187456735,14563100
2025-08-13,778.2523193359375,793.5962894533881,776.4066172801486,789.2963900548351,8811800
2025-08-14,780.2974243164062,785.9641084064921,770.6999694623344,776.0573823379099,8116200
2025-08-15,783.3901977539062,794.3843975355859,778.9905571139482,782.3127720209482,13375400
2025-08-18,765.572021484375,773.9922487170201,754.7873521125813,773.2739649293972,16513700
2025-08-19,749.7192993164062,765.3725408429555,747.6042712449723,765.3226701689615,12286700
2025-08-20,745.968017578125,748.4422481947564,729.2872227778392,745.8184055724877,11898200
2025-08-21,737.3682250976562,743.7532539146816,731.392269728463,742.965126847803,8876300
2025-08-22,753.021484375,755.1265868650723,732.6693186706706,737.4979443181139,10612700
2025-08-25,751.5349731445312,757.1019160115399,748.3724176422635,753.0514312038815,6861200
2025-08-26,752.3331298828125,753.1013452690629,746.187589469264,749.0408739151204,7601800
2025-08-27,745.62890625,752.3830637406979,741.0995653139147,750.5373617239242,8315400
2025-08-28,749.3501586914062,751.2856157691724,739.0643171271723,742.2568318080029,7468000
2025-08-29,736.96923828125,745.3894657992533,733.6270507950396,743.5338383928589,9070500
2025-09-02,733.3875732421875,734.2755025264773,720.0389186102121,724.3388175548104,9350900
2025-09-03,735.3230590820312,738.5155735710689,732.2702311831985,734.2755314397929,7699300
2025-09-04,746.8959350585938,759.3765729399474,744.0725487076684,746.8161054490425,11439100
2025-09-05,750.68701171875,756.1741251448537,743.2844139282448,750.8565963566639,9663400
2025-09-08,750.5372924804688,764.71401930554,750.2579802053917,754.2286352813065,13087800
2025-09-09,763.9058837890625,764.5044535591039,751.664614408497,755.7150988981595,10999000
2025-09-10,750.2180786132812,763.9059640843684,749.2403942554,763.3372922969834,12478300
2025-09-11,749.1406860351562,755.3261108896929,746.6165845282627,752.8818998869256,7923300
2025-09-12,753.8196411132812,755.7949823874058,742.0173423532742,746.9756681630587,8248600
2025-09-15,762.9082641601562,772.2563046936084,750.2280226983954,755.6951631721865,10533800
2025-09-16,777.1747436523438,779.5291993784334,763.3072880544486,765.2028605665566,11782500
2025-09-17,773.9024658203125,781.4547366857648,764.5145401578408,778.16248073438,9400900
2025-09-18,778.421875,786.9319184464317,771.5480036492609,778.9207035004806,10955000
2025-09-19,776.5562133789062,788.9470955167301,767.3877436699294,784.5773532506886,23696800
2025-09-22,763.8824462890625,784.4181095052566,763.1935958899483,780.5445827585347,11706900
2025-09-23,754.1387939453125,769.3133669851754,749.8160063356215,767.9656453445465,10872600
2025-09-24,759.3899536132812,759.8392144671293,751.2735837511626,756.2352564498105,8828200
2025-09-25,747.6595458984375,755.5064686568031,743.3068402529434,752.1920046258563,10591100
2025-09-26,742.5081787109375,750.6745134518627,736.1188402620083,748.7477432379202,9696300
2025-09-29,742.1588134765625,749.5264964028529,737.9159094495395,747.4698773667765,9246800
2025-09-30,733.15380859375,741.729431724798,725.0872827303901,741.0106631587118,16226800
2025-10-01,716.142333984375,720.6447527663656,709.0142405229949,720.2853684573676,20419600
2025-10-02,725.8360595703125,726.5548890984803,716.9409630753169,721.3735522103992,11415300
2025-10-03,709.3735961914062,729.7794705550638,708.9942257916973,728.4117628788885,16154300
2025-10-06,714.465087890625,715.6830826309072,689.3571155710283,704.0125981338592,21654700
2025-10-07,711.889404296875,717.3003375901077,704.5716259627259,716.5216106896504,12062900
2025-10-08,716.6414794921875,718.4484549738279,706.6281969142439,712.2587946669486,10790600
2025-10-09,732.2852783203125,732.2852783203125,711.2504512938121,717.0807271377935,12717200
2025-10-10,704.1223754882812,734.0423674154782,703.333716456913,729.6995938834806,16980100
2025-10-13,714.5050048828125,718.7379155876384,706.4584651360833,711.8194939498104,9251800
2025-10-14,707.4668579101562,714.3553010671379,698.1624113283383,706.5983153422467,8829800
2025-10-15,716.3519287109375,722.6913629779451,708.3253746524584,715.8627565899488,10246800
2025-10-16,710.881103515625,724.2786798244232,702.7047754671785,716.3519343648386,9017000
2025-10-17,715.7229614257812,717.3402516818879,704.9410060739878,705.8994251244851,12232400
2025-10-20,730.947509765625,732.5448748734839,718.9775387090459,719.9858621042338,8900200
2025-10-21,732.0457153320312,737.2669635645257,727.5332426508437,734.7911237948646,7647300
2025-10-22,732.1854248046875,739.3634223567747,722.8211423130082,732.6047674176828,8734500
2025-10-23,732.7744750976562,741.170406509876,731.8759534115667,733.4733185275871,9856000
2025-10-24,737.1271362304688,739.9724141089259,729.9292138570585,735.5597503675807,9151300
2025-10-27,749.56640625,754.4881675999588,746.7611003830549,748.4781993498117,11321100
2025-10-28,750.1853637695312,757.1337649704751,744.2752651341964,751.3733793283152,12193800
2025-10-29,750.4149780273438,757.8924628078227,741.2702985772319,753.4898526523095,26818600
2025-10-30,665.357177734375,679.8230352249238,649.0844057389726,668.0327566076506,88440100
2025-10-31,647.2674560546875,673.7631824593219,644.4921293755289,673.383812052831,56953200
2025-11-03,636.645263671875,658.2291607688485,635.1177890022415,654.90470367213,33003600
2025-11-04,626.2725830078125,640.6684891460408,624.9647727272926,626.9913515895119,27356600
2025-11-05,634.88818359375,641.1576663615418,625.4938610947797,631.2542465797685,20219900
2025-11-06,617.9065551757812,634.938067569805,616.9681222612256,634.7882936522686,23628800
2025-11-07,620.6719360351562,621.0912176885568,600.1961723842201,615.4606203242017,29946800
2025-11-10,630.7051391601562,633.9397194755629,617.0779066438014,630.0362749426478,19245000
2025-11-11,626.0330200195312,628.5088598168925,618.3558571038752,626.9514668906089,13302200
2025-11-12,607.9931640625,627.939784558569,606.7552442025384,627.0812350986922,24493300
2025-11-13,608.8717041015625,616.6187572691151,601.993193452889,612.0463872625083,20973800
2025-11-14,608.4424438476562,612.6553687237855,594.2062431482154,600.7852061056304,20724100
2025-11-17,601.0048217773438,610.6686515784111,594.4058732487083,608.0230519623859,16501300
2025-11-18,596.6920776367188,602.6520806612418,582.8053290854997,590.612218909938,25500600
2025-11-19,589.3343505859375,594.3359951431619,580.2794874440681,592.7286370493186,24744700
2025-11-20,588.1663818359375,605.7069934113463,582.376016746667,602.4923987587222,20603000
2025-11-21,593.2578125,597.1213460929463,580.88848479756,587.517412968027,21052600
2025-11-24,612.0264282226562,615.6703584886146,596.6321908004635,597.7203367937327,23554900
2025-11-25,635.15771484375,635.9863461070595,617.2676517847817,622.9581470454041,25213000
2025-11-26,632.5521240234375,637.2941935276676,630.575449286631,636.6253292062765,15209500
2025-11-28,646.8681640625,646.9679727244463,634.4389389877349,635.0179876534709,11033200
2025-12-01,639.7999877929688,644.2425701847634,636.6951949252638,638.482184375183,13029900
2025-12-02,646.01953125,646.7882651016448,637.0046400682228,641.2675300698932,11640900
2025-12-03,638.5321044921875,647.766660764867,636.4855393427306,643.3340713166507,11134300
2025-12-04,660.4254760742188,674.9710950003275,658.9479057878542,674.8712863431018,29874600
2025-12-05,672.2955932617188,673.5634922785046,661.2840414153883,662.8913386215002,21207900
2025-12-08,665.6866455078125,675.5801331063639,663.9595535520253,668.2224435191038,13161000
2025-12-09,655.8630981445312,663.3705005924867,652.2491473204041,662.6617250742562,12997100
2025-12-10,649.0444946289062,653.4171862971667,642.3257510862366,648.8648024836247,16910900
2025-12-11,651.6202392578125,654.1859556266841,639.7300904007725,642.2159232785478,13056700
2025-12-12,643.1543579101562,709.8128965395189,637.543746077992,648.7150654102267,14016900
2025-12-15,646.9561157226562,652.4414097008485,638.1536544261938,645.1476664750544,15549100
2025-12-16,656.587890625,661.973233609148,642.6498114209788,642.9495426008936,14309100
2025-12-17,648.9443969726562,660.664343241777,648.644665798819,655.0491556477624,15598500
2025-12-18,663.881591796875,669.9863502083882,655.8984367998282,656.4679564970005,20260300
2025-12-19,658.2064819335938,670.4260003995075,657.6169598101359,665.8499012351181,49977100
2025-12-22,660.9341430664062,673.0038267300547,656.0883162216827,661.0840391473547,15659400
2025-12-23,664.3711547851562,665.4302455294139,657.6868755551602,659.4853234816244,8486800
2025-12-24,666.9789428710938,667.6084088263418,661.633543835896,661.9632786179176,5627500
2025-12-26,662.7225952148438,668.3777877623371,660.7543096382171,667.4885344385556,7133800
2025-12-29,658.1265258789062,659.6851889371151,653.8302165118,657.4471149030659,8506500
2025-12-30,665.3803100585938,671.6449047754843,657.2772625792347,658.1265110341435,9187500
2025-12-31,659.5253295898438,664.4311023248911,658.8758612620638,664.1813161961976,7940400
2026-01-02,649.8535766601562,663.8216588672108,642.9495146869224,662.1630447721155,13726500
2026-01-05,658.2264404296875,663.9715218041853,647.1959061445123,650.4531272549772,12213700
2026-01-06,660.0548706054688,664.9507033148827,651.3423593634897,659.0057810200069,11074400
2026-01-07,648.1350708007812,658.5861445899717,644.2583851266311,655.0791375151089,12846300
2026-01-08,645.50732421875,646.5464125947736,635.1761427603,645.3274855180696,11921700
2026-01-09,652.5013427734375,654.3897406244424,642.3000548798136,644.8878661181845,11634900
2026-01-12,641.4207763671875,653.4105105723186,640.6814191818085,651.9718010113269,14797200
2026-01-13,630.5501708984375,641.720599826752,623.5660991574318,641.720599826752,18030400
2026-01-14,614.9934692382812,627.9124008742662,614.2940558608916,625.9640568168747,15527900
2026-01-15,620.2689208984375,623.6360331340583,613.7045339245012,617.9508982377323,13076100
2026-01-16,619.7194213867188,628.5418850412981,619.5495838845379,623.6460522405506,17012500
2026-01-20,603.6032104492188,610.8770121629093,599.4867397151437,607.3600037753715,15169600
2026-01-21,612.4356689453125,617.7411240978843,599.5666821865381,606.2209580964126,14494700
2026-01-22,647.0759887695312,660.0049216653568,626.0140046136898,628.811597152667,21394700
2026-01-23,658.1964721679688,665.9198400091174,643.8987161260534,644.2184496993522,22797700
2026-01-26,671.7847900390625,674.7023359243682,660.7242529636108,664.5609947255355,16327400
2026-01-27,672.394287109375,676.2410302656567,664.0913982323968,674.0129574053085,13297400
2026-01-28,668.1578979492188,677.1002536346601,665.5301429727417,673.9229813666298,25709600
2026-01-29,737.6784057617188,743.363540655783,711.9404325537852,736.7991536844581,59852900
2026-01-30,715.8870849609375,731.5436633097714,712.9796010924755,726.8776752394725,23744600
2026-02-02,705.8056640625,720.6829408229889,702.9181827036907,713.9886602426056,14365200
2026-02-03,691.1082763671875,716.3866205151361,685.8227628297016,706.7648539132639,13760700
2026-02-04,668.417724609375,688.2407799622291,666.8890651090074,687.1416843315144,16882800
2026-02-05,669.63671875,680.9170392363125,652.9409906690098,663.0123852284637,17131800
2026-02-06,660.8941650390625,671.4151252649915,645.9469408650316,664.920685797671,18159300
2026-02-09,676.640625,682.7254419812133,658.2164585284562,662.6126578425271,14837500
2026-02-10,670.1461791992188,680.0677378888336,669.216982119095,677.0202983345941,10455800
2026-02-11,668.1179809570312,678.6889475196376,656.5378686274887,673.4234361526849,14323800
2026-02-12,649.254150390625,675.421749916193,644.7280570616384,669.3968787035581,14960100
2026-02-13,639.2227172851562,650.872715705495,634.0271535178357,644.5481137374378,12336400
2026-02-17,638.7431030273438,642.0502690775812,628.2620863630333,638.952945338547,12674700
2026-02-18,642.6697387695312,644.4482453696517,627.6126838179015,633.2578140286595,14649200
2026-02-19,644.2284545898438,646.6363661317032,636.1752909436037,638.0237449576674,10035700
2026-02-20,655.09912109375,662.7825455010891,638.2336163631846,639.1428111159805,14183500
2026-02-23,636.7048950195312,657.1374142434245,635.455964272141,651.9817939677475,8605900
2026-02-24,638.7531127929688,640.5615620292823,628.4419334902003,632.5384628258726,10135600
2026-02-25,653.1307983398438,653.3206382422114,641.5906910720822,641.9803720795121,11330700
2026-02-26,656.447998046875,660.4345752110744,646.9461232211356,649.9935020296807,10637700
2026-02-27,647.62548828125,648.8844201349368,637.5740968396581,642.8995542116262,15703000
2026-03-02,653.0009155273438,659.3754626922687,633.9572226725116,636.6149203669017,9816100
2026-03-03,654.5196533203125,658.4762268569145,638.293554979916,647.7354225434952,12263800
2026-03-04,667.1587524414062,672.1944798634893,657.1073609851721,657.397151925757,10810100
2026-03-05,660.0049438476562,670.1262833419206,649.7537106790966,661.363765843265,13341400
2026-03-06,644.308349609375,648.9143914185428,635.5658346648192,647.3457881163396,13159400
2026-03-09,646.836181640625,647.195859029807,626.2438278402449,634.2369839533108,13489700
2026-03-10,653.510498046875,659.7351492208539,648.444827744844,653.0009245574777,9859300
2026-03-11,654.2998046875,658.5561703533895,647.8053649208291,654.1999146227295,8977200
2026-03-12,637.6340942382812,652.9409968457168,636.355220859953,648.1950599902964,11617500
2026-03-13,613.1849975585938,628.6317326131165,609.0285222575777,623.3562813254467,18957600
2026-03-16,627.4500122070312,634.75,623.0999755859375,632.0,15134900
2026-03-17,622.6599731445312,636.5499877929688,621.7000122070312,627.989990234375,10348800
2026-03-18,615.6799926757812,622.6500244140625,614.6099853515625,616.3400268554688,11726300
2026-03-19,606.7000122070312,613.0,602.260009765625,612.1500244140625,13247700
2026-03-20,593.6599731445312,603.9600219726562,587.25,603.530029296875,21214900
2026-03-23,604.0599975585938,608.6400146484375,599.010009765625,605.7899780273438,13638000
2026-03-24,592.9199829101562,601.0,591.0,599.0999755859375,10739700
2026-03-25,594.8900146484375,603.6699829101562,593.4000244140625,598.739990234375,12585000
2026-03-26,547.5399780273438,583.0,543.3499755859375,582.489990234375,35780100
2026-03-27,525.719970703125,543.5999755859375,520.260009765625,540.0999755859375,30133000
2026-03-30,536.3800048828125,539.5499877929688,528.5399780273438,536.3800048828125,22795200
2026-03-31,572.1300048828125,573.6900024414062,546.77001953125,549.97998046875,32898300
2026-04-01,579.22998046875,592.5499877929688,573.8200073242188,580.1300048828125,23608100
2026-04-02,574.4600219726562,578.5,559.7000122070312,566.0399780273438,13518500
2026-04-06,573.02001953125,582.7899780273438,572.0,577.6900024414062,9515700
2026-04-07,575.0499877929688,575.22998046875,564.760009765625,572.47998046875,9580800
2026-04-08,612.4199829101562,629.9500122070312,591.8300170898438,606.0,32036600
2026-04-09,628.3900146484375,637.5,623.0,626.969970703125,19012900
2026-04-10,629.8599853515625,638.5800170898438,624.3300170898438,634.469970703125,13294800
2026-04-13,634.530029296875,635.0,624.4000244140625,629.5,9538900
2026-04-14,662.489990234375,666.260009765625,639.3699951171875,643.219970703125,17818000
2026-04-15,671.5800170898438,678.5,664.219970703125,667.0,14952600
2026-04-16,676.8699951171875,677.5800170898438,667.75,675.989990234375,9544800
2026-04-17,688.5499877929688,691.52001953125,675.1300048828125,678.5999755859375,16283500
2026-04-20,670.9099731445312,683.3800048828125,668.0,681.3599853515625,12534000
2026-04-21,668.8400268554688,676.2000122070312,667.3300170898438,671.0,8660100
2026-04-22,674.719970703125,678.3800048828125,669.75,674.3599853515625,9215600
2026-04-23,659.1500244140625,669.5599975585938,653.0499877929688,663.7000122070312,11667000
2026-04-24,675.030029296875,680.6699829101562,653.8400268554688,660.3200073242188,13348300
2026-04-27,678.6199951171875,682.5,670.8400268554688,671.0,12805200
2026-04-28,671.3400268554688,678.1799926757812,665.6300048828125,674.239990234375,10606800
2026-04-29,669.1199951171875,674.25,663.8099975585938,668.9099731445312,18947500
2026-04-30,611.9099731445312,620.8499755859375,600.0,619.3200073242188,52765000
2026-05-01,608.75,618.8800048828125,606.1099853515625,614.6900024414062,21357400
2026-05-04,610.4099731445312,614.0,602.7501220703125,607.9349975585938,16126242
