Date,Close,High,Low,Open,Volume
2020-01-02,152.1583709716797,152.26257663838246,149.9890168529734,150.41530750587003,22622100
2020-01-03,150.26376342773438,151.52369966939423,149.7332670007078,149.9795792382155,21116200
2020-01-06,150.6521759033203,150.7184951877552,148.26492739771743,148.80490629687822,20813700
2020-01-07,149.27854919433594,151.25844269298102,149.03225142604057,150.92688967276914,21634100
2020-01-08,151.65628051757812,152.32888330245382,149.62901863258827,150.55738711507612,27746500
2020-01-09,153.5509490966797,153.674105204978,152.5467931657798,153.31411932222434,21385000
2020-01-10,152.84043884277344,154.62140312836723,152.68886433869304,154.24248132310657,20725900
2020-01-13,154.6782989501953,154.70671737368204,152.76470985739576,153.23836952210237,21626500
2020-01-14,153.58885192871094,154.98141217679571,153.2004476244277,154.78246880352256,23477400
2020-01-15,154.5835418701172,155.30351372144347,154.00569102831227,154.05304542489407,21417900
2020-01-16,157.416015625,157.48233490143087,155.38875329683958,155.6919023520506,23865400
2020-01-17,158.2969970703125,158.6475004445923,156.71496175600086,158.60013160767733,34371700
2020-01-21,157.72860717773438,159.32957853635287,157.66228791202107,157.8991176525282,29517200
2020-01-22,156.9707794189453,158.66648878308445,156.95182898866327,158.58121907428676,24138800
2020-01-23,157.93707275390625,158.01286003149272,156.5634626781463,157.4349946879729,19680800
2020-01-24,156.34555053710938,158.70438049049056,155.7866356921332,158.68543005957545,24918100
2020-01-27,153.73094177246094,154.77299856024104,151.76051631780365,152.66046656819069,32078100
2020-01-28,156.7434539794922,157.02763819872118,154.47936148498258,155.1519500770846,24899900
2020-01-29,159.1875,159.86010294143955,156.96130872089228,158.99803906528018,34754500
2020-01-30,163.67782592773438,164.8809254745799,161.79265533503514,164.8809254745799,51597500
2020-01-31,161.2621612548828,163.31784241229383,160.64640948856473,163.13786388648447,36142700
2020-02-03,165.19357299804688,165.3072467083088,161.42323111828344,161.4516495458489,30107000
2020-02-04,170.63111877441406,171.1237287743186,167.0218351658526,167.80811178619967,36433300
2020-02-05,170.42269897460938,174.49617396372633,169.01120277781624,174.33513145257945,39186300
2020-02-06,173.95623779296875,174.13623076252514,170.57430114590088,171.43636512906852,27751400
2020-02-07,174.2024688720703,175.85080893279255,172.86674577743017,173.21726359361017,33529100
2020-02-10,178.7591094970703,178.89173359155058,173.59622334452445,173.90884037900125,35844300
2020-02-11,174.72354125976562,180.65375376260124,173.8330589718601,180.60638491548957,53159900
2020-02-12,174.9793243408203,176.0592675799467,172.2699910279323,175.80348736530172,47062900
2020-02-13,174.03201293945312,176.41924686578838,173.23625384239782,173.43519723039753,35295800
2020-02-14,175.58560180664062,175.64243864012167,173.0278286604553,173.59622590515036,23149500
2020-02-18,177.36656188964844,177.81180305026547,175.727703793834,175.83190947940273,27792200
2020-02-19,177.8984832763672,178.75339330512708,177.1290613515988,178.63940916647175,29997500
2020-02-20,175.18179321289062,177.8700309337573,172.028110481901,177.58505602269517,36862400
2020-02-21,169.64381408691406,174.30785891305882,168.3709427375459,173.99438799966083,48572600
2020-02-24,162.3295440673828,165.80620582569023,155.05325577394382,159.36584000819616,68311100
2020-02-25,159.65081787109375,166.0816754656081,159.25184432237913,165.4737357884397,68073300
2020-02-26,161.64561462402344,164.58082272532707,159.7838056869428,161.20866567721743,56206100
2020-02-27,150.25621032714844,158.66288904796488,150.06623191703775,155.1387438829772,93174900
2020-02-28,153.8943634033203,155.50921622258826,144.38580353335962,144.7752687189207,97012700
2020-03-02,164.1343536376953,164.25784613285873,154.17933661297113,157.02905638868572,71030800
2020-03-03,156.2691192626953,166.2336440588436,154.13182955336734,165.09375911275336,71677000
2020-03-04,162.00656127929688,162.14904146075395,157.3235145582892,160.0497561503621,49814400
2020-03-05,157.94094848632812,162.3105094316325,157.39000100953325,157.73196790911553,47817300
2020-03-06,153.47640991210938,154.9392596374927,148.18542341366964,154.46430635732068,72821100
2020-03-09,143.07498168945312,149.84782295306104,142.48604401241937,143.43595097250218,70419300
2020-03-10,152.85897827148438,152.96346858405525,144.93676019104754,150.2372411030131,65354400
2020-03-11,145.93418884277344,149.80030204844616,143.57840950209692,149.25886270019677,56371600
2020-03-12,132.09397888183594,145.7821332961046,131.63802787788026,138.0213999109442,93226400
2020-03-13,150.87367248535156,153.79938665871734,133.68035660445514,140.11122857796408,92727400
2020-03-16,128.6363067626953,141.86850878682063,128.23734786422585,132.98687926660457,87905900
2020-03-17,139.22781372070312,140.111219878546,128.23738768544888,132.98692056268771,81059800
2020-03-18,133.36691284179688,138.68639687590408,128.25642396381357,131.08714225256688,81593200
2020-03-19,135.56118774414062,142.62848121921525,132.03702760813172,135.61817982543892,85922700
2020-03-20,130.46969604492188,139.73128672500724,129.054329789664,138.68638351717573,84866200
2020-03-23,129.1682891845703,133.52837128420802,125.881620623842,130.14669177586433,78975200
2020-03-24,140.9091796875,142.1060716037438,134.19334574567077,136.54911069257048,82516700
2020-03-25,139.56031799316406,146.59913149917378,137.2045529736257,141.45063791485885,75638200
2020-03-26,148.28994750976562,148.81239913590423,140.9376638391544,140.96615988290495,64568100
2020-03-27,142.20098876953125,147.13100542904672,141.72603555754588,144.14829983755556,57042300
2020-03-30,152.2035369873047,152.55501230058746,142.49548995938957,144.8037706334884,63420300
2020-03-31,149.80979919433594,156.52563234720105,148.71739774047174,151.4151294187409,77927200
2020-04-01,144.4903106689453,149.8477839495516,143.26493738693705,145.33572706359047,57969900
2020-04-02,147.4824981689453,147.69147878711792,142.82796147930063,144.25282142442757,49630700
2020-04-03,146.12413024902344,149.49630149094543,144.56628404497476,147.33051565835152,41243300
2020-04-06,156.99105834960938,158.15943933853654,149.68627471810913,152.28902386275382,67111700
2020-04-07,155.3002166748047,161.48410268308842,155.08172774695498,161.09463754501482,62769000
2020-04-08,156.85806274414062,158.32091235571306,155.3097105330273,157.37100586927252,48318200
2020-04-09,156.86756896972656,158.98585654320863,155.1482404127014,158.02645613418778,51385100
2020-04-13,157.21902465820312,157.27603122535353,154.16983281192037,156.1171440984928,41905300
2020-04-14,164.99876403808594,165.04626226424094,159.58429962815816,160.53420617356386,52874300
2020-04-15,163.27000427246094,164.8753492689135,160.7622506107068,162.62406003678151,40940800
2020-04-16,168.1714630126953,168.3994458213664,164.23885015327437,165.5687281288851,50479600
2020-04-17,169.6533203125,170.98318372145278,167.06006492340595,170.50823043333762,52765600
2020-04-20,166.2906036376953,169.79576039517005,166.22411773016378,167.78196356743913,36669600
2020-04-21,159.413330078125,164.97027490463032,157.78898343996238,164.8087925244848,56203700
2020-04-22,164.8278045654297,165.28375569511513,162.26305953111464,162.8044987799114,34620200
2020-04-23,162.83297729492188,166.29063651962912,162.34853017767068,165.38822820580504,32790800
2020-04-24,165.80618286132812,165.81567670835807,162.1585453714661,163.44091045280888,34277600
2020-04-27,165.33123779296875,168.03846276162992,164.61880788104367,167.74399405047532,33194400
2020-04-28,161.30369567871094,166.8701509447093,160.9047365019652,166.79415664993448,34392700
2020-04-29,168.5419921875,168.77946893768998,163.27001992882708,164.542891831182,51286600
2020-04-30,170.23272705078125,171.36310345646845,167.40199563044328,170.98314670600126,53875900
2020-05-01,165.82522583007812,169.69133870777904,165.29326588269856,166.99360705670193,39370500
2020-05-04,169.8812713623047,170.03325987772834,165.09374908184085,165.74918687198553,30372900
2020-05-05,171.70510864257812,174.450338086352,170.88818840181372,171.572122300799,36839200
2020-05-06,173.39598083496094,174.97282960108254,172.5315766630224,172.95903182399024,32139300
2020-05-07,174.4028778076172,175.30528628351058,173.43396890467872,174.9443170953828,28316000
2020-05-08,175.4287567138672,175.7327338053412,174.1748874476006,175.7137316135177,30877800
2020-05-11,177.38555908203125,178.11697670899608,173.6904230840471,173.97538346108584,30892700
2020-05-12,173.367431640625,177.6705069643846,173.16795939072577,177.4425386787855,32038200
2020-05-13,170.7457275390625,174.83032920522427,167.69652068640866,173.4054691701278,44711500
2020-05-14,171.48666381835938,171.63865237649037,166.8796102991968,168.64643742779634,41873900
2020-05-15,173.98486328125,177.6894925196797,168.1334362582344,170.09024116337534,46610400
2020-05-18,175.64723205566406,176.87260518633394,174.74482368880803,176.44515011723627,35264500
2020-05-19,174.43138122558594,177.25260543401274,174.2983948602983,175.7612448784623,26799100
2020-05-20,176.85081481933594,177.0318020320773,175.2124241516012,176.04113977332156,31261300
2020-05-21,174.7266387939453,177.81291307895333,174.5932820706001,176.6031677448123,29119500
2020-05-22,174.8028564453125,175.7077927017451,173.87887960911883,174.49804728640393,20826900
2020-05-26,172.95486450195312,177.65093863777014,172.50716392276382,177.49852683745266,36073600
2020-05-27,173.1835479736328,173.35501496219732,168.2207581533868,171.6499380419208,39517100
2020-05-28,172.79290771484375,175.4124254226943,171.82131524825232,172.16423451139883,33810200
2020-05-29,174.55519104003906,175.52679835595217,171.8499462743446,174.0598598251902,42130400
2020-06-01,174.15513610839844,174.31706825276393,172.85014412835073,173.87888780610865,22622400
2020-06-02,176.13644409179688,176.22217030792038,172.7453603292764,175.50775610396937,30794600
2020-06-03,176.56504821777344,177.1175301498481,174.86950673493328,176.05067650710572,27311000
2020-06-04,174.24085998535156,177.02231087757588,173.65028222738718,175.55538677286637,28761800
2020-06-05,178.31781005859375,178.82266167824457,173.37406067484673,173.95511823224814,39893600
2020-06-08,179.4227294921875,179.60371673224284,175.68872668481072,177.11755495708823,33211600
2020-06-09,180.79440307617188,181.651694207209,178.37491244759534,179.07980627930513,29783900
2020-06-10,187.50038146972656,189.1006768084004,181.947000106035,182.06131625973632,43872300
2020-06-11,177.43191528320312,186.47162701714973,177.2414077362902,183.96642443239614,52854700
2020-06-12,178.83213806152344,182.623291383171,176.39359245482194,181.49927233718,43373600
2020-06-15,179.97518920898438,181.7659917395545,175.2790999776886,175.82206163060056,32770200
2020-06-16,184.38551330566406,186.3001377560509,182.37562783325563,183.73777033245818,42556700
2020-06-17,185.0237274169922,187.00503755358736,184.49982084857658,185.77623718995878,25687800
2020-06-18,187.00506591796875,187.166998057351,184.7951377068354,184.7951377068354,23061600
2020-06-19,185.8905792236328,189.83414524257645,185.14758957765756,189.1673615262903,44441100
2020-06-22,191.05340576171875,191.2343784743109,185.96676585995345,186.50019277764127,32818900
2020-06-23,192.32980346679688,194.27300341072882,191.8725679807489,192.50125587297086,30917400
2020-06-24,188.4529266357422,193.60623760474027,187.23366096391769,192.0345322646708,36740600
2020-06-25,190.83432006835938,191.09151325340733,186.19539512120477,188.41484367523898,27803900
2020-06-26,187.0145263671875,190.40560898868955,185.63332894458102,190.25319718811232,54675800
2020-06-29,189.02444458007812,189.1101707823293,184.3664653054702,186.49065245840316,26701600
2020-06-30,193.8538818359375,194.7016526637686,188.35766642321764,188.49102314215313,34310300
2020-07-01,194.98739624023438,196.5591157993737,192.1964257889842,193.50141740962292,32061200
2020-07-02,196.473388671875,198.1498896510141,195.2731782720934,195.92090671600337,29315800
2020-07-06,200.70272827148438,201.11233324014438,198.2165666631552,198.9214604627047,31897600
2020-07-07,198.36895751953125,204.4843397238577,198.1212992276616,200.46456904975432,33600700
2020-07-08,202.731689453125,203.14127992845096,198.78812386849197,200.1026505749674,33600000
2020-07-09,204.15097045898438,206.11322543452593,201.43619119450554,206.06559492317183,33121700
2020-07-10,203.5317840576172,203.92233386589348,201.06467786642992,203.4841535506681,26177600
2020-07-13,197.2449951171875,205.56077192573022,196.70203337523782,204.30339601897944,38135600
2020-07-14,198.46424865722656,198.94052473796404,192.44411202000435,196.34958169596874,37591800
2020-07-15,198.16896057128906,201.30286556387918,195.3017835765053,199.6168440382108,32179400
2020-07-16,194.24444580078125,195.93998757949456,192.71083615432784,195.6542190082387,29940700
2020-07-17,193.2537384033203,195.31123950645062,191.8344308083616,194.76829246951544,31635300
2020-07-20,201.56004333496094,202.22682694154088,193.37760921523997,195.27319325053878,36884800
2020-07-21,198.84527587890625,203.78902422512718,198.15943711788177,203.5223107663725,37990400
2020-07-22,201.7029266357422,202.22683324824817,198.50235068955192,199.27391563942754,49605700
2020-07-23,192.92990112304688,200.91229258668062,192.55840637545583,197.35927722794668,67457000
2020-07-24,191.74874877929688,193.2347277928302,188.13856802751238,190.91049824456846,39827000
2020-07-27,194.1777801513672,194.29208176915887,191.32964371811065,191.91070116654112,30160900
2020-07-28,192.4346160888672,194.98744922805173,192.16790261267758,193.94917072897118,23251400
2020-07-29,194.3777618408203,194.9397640412787,192.42502730325805,192.8917830230977,19632600
2020-07-30,194.22535705566406,194.75879841254388,190.10081947244336,191.4629619263642,25079600
2020-07-31,195.28268432617188,195.36842505438554,189.56737220797189,194.70162701276325,51044000
2020-08-03,206.26565551757812,207.3134687948011,200.45509557830556,201.48385374099897,78983000
2020-08-04,203.1698760986328,204.57966398452538,200.3312742804671,204.0081267837803,49280100
2020-08-05,202.83641052246094,204.79866517484908,201.53141902806064,204.7034041678289,28806400
2020-08-06,206.0846710205078,206.10371159915528,201.5124176259521,202.26492745672695,32656800
2020-08-07,202.3982696533203,205.46548863137218,200.92181096572025,204.6558280531857,27820400
2020-08-10,198.36895751953125,201.826725992013,196.55911450133638,201.62668367315615,36716500
2020-08-11,193.7300567626953,197.7974438909009,193.50143901907384,197.3307026496794,36446500
2020-08-12,199.26437377929688,200.30265206772674,195.03504017950794,195.5494119121457,28013100
2020-08-13,198.79762268066406,201.32189449596746,198.27371611259795,199.50251647540682,22588900
2020-08-14,198.9881134033203,199.64537663008304,197.6640666620123,198.85475670041126,17958900
2020-08-17,200.30270385742188,201.16952997069373,199.007232100324,199.6549752462705,20184800
2020-08-18,201.4552459716797,202.28396163565859,199.2834283776174,200.54078957348915,21336200
2020-08-19,200.23304748535156,202.5247077340246,199.80336574182783,201.94224572660374,27627600
2020-08-20,204.8927001953125,205.29373737574858,199.4786764045384,200.08022489023008,26981500
2020-08-21,203.4031982421875,206.48737554062436,203.24087465489396,204.205272874672,36249300
2020-08-24,204.0429229736328,205.7903089925828,202.8397966101337,205.09325450359657,25460100
2020-08-25,206.6974334716797,206.83111256977526,203.47957724399592,203.47957724399592,23043700
2020-08-26,211.1661376953125,212.06370355764227,207.54724433690507,208.04377292307376,39600800
2020-08-27,216.35101318359375,220.7146922620939,209.49514779937155,212.8275964636864,57602200
2020-08-28,218.57579040527344,220.2276849380382,216.35097723100844,217.87873599179866,26292900
2020-08-31,215.348388671875,218.37527645385566,214.1834647217213,216.75202630738926,28774200
2020-09-01,217.0098419189453,217.18170877943533,214.29804337071027,215.3292882434317,25725500
2020-09-02,221.1920928955078,222.3474735322865,217.08622920281584,217.67823447442825,34080800
2020-09-03,207.48992919921875,218.9577288996764,205.2555726982678,218.91954112244858,58400300
2020-09-04,204.5775909423828,208.50204379483299,195.9266108981309,205.38922315215436,59664100
2020-09-08,193.5108642578125,200.54813899842011,193.07162466856798,197.17750294657407,52924300
2020-09-09,201.75125122070312,205.14098845525137,197.3684714692086,198.22784947553285,45679000
2020-09-10,196.09854125976562,205.04554135717223,194.89542936094682,203.766024749938,35461500
2020-09-11,194.81903076171875,199.21136882938845,192.15499218362683,197.8459188393803,33620100
2020-09-14,196.13674926757812,199.75564294186492,194.81904483808273,195.01957077863054,30375800
2020-09-15,199.3545684814453,200.30942320721906,197.58808141079317,199.0108201973697,21823900
2020-09-16,195.79296875,201.14014659025136,195.40147480702015,201.11150211344088,26328100
2020-09-17,193.74957275390625,195.1054646940721,190.93275427264976,191.01868769979,34011300
2020-09-18,191.3433074951172,194.45612816108763,187.39021014167702,193.64451051516755,55225300
2020-09-21,193.39630126953125,193.55863942090826,187.5144062732065,188.287836395958,39839700
2020-09-22,198.05596923828125,198.7052780405181,192.95704840245924,195.80251145980125,33517100
2020-09-23,191.53427124023438,198.70523825617184,190.99955502187976,198.51425568968156,30803800
2020-09-24,194.0169677734375,196.28952707803427,190.2070915104246,190.82775593197994,31202500
2020-09-25,198.43792724609375,199.60283667261433,193.39628060658876,194.3606932585249,29437300
2020-09-28,199.98477172851562,202.973471617275,198.6670675733569,201.35976483478098,32004900
2020-09-29,197.9031982421875,200.5863524369217,197.47351650129846,199.89885582352807,24221900
2020-09-30,200.8345947265625,202.41009918439974,197.21568718363864,198.35196663004595,33829100
2020-10-01,202.8684539794922,204.32938063457078,201.77992010767034,203.85195324219404,27158400
2020-10-02,196.88150024414062,201.46480588853086,196.26083592410876,198.6097849842091,33154800
2020-10-05,200.88235473632812,200.91099921434176,197.63583971881565,197.86501011285242,21331600
2020-10-06,196.61419677734375,200.6914171417746,195.57340832290672,199.3928283273856,28554300
2020-10-07,200.357177734375,200.62453590384288,197.3875788228527,197.71222594721692,25681100
2020-10-08,201.0733184814453,201.6557804718175,198.91535195429182,201.006471654224,19925800
2020-10-09,206.0672149658203,206.11496062047993,201.69397817169286,201.69397817169286,26458000
2020-10-12,211.40481567382812,213.7537645457266,207.02203628581694,208.91264443105055,40461400
2020-10-13,212.79893493652344,215.04284947727942,210.47863026566432,212.66525585132484,28950800
2020-10-14,210.88922119140625,214.09753374216916,209.23732654938445,212.93260977868263,23421700
2020-10-15,209.74339294433594,210.41178833961618,206.25816444692333,207.29896717306707,22733100
2020-10-16,209.74339294433594,212.25465097016937,209.4187458337608,210.21126243606867,26057900
2020-10-19,204.5489959716797,212.26422448710105,204.0715685727298,210.46909280467258,27625800
2020-10-20,204.9595947265625,207.55680117288514,203.4700234408629,206.05768658353387,22753500
2020-10-21,205.1028289794922,207.1271166414113,203.49866522161116,203.49866522161116,22724900
2020-10-22,205.18875122070312,206.3059296091729,202.14276202063672,204.27208418481786,22351500
2020-10-23,206.46824645996094,206.5159921132841,203.53684984099252,205.32242362984323,18879600
2020-10-26,200.59588623046875,206.57327167863946,198.70527791822374,204.19569269246188,37111600
2020-10-27,203.6227569580078,204.97864883156453,200.83458308943582,202.03769472007534,36700300
2020-10-28,193.5299530029297,199.41186173741897,192.97615007156463,198.2946834325445,51195600
2020-10-29,195.4779052734375,197.99872174244132,194.188845271249,194.85725538789796,31432600
2020-10-30,193.3294677734375,195.06729607017297,190.60812555077848,194.31296712943194,36953700
2020-11-02,193.19577026367188,196.01258896348594,191.0855347795148,195.0672774818165,30842200
2020-11-03,197.11065673828125,198.72436357805273,193.95008988401975,194.68533211248038,27512000
2020-11-04,206.62098693847656,208.46386389843224,202.83021299937428,204.35798619198238,42311800
2020-11-05,213.20950317382812,214.0020343366813,211.16611466391598,212.01593477855405,36080100
2020-11-06,213.62013244628906,214.23123897961761,208.18700591079525,212.2260379268585,25231900
2020-11-09,208.53074645996094,217.82147990831737,208.04377574015598,214.3076211153665,44395000
2020-11-10,201.4839324951172,206.7260912789593,200.25217605253826,204.81638142880726,44045100
2020-11-11,206.77383422851562,208.1965587234727,202.62020953091454,202.80163429548938,29440800
2020-11-12,205.7139129638672,209.21822820406635,204.77815937346904,207.40400997799867,21593900
2020-11-13,206.73558044433594,207.6045016953903,204.4916806999845,206.59235807105273,18621100
2020-11-16,207.423095703125,207.91008095610752,204.83544745934216,205.1696378838174,24953300
2020-11-17,204.7781219482422,207.85274032620492,204.415272541372,206.3440828943152,24154100
2020-11-18,202.07843017578125,205.9940073608106,201.93481820711207,204.53882413845477,28372800
2020-11-19,203.36126708984375,203.94525399369454,200.9774488217173,202.3656247103316,24792700
2020-11-20,201.4178466796875,204.194169355236,201.0444789459679,203.15065627997777,22843100
2020-11-23,201.14981079101562,203.23683717236528,199.28297191593805,201.9539852898068,25683500
2020-11-24,204.73989868164062,205.11326647035582,199.9531246683301,200.65198958401243,33979700
2020-11-25,204.7494354248047,206.10887728216528,203.39957646316228,205.93656045611112,21012900
2020-11-27,206.0514373779297,207.04709439516884,204.91218300631596,205.68765254415658,14512200
2020-11-30,204.94091796875,205.60148040979328,201.8486519158757,204.9696374397487,33064800
2020-12-01,206.98965454101562,208.0523187829212,204.2516196677861,205.3621399555571,30904500
2020-12-02,206.18545532226562,206.2811966253991,203.72506159891105,205.71636091789838,23724500
2020-12-03,205.10366821289062,207.15240660691688,204.53881785971507,205.4578847635359,25120900
2020-12-04,205.2185516357422,206.19505750838957,204.08886550697892,205.08452256365908,24666000
2020-12-07,205.15151977539062,206.3482130777084,203.90697042743815,205.22810989970768,24620000
2020-12-08,206.79815673828125,207.69807237716685,203.81121513523243,204.84515983045816,23284100
2020-12-09,202.76771545410156,206.05143485387185,202.20287972305044,205.9844276253421,32440600
2020-12-10,201.54229736328125,203.99312283702398,201.3891171191543,202.7389906303878,26733300
2020-12-11,204.1654510498047,204.22290460061276,200.19243502451116,201.09235074888988,30979400
2020-12-14,205.0653839111328,206.98967630200812,203.80168324113518,204.01230245414715,28798400
2020-12-15,204.99832153320312,206.23330239723967,203.18892213217688,205.99396377483902,27000600
2020-12-16,209.92874145507812,210.72334762421664,205.56320627702797,205.59192574993037,35023300
2020-12-17,210.06272888183594,211.47004120731856,208.62669708914518,210.493535498029,32515800
2020-12-18,209.26812744140625,210.32122328894448,206.8077338457158,209.26812744140625,63354900
2020-12-21,213.09754943847656,214.4474228830975,208.01399902795885,208.27248885115827,37181900
2020-12-22,214.3900146484375,216.00794643471485,212.38914682397282,213.19332126901028,22612200
2020-12-23,211.5945281982422,214.0262025743925,211.38390900722848,213.59539590479994,18699600
2020-12-24,213.250732421875,214.0740579439434,211.76682990316124,211.97744907913722,10550600
2020-12-28,215.3665008544922,216.39086269746974,213.50923056206076,214.87824065113975,17933500
2020-12-29,214.59103393554688,217.4918172885593,214.0453493940068,216.65892343712179,17403200
2020-12-30,212.2263946533203,216.00795761448887,212.0253583356928,215.62500694840796,20272300
2020-12-31,212.93482971191406,213.49009718851218,210.3116725862071,212.2455331622111,20942100
2021-01-04,208.4065399169922,213.4900908644091,205.64935379985505,213.04013300201316,37130100
2021-01-05,208.60752868652344,209.2010983786544,206.50135181940192,207.9948224232141,23823000
2021-01-06,203.19850158691406,207.2576901048468,202.90172401611616,203.12191147056765,35930700
2021-01-07,208.98094177246094,209.98616708451945,204.59627029591414,204.9121844778068,27694500
2021-01-08,210.2541961669922,211.1732629388103,207.7746514524589,209.35428057593944,22956200
2021-01-11,208.215087890625,209.57452986995204,207.48748893825697,209.15329144659665,23031300
2021-01-12,205.7642059326172,207.84167815630275,204.22287913451353,207.26725958443384,23249300
2021-01-13,207.11407470703125,207.5161618550956,204.8068467927867,204.8930198022847,20087100
2021-01-14,203.93569946289062,208.1863566093762,203.66764131924498,206.70245392329073,29480800
2021-01-15,203.5814971923828,205.36217774682686,202.98794187692656,204.4144058215758,31746500
2021-01-19,207.20985412597656,207.7268192377233,203.56233504710266,204.63456763921351,30480900
2021-01-20,214.77291870117188,216.1610798929583,208.02356612474742,208.4160850006806,37777300
2021-01-21,215.37606811523438,216.64935150148284,212.93481093432405,215.11757827987228,30709400
2021-01-22,216.31427001953125,220.25858092455158,216.17067267204894,217.39608539747118,30172700
2021-01-25,219.74163818359375,219.9809768749982,214.65808671545548,219.34911922375264,33152100
2021-01-26,222.4222412109375,224.1933388163299,220.268192922811,221.97228328877176,49169600
2021-01-27,222.9678955078125,230.1863578583069,220.32560189282918,227.85041013975058,69870600
2021-01-28,228.74073791503906,232.29253006928437,225.0644995906523,225.5623280954357,49111200
2021-01-29,222.0679473876953,227.8695130889387,221.48396058167185,225.92608470012138,42503100
2021-02-01,229.43006896972656,232.15853595719565,222.51796623567458,225.0358140012582,33314200
2021-02-02,229.29600524902344,231.9766011706054,228.51098203808783,231.00967824023755,25916300
2021-02-03,232.63722229003906,234.63809036676017,229.05670998847867,229.35350225477598,27158100
2021-02-04,231.68939208984375,232.86694881954378,230.11933105831628,232.31168137316456,25296100
2021-02-05,231.87130737304688,232.9052522107318,230.16721716132736,231.9000268456431,18054800
2021-02-08,232.12979125976562,233.2881822461942,230.54057897933532,232.78078543262248,22211900
2021-02-09,233.3743438720703,234.32211561321034,231.0862668747444,231.55536129754788,23565000
2021-02-10,232.4648895263672,235.4326805135814,230.61718724582224,234.55191588851997,22186700
2021-02-11,234.0636444091797,234.69548737812784,231.82342341865782,234.34127083104315,15751100
2021-02-12,234.54229736328125,234.8390749376285,232.37866672281444,233.52748926560795,16561100
2021-02-16,233.3072967529297,235.63367586414148,232.56056138589153,234.58058003469236,26728500
2021-02-17,234.32444763183594,234.429999771811,231.1962886570467,231.56092598454555,21653500
2021-02-18,233.93106079101562,234.06539856792395,231.11955780224875,232.02154629365586,16925600
2021-02-19,231.22509765625,233.9982245505223,230.46703730839147,233.89267239987308,25262600
2021-02-22,225.02630615234375,228.30799807606732,223.0016349040027,227.81862797364326,36446900
2021-02-23,223.83648681640625,225.33339754887209,219.48007774451878,221.01537906288905,30228700
2021-02-24,225.06468200683594,225.68838982058668,219.73912389245297,220.7082737093452,26339700
2021-02-25,219.7295684814453,225.1030937109058,218.66445668933272,222.69460427185766,39542200
2021-02-26,222.98245239257812,225.85152606966585,220.25729214925016,222.16682092029995,37819200
2021-03-01,227.35804748535156,227.86661288751642,223.7213085056627,226.36009733043844,25324000
2021-03-02,224.4122314453125,227.70352896334748,224.0092181119914,227.42524843971077,22812500
2021-03-03,218.3573760986328,224.13392888093216,218.06950529574024,222.77135603173917,34029500
2021-03-04,217.56094360351562,223.08801625993092,215.19083022458815,217.57054857019696,44727800
2021-03-05,222.23402404785156,223.83648692978852,217.30188796036578,220.23813818964663,41872800
2021-03-08,218.1942596435547,223.93242202512073,217.9447794153884,222.0133028006234,35267400
2021-03-09,224.3258514404297,225.8611527209292,222.30118001460858,223.46225362122254,33080500
2021-03-10,223.02085876464844,227.41564385006524,222.65622140139538,227.41564385006524,29746800
2021-03-11,227.54037475585938,229.4978699157633,224.83440963059357,225.4581321614422,29907600
2021-03-12,226.21615600585938,226.2833322000355,223.7980619246952,224.54651717619805,22653700
2021-03-15,225.314208984375,225.6788463527636,222.43552990775498,225.45815172323736,26034900
2021-03-16,228.09690856933594,230.35186474160002,226.39848405501235,226.72473079014074,28092200
2021-03-17,227.45399475097656,228.90293907696545,223.79807512037002,226.5999873166399,29562100
2021-03-18,221.38958740234375,224.71926031527957,221.01535975192502,223.15517351500054,34833000
2021-03-19,221.03456115722656,223.06882283713475,220.07500155097284,221.67746433641042,46430700
2021-03-22,226.4464874267578,227.31967558191016,220.83305760883877,220.95780504888268,30127000
2021-03-23,227.97216796875,231.30184090014612,227.48279785140227,227.88581112010934,31638400
2021-03-24,225.93792724609375,228.37520237530592,225.80358947742405,228.2312742809165,25620100
2021-03-25,222.94407653808594,227.35805660601366,222.20522617954543,225.78437942941395,34061900
2021-03-26,226.91664123535156,227.13735047675794,222.18601962035427,222.18601962035427,25479900
2021-03-29,225.72682189941406,227.22373264099474,222.50270082457934,227.02221866806568,25227500
2021-03-30,222.47389221191406,224.39301135235166,221.75422253424998,224.08594526185743,24792000
2021-03-31,226.2353973388672,229.43073293599943,222.99208082780365,223.49105597759478,43623500
2021-04-01,232.54930114746094,233.01947603379585,228.42319147370623,228.82620479415866,30338000
2021-04-05,238.9974822998047,239.85148963557137,232.88507856867108,232.94264979373384,36910600
2021-04-06,237.83644104003906,239.31415636924692,236.89607673963405,237.59655114205796,22931900
2021-04-07,239.7938995361328,240.7822445935055,237.1935016385964,237.78842380936416,22719800
2021-04-08,243.00848388671875,243.8624913984209,241.80903431175963,242.54789934961562,23625200
2021-04-09,245.50332641601562,245.63766417265026,242.2312247073296,242.64382830209405,24326800
2021-04-12,245.56088256835938,247.2497167100151,244.32304257664887,244.40941406195913,27148700
2021-04-13,248.03651428222656,248.7082176144508,246.4436420720802,246.85627489335369,23837500
2021-04-14,245.25381469726562,248.36277817763542,244.84121113085754,247.06739624976979,23070900
2021-04-15,249.00576782226562,249.41837150777954,247.3073575201988,247.49925190992008,25627500
2021-04-16,250.19558715820312,250.44508205125322,247.18258492336514,248.97695687953168,24878600
2021-04-19,248.27639770507812,250.90561045767913,247.39361942763858,249.66777059283316,23209300
2021-04-20,247.8158721923828,249.67742016300645,246.45328467278097,247.39366362481238,19722900
2021-04-21,250.0420379638672,250.1379997844997,246.84671724920173,248.46837538255164,24030400
2021-04-22,246.76992797851562,251.19348319019957,245.30178848218713,249.6869677564627,25606200
2021-04-23,250.58897399902344,250.9344306690591,246.86587820955702,247.4512247703219,21462600
2021-04-26,250.9727783203125,251.82680034091737,249.64861079357635,251.07834509387854,19763300
2021-04-27,251.3758087158203,252.54647250197712,249.60061774649762,251.00156644683852,31014200
2021-04-28,244.2654571533203,246.16539545227755,242.72056581581106,245.72397701053836,46903100
2021-04-29,242.29837036132812,245.7432001834214,238.93032169994916,245.12908267315444,40589000
2021-04-30,241.98175048828125,242.84536297608295,239.5060994250514,239.64043719314697,30945100
2021-05-03,241.6746826171875,244.06399130382755,240.96460323871534,243.1523979660195,19626600
2021-05-04,237.7692413330078,241.0509476976474,235.82133672532257,240.82064814733633,32756100
2021-05-05,236.50265502929688,239.41011943668963,235.87894714797247,238.98791087136092,21901300
2021-05-06,239.63082885742188,239.7555762980852,234.79465463224184,236.48347435623583,26491100
2021-05-07,242.2504119873047,244.0159980566037,241.0125719605132,241.95293622585686,27032900
2021-05-10,237.18392944335938,241.5499284512594,237.12635821135868,240.72470662857563,29299900
2021-05-11,236.2723388671875,236.62738584949687,232.76036211665323,234.66028588552803,33641600
2021-05-12,229.33477783203125,234.49721391795194,228.44239430196552,232.37658045045393,36684400
2021-05-13,233.20176696777344,235.66784215247608,231.6568754357032,232.0215127667873,29624300
2021-05-14,238.11468505859375,239.10303017636681,235.56226790568283,235.6486247470301,23901100
2021-05-17,235.26480102539062,236.61778349101087,233.67194331645007,236.57940755176028,24970200
2021-05-18,233.24974060058594,236.44507570607448,233.07701226535352,236.3107379527679,20168000
2021-05-19,233.82681274414062,233.9326086171046,229.47959883359417,230.1624510972941,25739800
2021-05-20,237.05836486816406,238.47217569165701,234.53851835238595,234.63470174976987,21800700
2021-05-21,235.79847717285156,238.83769101202844,235.38492078788627,238.1067469784597,21863100
2021-05-24,241.1940155029297,241.55949482361876,238.04900607225056,238.31830198996036,21411500
2021-05-25,242.0980682373047,243.08869557539978,241.2324763784631,242.14615993513493,17704300
2021-05-26,241.8769073486328,243.271478782269,241.1651882496709,241.81918849558588,17771600
2021-05-27,239.7801971435547,241.86724777869244,239.72249297377158,241.56909978446225,24426200
2021-05-28,240.13607788085938,242.4443476755237,240.020669527561,241.40562846925397,18270200
2021-06-01,237.94322204589844,241.68452766984606,237.52005320809064,241.62682349539628,23213300
2021-06-02,237.84703063964844,239.74172912294227,236.4428322679461,238.64530588633542,19406700
2021-06-03,236.3177947998047,236.92370320657687,233.7113775070017,235.84651966073733,25307700
2021-06-04,241.20367431640625,242.03080184415606,238.0490518095302,238.28949568764898,25281100
2021-06-07,244.1082000732422,244.3774959981243,240.2610986600382,240.42459870903608,23079200
2021-06-08,242.9156036376953,246.22411314134618,242.85788479009744,245.40659823560296,22455000
2021-06-09,243.89662170410156,245.76246833996902,243.53115702915264,244.10821346748003,17937600
2021-06-10,247.40707397460938,247.6186657190944,243.97354371278735,244.56983971513966,24563600
2021-06-11,248.0322723388672,248.6093140988236,246.80117164814428,248.12842639815597,18999700
2021-06-14,249.95584106445312,250.0135452445864,246.98392903229885,248.0418879198391,19150500
2021-06-15,248.48423767089844,250.05193601301735,247.8302375499688,249.8403442855341,18038900
2021-06-16,247.5417022705078,250.6193652575854,244.69484126039774,249.4844775814327,27220000
2021-06-17,250.9271697998047,251.74468467468952,246.22410384722616,246.28180801711895,27565500
2021-06-18,249.51339721679688,252.2736880540248,248.85939695697047,249.70576404665513,37202200
2021-06-21,252.59104919433594,253.44701394017824,248.06109579519787,249.8884629766057,26696100
2021-06-22,255.3609619140625,255.6302578162363,252.36982555497457,252.67760068633095,24694100
2021-06-23,255.1300811767578,256.63044804916365,254.32219358015837,255.82256045256418,19518700
2021-06-24,256.4958190917969,257.61148179657937,255.3224522256505,255.9860794323836,21446900
2021-06-25,254.88973999023438,257.03450998511664,254.6396983115514,256.053509512453,25611100
2021-06-28,258.4482421875,258.6213546854569,255.74565612665353,256.01495201827004,19590000
2021-06-29,261.02587890625,261.26632279421653,257.73662295546177,258.59258793407116,19937800
2021-06-30,260.5449523925781,260.98736086236244,259.29465610147,260.34298777501124,21656500
2021-07-01,261.21820068359375,261.4490173838746,259.29464991177207,259.3042477069135,16725300
2021-07-02,267.03692626953125,267.3735535200733,262.0837889720143,262.3915641354273,26458000
2021-07-06,267.0464782714844,268.6911054771681,263.81489866709086,267.402330362961,31565600
2021-07-07,269.2297058105469,269.9606643036204,266.55597211609904,268.71996616433717,23260000
2021-07-08,266.81573486328125,268.0756582442465,264.36319007014714,266.31559288844903,24618600
2021-07-09,267.3158264160156,267.4216076093967,264.79597985271084,265.18068409845046,23916700
2021-07-12,266.71954345703125,269.0758754216596,266.0078097490521,268.48920655469243,18931700
2021-07-13,270.2396240234375,272.03813906947397,266.7868543506358,266.9118604799698,26120100
2021-07-14,271.71112060546875,272.8171562130653,269.8260200844515,271.557233051648,23113700
2021-07-15,270.2877197265625,271.7111577808716,269.1335775905223,271.22064297039645,22604200
2021-07-16,270.0184326171875,273.24038594694457,268.77773418312665,271.28798313803793,26186800
2021-07-19,266.42138671875,269.65293765611636,263.9592442852176,268.2679788683728,32935600
2021-07-20,268.6430358886719,270.22995898020264,265.7000063440737,267.40233775483614,26259700
2021-07-21,270.6435546875,270.75896302355244,266.69067242244347,268.23911651623393,24364300
2021-07-22,275.2024230957031,275.4717190297968,272.5863928711976,272.9903220968104,23384100
2021-07-23,278.5974426269531,278.9051883924715,275.5486022461029,276.38534199654606,22768100
2021-07-26,278.001220703125,278.6167711651473,275.68336737555,277.9531436643689,23176100
2021-07-27,275.587158203125,278.5109345714232,272.1343877026181,278.36667411756946,33604100
2021-07-28,275.279296875,279.0590663386957,272.98064007555604,277.94340359284985,33566900
2021-07-29,275.5485534667969,277.58751188877835,275.1445950289301,275.2984825599724,18168300
2021-07-30,274.01934814453125,275.7024545749451,273.0575730414376,274.26941906367057,20944800
2021-08-02,273.932861328125,275.8083056438092,272.89412751695914,275.41397422948273,16267400
2021-08-03,276.1448974609375,276.2507079980633,273.14416345994005,274.509897191702,17879000
2021-08-04,275.55828857421875,276.59699312691515,273.7693710071133,275.2793654804813,16191300
2021-08-05,278.45318603515625,278.558996585167,275.1639308070006,275.91411439860224,13900200
2021-08-06,278.3955078125,278.4339870480046,276.6258445430264,277.4818387644274,16589300
2021-08-09,277.3087158203125,280.4056340911744,276.8086031288222,278.6744499389659,16117600
2021-08-10,275.4909973144531,278.19358432489184,274.2984049969816,277.7607735768746,18616600
2021-08-11,275.9814147949219,277.6260422247308,274.93305396223553,276.23145639673766,13955900
2021-08-12,278.73211669921875,278.8860042800306,275.3947550024405,275.67367807710286,14561300
2021-08-13,281.65594482421875,281.7040218560263,278.24162438521927,278.41476627205253,18249000
2021-08-16,283.33905029296875,283.55064206366075,278.9341023443054,281.98294340140507,22507600
2021-08-17,281.8771057128906,282.2137329544662,279.9535550193779,281.21350772659866,20075300
2021-08-18,280.1522216796875,284.0934094395426,279.7089369385495,281.41455687924235,21813000
2021-08-19,285.9724426269531,286.6469859033091,278.1382656084222,278.1864346679161,29850500
2021-08-20,293.28631591796875,294.7124789833826,287.21554348054167,288.8151504653693,40817600
2021-08-23,293.5657958984375,294.2885083597371,290.8676811391506,292.21673851879405,22830200
2021-08-24,291.6096496582031,294.5294067686128,291.0122120736746,293.92232360780326,18175800
2021-08-25,291.0218505859375,293.50796840478165,289.4897037639269,293.228511364618,20006100
2021-08-26,288.20806884765625,291.426544578333,288.0731778231543,290.03893440127865,17666100
2021-08-27,288.815185546875,289.92333882072455,286.0303192932978,288.11173480081567,22605700
2021-08-30,292.5443420410156,293.15142516677145,290.10639336951124,290.1642080093696,16348100
2021-08-31,290.8965148925781,293.42118508039425,290.53033596630166,293.3441087098698,26285300
2021-09-01,290.8483581542969,294.08612491832895,290.5207320699009,291.8505275583118,18983800
2021-09-02,290.1930847167969,292.3226688129112,289.2583755946985,291.2048996220678,16285600
2021-09-03,290.1835021972656,291.59037412727884,289.33551492747904,290.03893618886394,14747900
2021-09-07,289.2583923339844,290.1352868730688,287.3504504950294,290.05821049267576,17180400
2021-09-08,289.2872619628906,289.6727026291222,286.64696252160434,288.87291398187256,15046800
2021-09-09,286.4349365234375,291.1470342035851,286.19403245571385,289.8750536682678,19927000
2021-09-10,284.9510498046875,289.00789676784274,284.63306927340466,287.56247190206864,19633400
2021-09-13,286.1844482421875,287.678071426656,283.3803207637957,286.7240711170078,23652900
2021-09-14,288.88262939453125,290.4244218394307,287.25411498430714,288.66098698942704,21853400
2021-09-15,293.7296447753906,294.2114531175559,290.83879472239886,292.2264051004147,28356300
2021-09-16,294.1150207519531,294.2017427055618,289.8172995209801,292.7081489368997,19550800
2021-09-17,288.959716796875,293.4212665400656,288.6320906685241,293.1032859884223,41372500
2021-09-20,283.5923156738281,287.8515134151559,278.98623011838976,285.5484559338163,38278700
2021-09-21,284.07415771484375,286.7144871567123,283.3707364278861,284.93179059163447,22364100
2021-09-22,287.716552734375,289.2968976412769,283.79465659539153,285.93388603812656,26626300
2021-09-23,288.6609191894531,289.9521616041896,286.70477912281865,287.9767597966443,18604600
2021-09-24,288.4586181640625,288.8922279642704,286.1266531897196,287.3793723405542,14999000
2021-09-27,283.4670715332031,285.6833776639269,282.28181268174734,285.36539716620223,23571700
2021-09-28,273.2045593261719,280.20042503434115,272.4625851539167,279.25607020918045,43186200
2021-09-29,273.66705322265625,276.33626002135594,272.71308241223153,274.7270371271494,26353700
2021-09-30,271.66278076171875,277.35772848518707,271.3736781629652,275.31486617919455,32343600
2021-10-01,278.58154296875,279.42953021502547,271.05570026891905,271.8554890446492,30086300
2021-10-04,272.8094787597656,277.28067385415983,270.0535494270314,276.9434021661116,31350700
2021-10-05,278.2539367675781,279.83425268811834,273.7152814419423,273.7152814419423,24993000
2021-10-06,282.4456481933594,282.9467476472076,275.12218554145016,275.382351437471,28002600
2021-10-07,284.1224365234375,285.8473189336567,283.22627990304676,284.4404171474542,20430500
2021-10-08,284.1224365234375,285.8473189336567,283.07209767686345,285.44258691401905,17685700
2021-10-11,283.5248718261719,287.128787851861,282.09870892799114,282.2625366597223,19298600
2021-10-12,282.2240295410156,284.69088564097564,281.7133139283031,284.5945181012245,17974100
2021-10-13,285.5292053222656,286.46391451193523,282.81179971016536,284.18014809161934,23416300
2021-10-14,291.7348937988281,292.2359637895139,286.9938877052562,288.32368317323034,27262900
2021-10-15,293.14178466796875,293.3730726386509,289.5860372188823,291.33982641094127,25384800
2021-10-18,296.1097106933594,296.99622136989956,291.67706908893643,292.52505628022925,22729300
2021-10-19,297.01556396484375,298.0466114077476,296.0423017598198,297.13119325509496,17682100
2021-10-20,296.22528076171875,298.4319702516022,294.9725619677643,297.9597782829051,16537100
2021-10-21,299.4534912109375,299.70401151928974,295.2135548265935,295.99411129385413,16918100
2021-10-22,297.91168212890625,299.7714549252828,296.6011483907177,299.10655718444485,17449300
2021-10-25,296.919189453125,298.1429719558944,295.3099367822359,298.1044190576334,17554500
2021-10-26,298.8271484375,301.03383882381803,297.3721072772416,299.6847813807239,28107300
2021-10-27,311.4119873046875,314.2353768644904,304.50284339356364,304.50284339356364,52588700
2021-10-28,312.549072265625,313.05014234656585,309.6678384302858,312.5297811116196,26297900
2021-10-29,319.554443359375,319.9206222707464,312.1153240989585,312.3369664419561,34766000
2021-11-01,317.3863830566406,319.429245467658,314.4955333639382,319.30397060914856,27073200
2021-11-02,321.0096435546875,321.318007963707,317.9935185073219,318.29223733879434,26487100
2021-11-03,321.84796142578125,322.7152105302098,318.6198397635644,321.7515938792344,21500100
2021-11-04,324.1991882324219,324.2955557789169,317.52133190249214,320.77836088619716,23992200
2021-11-05,323.8329772949219,326.4636610780947,322.2526614356384,326.1938496188393,22570100
2021-11-08,324.7291259765625,325.36511641707693,322.2719155808302,325.0278447491498,20897000
2021-11-09,323.7270202636719,326.39622775578675,322.35867170289976,324.84478968180053,21307400
2021-11-10,318.76434326171875,322.4550111195703,317.916385399046,322.39719647909817,25500900
2021-11-11,320.3351135253906,321.6263564591786,318.48498580814953,319.198052802581,16849800
2021-11-12,324.468994140625,324.96044803422893,321.6456044610585,321.7708793286239,23831000
2021-11-15,323.8426513671875,325.58679513357146,321.87686518692334,325.2591690047351,16723000
2021-11-16,327.1574401855469,328.27523883002146,323.3029742696654,323.4667726030353,20886800
2021-11-17,327.3794860839844,330.34320817217764,326.2982657750648,327.2057248474174,19053400
2021-11-18,329.45501708984375,330.5941871717435,325.448698473781,326.47199828045603,22463500
2021-11-19,331.2313232421875,333.152448348102,330.3528538835382,330.7776231911043,21963400
2021-11-22,328.0649108886719,337.56427133664994,327.79460580022015,332.6890870606931,31031100
2021-11-23,325.9893798828125,327.69812064888646,322.0120206003462,325.38118601428096,30427600
2021-11-24,326.2113952636719,326.45274014228477,322.34987720586537,324.63782194134853,21661300
2021-11-26,318.2662658691406,326.2306457276497,316.76027639823303,322.77460052160296,24217200
2021-11-29,324.9756774902344,327.29258219620067,323.15109625287187,323.34418392046973,28563500
2021-11-30,319.14483642578125,326.0859180631041,317.6002231832655,323.7110925111013,42885600
2021-12-01,318.6524353027344,327.53393801069564,317.9863505876279,323.5276191928272,33337600
2021-12-02,318.0828552246094,321.94437289922337,316.4513616502016,318.8648101968354,30766000
2021-12-03,311.8272705078125,321.18180108322787,307.01966954803913,320.4963603630018,41779300
2021-12-06,314.8971252441406,316.1135127790288,308.1780925192748,312.7346847030442,30032600
2021-12-07,323.3249206542969,324.1744298816056,318.67178431375265,320.15847701837134,31021900
2021-12-08,323.3731689453125,323.8848188965732,319.34752350913357,323.70139443658877,24761000
2021-12-09,321.5679016113281,324.84052263649073,320.62181914163386,322.83254633757906,22214200
2021-12-10,330.6810607910156,331.12512705634384,323.1993706024248,323.3827950413509,38095700
2021-12-13,327.6498107910156,331.88784112335867,327.3408822668036,328.8854954268182,28899400
2021-12-14,316.97271728515625,323.05462611476247,312.8891511907512,321.68377419361184,44438700
2021-12-15,323.0642395019531,323.5855526741377,313.26564359900055,317.23333915012444,35381100
2021-12-16,313.65179443359375,325.10121065165634,311.83687625533753,324.0875444975225,35034800
2021-12-17,312.58990478515625,313.6711546916639,306.2666801473062,309.77101283249925,47750300
2021-12-20,308.8345642089844,311.6244956878622,306.5755796789902,308.96970202135424,28326500
2021-12-21,315.95904541015625,316.38381472096694,308.7283333654757,312.09752764718075,24740600
2021-12-22,321.66448974609375,322.0602694505174,314.4724000480661,316.9341062072316,24831500
2021-12-23,323.10284423828125,324.74400105600773,321.2107088019103,321.23000578456225,19617800
2021-12-27,330.59417724609375,330.6231374487701,323.8171952094219,323.84615541209826,19947000
2021-12-28,329.4357604980469,331.90712970709734,328.53796461701063,331.2699756899296,15661500
2021-12-29,330.111572265625,332.38019079981586,327.92014167698994,329.4840519448849,15042000
2021-12-30,327.5726013183594,331.2506951069542,327.08991153548817,330.0729308583066,15994500
2021-12-31,324.676513671875,327.6112468012234,324.22278402619173,326.7906976101597,18000800
2022-01-03,323.16082763671875,326.29831140018206,318.36288974922684,323.74006130064464,28865100
2022-01-04,317.6195068359375,323.5952080741863,314.82954604404773,323.2379929252775,32674300
2022-01-05,305.4267883300781,314.78131857507753,305.0406424002805,314.57856765657084,40054300
2022-01-06,303.0133361816406,307.6664726573991,300.7060649286775,302.30859850808565,39646100
2022-01-07,303.16778564453125,305.5426109592931,299.35452484498177,303.27396324795524,32720000
2022-01-10,303.3898010253906,303.82423357931884,294.1414784951119,298.77528825214137,44289500
2022-01-11,304.0752868652344,305.6488309169334,299.16150807736625,302.5306735629834,29386800
2022-01-12,307.2513122558594,312.21337685592107,306.1025083336208,308.602867078053,34372200
2022-01-13,294.2477111816406,309.77103274969136,293.47541923124135,309.3752235502706,45366000
2022-01-14,299.4607238769531,300.0592544355826,293.2340145006697,293.7167042364733,39846400
2022-01-18,292.1720275878906,299.074483415104,291.2935289246399,293.5428791020165,42333200
2022-01-19,292.82855224609375,303.04228390568943,292.2203879053098,295.6860967924291,45933900
2022-01-20,291.158447265625,300.86049892883005,290.71438096885566,298.36983291707537,35380700
2022-01-21,285.78125,293.58150224513423,285.37577770702404,292.2106800557735,57984400
2022-01-24,286.1095886230469,286.8239602025935,266.49306524978596,282.0839716083481,85731500
2022-01-25,278.5023193359375,284.77728601402885,275.2972818230597,281.4274180089752,72848600
2022-01-26,286.43768310546875,297.8195132718196,282.88509436140055,297.32716040257384,90428900
2022-01-27,289.4593811035156,296.6611038089516,287.6155027527548,292.18175832051594,53481300
2022-01-28,297.5879211425781,297.8003058303216,284.2560313928482,289.8359242315118,49743700
2022-01-31,300.2137451171875,301.5652706042171,295.76333004152133,298.254025795733,46444500
2022-02-01,298.070556640625,299.8758114270801,294.56622466172195,299.66342677802413,40950400
2022-02-02,302.6078796386719,304.2104133019044,298.1864540558619,298.9104887522053,36636000
2022-02-03,290.820556640625,300.4550540690847,289.57520891247447,298.7752738080084,43730000
2022-02-04,295.3481140136719,298.1090843769786,289.5847990266699,289.816480606518,35096500
2022-02-07,290.5309753417969,297.1824248464775,289.5173091795903,295.57025756283554,28533300
2022-02-08,294.0159912109375,294.98137075377906,289.5656056597399,290.82058728101566,32421200
2022-02-09,300.4357604980469,301.1308349501558,296.74803301981893,299.14215544071413,31284700
2022-02-10,291.9114990234375,298.4181483420068,290.2896683057425,293.5140327543915,45386200
2022-02-11,284.8255920410156,293.7553529211515,284.03397373558494,292.69342951887205,39175600
2022-02-14,284.7869873046875,286.48606485987114,281.26335759126283,283.5995597685924,36359500
2022-02-15,290.067626953125,290.38618927733245,286.7370553493468,289.6235605596376,27058300
2022-02-16,289.7290344238281,291.0543344654578,284.0989005260468,288.6358951130052,29982100
2022-02-17,281.2451171875,287.1170646088115,280.53892237568306,286.6914169855192,32461600
2022-02-18,278.5364685058594,284.2729991216109,276.9693246500047,283.4894271936835,34264000
2022-02-22,278.33331298828125,282.02869492098785,275.21836232867406,275.70205013593005,41736100
2022-02-23,271.1263427734375,282.1834680729997,270.9619054573808,280.7130382995433,37811200
2022-02-24,284.9791564941406,285.530567636646,262.66179572392394,263.6195175824751,56989700
2022-02-25,287.6104736328125,287.92004094921725,282.1351235020053,285.51128484773926,32546700
2022-02-28,289.0421142578125,289.38070156418183,283.4410022275104,284.7082616845869,34627500
2022-03-01,285.327392578125,290.1836065695197,282.6187236828731,286.73006922709993,31217800
2022-03-02,290.3964538574219,291.634693317186,284.1181963061909,285.72401365770156,31873000
2022-03-03,286.26580810546875,293.2405780996094,284.4567908872236,293.0084173965025,27314500
2022-03-04,280.4034729003906,286.0142690066233,277.80125973691753,284.6889691786735,32356500
2022-03-07,269.81072998046875,280.2390376841762,269.4431225318955,279.1168784545169,43157200
2022-03-08,266.85052490234375,274.6959256640992,261.19137259179695,268.73688932455536,48159500
2022-03-09,279.087890625,280.1520098038728,271.6197490086795,274.19297192414876,35204500
2022-03-10,276.27288818359375,277.2499473194912,271.42632532941167,273.78672495932295,30628000
2022-03-11,270.93292236328125,280.06495143344847,270.31378773793114,278.5655013687833,27209300
2022-03-14,267.4212951660156,276.0889716905132,266.8215270580334,271.19405384683813,30660700
2022-03-15,277.7818603515625,278.4300149062294,269.6365754251253,271.20371896326867,34245100
2022-03-16,284.7857360839844,284.9598566183486,273.960800034903,279.67796423359994,37826300
2022-03-17,285.5886535644531,285.96591473369335,279.92949985014275,283.7216255602985,30816600
2022-03-18,290.628662109375,291.1800733202025,283.17988724924487,285.7337436372442,43390600
2022-03-21,289.40008544921875,290.3481241566419,285.27905598306444,289.1389046674614,28351200
2022-03-22,294.1402282714844,295.04956371485423,289.02280298221535,290.01919868863627,27599700
2022-03-23,289.71929931640625,293.33730401444876,288.0070551895243,290.7060412894904,25715400
2022-03-24,294.17889404296875,294.2756374968961,288.58746486067383,289.3807198521377,24484500
2022-03-25,293.7725830078125,295.5332134926127,289.5258199394837,295.27203273707045,22566500
2022-03-28,300.56365966796875,300.6603736261478,294.4014512941623,294.4014512941623,29578200
2022-03-29,305.1199035644531,305.5165310537255,298.9673801627558,303.6688403450475,30393400
2022-03-30,303.62054443359375,305.6423857684407,301.414928862999,303.52383047434716,28163600
2022-03-31,298.2516174316406,304.85881038763455,297.8453361457931,303.6592443734039,33422100
2022-04-01,299.32537841796875,300.01220684451596,295.57195627521304,299.27699192361627,27110500
2022-04-04,304.6943054199219,304.8297226576166,299.60590012472653,299.97350759012323,24289600
2022-04-05,300.73773193359375,304.59755113932056,299.7606731283504,303.04974427141804,23156700
2022-04-06,289.7290344238281,296.9843524811861,287.03004784034084,295.2334047517675,40110400
2022-04-07,291.5379638671875,293.7435789334034,286.6817492492974,286.9816333071018,31411200
2022-04-08,287.2815246582031,291.2961273756615,286.6140331520905,290.6383190722913,24361900
2022-04-11,275.95355224609375,283.06373875112814,275.7020251620772,282.2705132557711,34569300
2022-04-12,272.85797119140625,281.25478467779203,271.33918434835886,279.80372121494815,30966700
2022-04-13,278.23651123046875,279.1651833596897,272.1226915423585,273.50606081797804,21907200
2022-04-14,270.7007141113281,278.9040702197633,270.2073726066549,278.6912463967013,28221600
2022-04-18,271.36822509765625,273.24493634757675,269.25935312303267,269.81076436616644,20778000
2022-04-19,275.99224853515625,276.8338901106772,269.3270459623916,270.26540148092727,22297700
2022-04-20,277.0176696777344,280.24873024308215,276.05997725645005,279.95849984253823,22906700
2022-04-21,271.64874267578125,283.73125459736195,270.9232109682988,279.1652405373938,29454600
2022-04-22,265.0899353027344,273.9607825716903,264.4611470651918,272.49035276111147,29405800
2022-04-25,271.56170654296875,271.93896771296136,261.9363065596579,264.37411220746367,35678900
2022-04-26,261.404296875,269.2787207469881,261.1914730124075,268.4467917071966,46518400
2022-04-27,273.98016357421875,281.47732570453576,270.0526203554486,272.89670744793256,63477700
2022-04-28,280.18096923828125,281.48693206044686,272.2774984573496,275.88581968028956,33646600
2022-04-29,268.4660949707031,280.4228740335642,267.4793823797048,279.1942879944,37073900
2022-05-02,275.18939208984375,275.6440598919029,267.20854182444157,268.6499223041335,35151100
2022-05-03,272.5870056152344,274.8603434309414,271.01017918302165,274.6958766434431,25978600
2022-05-04,280.5195617675781,281.3901938245139,267.7018362258143,273.3706425590282,33599300
2022-05-05,268.3016662597656,277.00804788297944,265.3898558476399,276.22447589864737,43260400
2022-05-06,265.76708984375,270.1396166091243,262.4199492559165,265.8444668964473,37780300
2022-05-09,255.94827270507812,263.4744551461857,254.72939928853663,261.24950264513046,47726000
2022-05-10,260.7077331542969,264.8190795955056,256.42226618437826,262.8262881528178,39336400
2022-05-11,252.04977416992188,262.50710508941495,250.84055431778836,257.01241716659285,48975900
2022-05-12,247.01937866210938,251.4015891851371,241.86326466522425,249.28303414533278,51033800
2022-05-13,252.60107421875,254.4584480829861,247.0193284683727,248.9540793793888,34925100
2022-05-16,252.96871948242188,257.147789161054,247.43532986774056,251.47895279178755,32550900
2022-05-17,258.1152038574219,259.57592116021584,253.89743024977278,257.4283458213499,28828800
2022-05-18,246.36325073242188,255.59411968175985,245.09303956011053,255.01233656992056,31356000
2022-05-19,245.45184326171875,249.84427550605224,244.2301162531535,246.18875585167464,32692300
2022-05-20,244.8894500732422,250.6878410141278,238.95532648602892,249.42730580573198,39199300
2022-05-23,252.73377990722656,253.5579704328977,245.7330577043794,247.73050576954708,33175400
2022-05-24,251.73497009277344,253.39302669819278,245.80084784961682,250.0575315681895,29043900
2022-05-25,254.54693603515625,256.54436894969376,249.3206523112265,250.29998684560377,28547900
2022-05-26,257.8242492675781,258.9974916357113,253.49000806634814,254.3044925724609,25002100
2022-05-27,264.9412841796875,265.03825294867517,259.43380135346615,260.32587260115366,26910800
2022-05-31,263.6130065917969,266.42492450800745,260.76229523384706,264.25296522222703,37827700
2022-06-01,264.14630126953125,269.25623459703166,261.8385798988137,266.84186825760014,25292200
2022-06-02,266.2406311035156,266.30851221318625,253.65486971991317,256.4183173881909,44008200
2022-06-03,261.8191223144531,265.14497113506803,260.25803436231683,262.10032291361057,28059000
2022-06-06,260.5877380371094,265.85281527967646,259.10420716791305,263.79720697367605,22400300
2022-06-07,264.22381591796875,264.8346867223125,257.86305412954965,258.54180604342474,22860700
2022-06-08,262.19732666015625,264.7086616945771,261.4216058677899,263.4578322605081,17372300
2022-06-09,256.7479553222656,264.4273969656422,256.5928112013964,259.64713525480107,26439700
2022-06-10,245.30636596679688,252.6658293283701,244.86033026242538,252.6658293283701,31422800
2022-06-13,234.9022674560547,241.45696760455806,234.19444257567676,237.66571545060387,46135800
2022-06-14,237.06455993652344,238.27659598406217,234.17505534653057,236.45368903404812,28651500
2022-06-15,244.1137237548828,247.54621774471534,238.93590988722116,240.76850759522998,33111700
2022-06-16,237.52996826171875,239.9055558620673,235.639195061252,238.5092880231499,33169200
2022-06-17,240.12857055664062,242.89201860259925,236.61851897442415,237.26816850622123,43084800
2022-06-21,246.03359985351562,247.0129195467826,241.9320596633375,242.65928121254296,29928300
2022-06-22,245.44210815429688,249.35941623749332,242.76592357588206,244.23976328606997,25939900
2022-06-23,250.99810791015625,251.4926280887529,245.92696800307291,247.80805032436228,25861400
2022-06-24,259.56964111328125,259.84113599314713,253.77125024741073,253.85851328836165,33923200
2022-06-27,256.84490966796875,260.1513168401671,255.28379238303728,260.06405382533944,24615100
2022-06-28,248.6903839111328,258.8036043245108,248.53523976557486,255.9625992863611,27295500
2022-06-29,252.35557556152344,254.0136323572645,247.9922316052621,249.76665390613857,20069800
2022-06-30,249.02972412109375,251.64773342761754,245.2190904606339,249.2430436171121,31730900
2022-07-01,251.6962127685547,251.88044459455264,246.8771715911317,248.6031243426408,22837700
2022-07-05,254.86688232421875,254.9929387761874,247.00319382046504,248.3800646510583,22941000
2022-07-06,258.1248779296875,259.8508160325724,254.4305945207555,255.73959933597524,23824400
2022-07-07,260.2483825683594,260.8883411729017,256.97103225603274,257.0680010610952,20859900
2022-07-08,259.53082275390625,259.9574617514012,255.29355004720045,256.7479931048278,19658800
2022-07-11,256.4765625,258.43520232226376,254.21731048039254,257.5819241135224,19455200
2022-07-12,245.9656982421875,257.863045938388,244.3851988057814,257.8048705865574,35868500
2022-07-13,245.04457092285156,245.84936453464945,240.57458193875394,242.59141144867633,29497400
2022-07-14,246.36325073242188,247.39105474069336,238.47047406309875,242.95985947563167,25102800
2022-07-15,248.92308044433594,252.4622192726145,247.0323074429904,247.95345174668594,29774100
2022-07-18,246.52813720703125,252.91798783193323,245.60699275077752,251.86109592734067,20975000
2022-07-19,251.6477508544922,251.8319826861172,245.975416691355,249.7569629365393,25012600
2022-07-20,254.30445861816406,256.82549866184206,251.04652102870725,252.00644378440188,22788300
2022-07-21,256.7965393066406,256.8450385107941,249.22373922820606,251.89992472158136,22404700
2022-07-22,252.45248413085938,257.27153938086525,251.2016845618034,257.18427635912064,21881300
2022-07-25,250.96900939941406,253.55793131652177,249.01036987517415,253.07311691629897,21056000
2022-07-26,244.2494659423828,251.98711369487128,241.9902440697429,251.96770218262552,39348000
2022-07-27,260.5780029296875,261.84821413779025,250.9883906372331,253.22823052881697,45994000
2022-07-28,268.0151062011719,269.40166831465785,259.7344677770861,261.5573746966984,33459300
2022-07-29,272.2135925292969,273.43533434326656,268.22843217911804,269.26594214524397,32152800
2022-08-01,269.5664978027344,272.7371731572371,267.4623903988592,269.3822659732868,21539600
2022-08-02,266.47332763671875,269.4500944140682,264.10743158594045,267.61748223435484,22754200
2022-08-03,273.8910217285156,274.8897381119249,268.20898212498906,268.3544501034442,23518900
2022-08-04,275.03515625,275.18059462702735,271.6608675400947,273.24133735808226,18098700
2022-08-05,274.317626953125,275.0351426380941,270.21608737963913,270.6718139989153,16774600
2022-08-08,271.80633544921875,277.23626231037696,270.83670670939483,275.4230317107007,18739200
2022-08-09,273.7261657714844,274.48247496169216,269.17860487436343,271.1469795107976,23405200
2022-08-10,280.3778381347656,281.0080908709291,278.2252612395024,279.4179151918508,24687800
2022-08-11,278.3028259277344,282.3655726517332,277.80833539979704,282.01652051436565,20065900
2022-08-12,283.0442810058594,283.0442810058594,278.22522580232317,279.71846209389213,22619700
2022-08-15,284.55694580078125,285.24537391664086,281.2989778667921,282.16196164375015,18085700
2022-08-16,283.82000732421875,285.1096300607174,281.59957891566967,283.12187347946144,18102900
2022-08-17,283.07183837890625,285.0443616245307,281.2742116606303,281.536556451653,18253400
2022-08-18,281.9544372558594,283.645163191212,280.8952723028826,281.9738603210982,17186200
2022-08-19,278.0481872558594,281.06042243303864,277.4748955705993,280.7203261035374,20570000
2022-08-22,269.8860168457031,274.46265350884744,269.3710240123007,274.0934077691384,25061100
2022-08-23,268.6130676269531,270.9645327816376,267.60250517889017,268.6130676269531,17527400
2022-08-24,267.9815368652344,269.38076836522134,267.32076724046834,267.61229110085856,18137000
2022-08-25,270.95489501953125,271.12006518473976,266.74747418276837,269.4779119694947,16583400
2022-08-26,260.49957275390625,272.40273889149455,260.3927014141226,271.17840374249715,27549300
2022-08-29,257.7205505371094,259.82909469537367,256.379617748924,258.32299172518486,20338500
2022-08-30,255.52450561523438,259.48897512489526,253.2799112455645,259.1197590113756,22767100
2022-08-31,254.0669403076172,259.54723825698477,253.93088992646184,257.87596548411756,24791800
2022-09-01,253.02720642089844,253.50335306015012,248.17849935997054,251.54052698147126,23263400
2022-09-02,248.8101348876953,257.2443697118644,247.265156339412,254.29046300933095,22855400
2022-09-06,246.0797119140625,250.5300249496929,244.80680442412418,248.9462001827662,21328200
2022-09-07,250.78265380859375,251.5016925834483,246.05054362667008,247.4886360031437,24126700
2022-09-08,251.20045471191406,253.0563800129086,247.57606718812474,250.21907123233504,20319900
2022-09-09,256.9723205566406,257.7205384807604,252.92040261166707,253.12444856663964,22084700
2022-09-12,259.10028076171875,259.8776479982531,257.65247691062,258.25491798547915,18747700
2022-09-13,244.8553466796875,253.0272208857183,244.46666308805916,251.51139194527525,33353300
2022-09-14,245.07888793945312,247.03197340498173,242.78570610485596,246.35179549361106,23913000
2022-09-15,238.43255615234375,244.28210110293705,237.11106126505769,242.69826140604198,31530900
2022-09-16,237.81063842773438,238.35478067639863,235.20651003185853,237.34421807736706,39791800
2022-09-19,237.59686279296875,238.19930387024996,234.03077398157757,235.60490186828736,26826900
2022-09-20,235.58546447753906,236.6154501254237,232.85502690956756,235.21623357137693,26660300
2022-09-21,232.1845703125,240.64796931692138,232.13598300454865,237.35395148181902,28625600
2022-09-22,234.15711975097656,236.95558294370812,230.8436784817332,231.13517270867078,31061200
2022-09-23,231.18373107910156,234.30285235773331,228.54074168946926,232.75785901455737,34176000
2022-09-26,230.72705078125,234.61379837015886,230.19262002242195,230.33838195306527,27694200
2022-09-27,229.71652221679688,234.95391443946426,227.86059652886274,233.18543702119823,27018700
2022-09-28,234.2445831298828,235.46890336480436,228.08407652025923,230.10518718115333,29029700
2022-09-29,230.77561950683594,233.15624924797467,227.77311079462302,232.1262635921422,27484200
2022-09-30,226.30587768554688,233.72956515957875,226.14069268839654,231.54326959007867,35694800
2022-10-03,233.92391967773438,234.76928257243102,228.01606129310665,228.7448264993668,28880400
2022-10-04,241.8334503173828,243.27154283676492,238.04386235617537,238.15074851262196,34888400
2022-10-05,242.14434814453125,243.48528067614083,237.188754349336,239.0252418124359,20347100
2022-10-06,239.8026123046875,243.25210389130189,239.11272288342423,240.9103348181627,20239900
2022-10-07,227.60797119140625,234.4875170205017,226.56825897097391,234.07939542761454,37769600
2022-10-10,222.7592010498047,227.91885563531727,220.3105461386793,226.45161389079223,29743600
2022-10-11,219.02792358398438,222.5745744479787,217.7647277876426,221.17534309367792,30474000
2022-10-12,219.35830688476562,221.40856673598395,217.6189939430992,219.01821055578878,21903900
2022-10-13,227.60797119140625,229.41530962809037,212.9257798365081,213.62539567179016,42551800
2022-10-14,222.08872985839844,230.5229788868416,221.87495757893063,228.87109948608796,30198600
2022-10-17,230.80477905273438,232.1942989747583,228.4824480465505,229.14320282236488,28142300
2022-10-18,231.747314453125,237.02356694835538,228.7059298585046,236.3531154742312,26329600
2022-10-19,229.78448486328125,232.8258692197208,227.6564884494634,230.32862708609497,19985700
2022-10-20,229.4638671875,234.477775405208,228.220109078315,229.094636228901,21811000
2022-10-21,235.26483154296875,236.1199207742884,227.86058198177213,228.09379217943177,26299700
2022-10-24,240.24960327148438,240.82289502521482,234.468068766806,236.8584104094097,24911200
2022-10-25,243.5630340576172,243.93226498550914,238.86978470276068,240.2592898081023,34775500
2022-10-26,224.77059936523438,231.55296912820415,223.5462644989959,224.62483744809148,82543200
2022-10-27,220.3300018310547,227.07351120535486,219.38746436365162,224.49853205636384,40424600
2022-10-28,229.1917724609375,229.9011145363862,219.64981530818488,219.83443818188346,40647700
2022-10-31,225.55770874023438,228.26870895469804,224.60544480206738,227.14154847284752,28357300
2022-11-01,221.70980834960938,229.06548563639697,220.89359487464492,227.95776311272633,30592300
2022-11-02,213.8682861328125,224.7511761173168,213.80997246609851,222.96327583397812,38407000
2022-11-03,208.18389892578125,214.16949323044878,207.9215393357344,213.85854633457637,36633900
2022-11-04,215.1217803955078,215.31611482659386,207.3871454934429,211.3905059422956,36789100
2022-11-07,221.4182586669922,221.94297782372192,215.0148464362279,215.7047505639982,33498000
2022-11-08,222.38998413085938,225.09127262477088,219.44577390313017,222.22479913107526,28192500
2022-11-09,218.15341186523438,222.15677181548412,217.97851534706965,220.93243688127146,27852900
2022-11-10,236.1004638671875,236.44056019136823,228.34640704745314,228.7642252711611,46268000
2022-11-11,240.11355590820312,240.96864514419838,235.0802099419117,236.11021053379952,34620200
2022-11-14,234.71096801757812,237.0041496395175,232.43722428466577,235.13851261558185,31123300
2022-11-15,235.11907958984375,240.00666349429483,233.23400463788948,238.70460661108956,31390100
2022-11-16,235.54782104492188,237.5648885308963,234.271326294768,236.58070947272424,24093300
2022-11-17,235.4990997314453,237.02895459171626,231.55268915517976,231.69884700298584,23123500
2022-11-18,235.0508575439453,237.50641331153858,232.9168638897255,237.2822848010197,27613500
2022-11-21,235.859619140625,238.41260836887963,235.02161288629395,235.25546541495947,26394700
2022-11-22,238.76341247558594,239.03625034999712,234.5539032214211,237.36023776801466,19665700
2022-11-23,241.24822998046875,241.93032475188082,238.02288445035876,238.84139817605325,19508500
2022-11-25,241.16050720214844,242.3395534122588,240.4199345063279,240.98510292788336,9200800
2022-11-28,235.57699584960938,240.34193377190581,234.64155612357064,239.78651922242275,24778200
2022-11-29,234.18360900878906,236.58068666323004,232.11783235235237,235.22623623628454,17956300
2022-11-30,248.61483764648438,248.79998080802568,233.72562221636355,234.41747063024718,47594200
2022-12-01,248.17637634277344,249.56979735290415,244.50278888285192,247.37734047819936,26041500
2022-12-02,248.49794006347656,249.51133581657106,243.30425151606138,243.4309315609044,21528500
2022-12-05,243.80120849609375,247.32863821310553,241.7159389367775,245.56491592032455,23435300
2022-12-06,238.8511199951172,245.4187517382797,237.54539368771614,244.4053559887348,22463700
2022-12-07,238.12030029296875,239.86452986599542,236.01555299377063,238.5685424627585,20481500
2022-12-08,241.07281494140625,242.37855615254333,236.84381267858302,238.5782885351059,22611800
2022-12-09,239.14344787597656,241.95953631031935,237.91567738898425,238.44186049239534,20609700
2022-12-12,246.05209350585938,246.08132507137833,240.84866668381318,241.1215045410221,30665100
2022-12-13,250.3493194580078,257.1702954217934,246.59777673050667,254.9973166594046,42196900
2022-12-14,250.64169311523438,255.87435255775398,247.80611173983112,250.55399840099744,35410900
2022-12-15,242.6416015625,247.69887047650548,241.01431334412206,247.23115056709423,35560400
2022-12-16,238.43211364746094,243.45039767115878,237.28228413602537,242.19339565744826,86102000
2022-12-19,234.30055236816406,238.93882615281237,232.60506192023936,238.59777136210013,29696400
2022-12-20,235.6160125732422,236.69762512272143,232.32245069187238,233.27738320943791,25150800
2022-12-21,238.1787872314453,239.33835580645467,233.9692773438502,235.50887122029903,23690600
2022-12-22,232.09837341308594,235.80119266762082,227.8888488200861,235.08985146621117,28651700
2022-12-23,232.62452697753906,232.7609459126413,227.95703674860303,230.07153767696204,21207000
2022-12-27,230.8998260498047,232.81943021522733,229.79872070086748,232.59531655901404,16688600
2022-12-28,228.53195190429688,233.5892213133109,228.18115822076558,230.83159608110222,17457100
2022-12-29,234.84622192382812,235.73295246137508,229.62330203859167,229.62330203859167,19770700
2022-12-30,233.6866912841797,233.8231102365172,230.60750365307476,232.11786589802279,21938500
2023-01-03,233.45277404785156,239.4649753058939,231.32851953628074,236.86326199727426,25740000
2023-01-04,223.24081420898438,226.91438642438956,220.18111974505624,226.33947913786812,50623400
2023-01-05,216.62445068359375,221.7304437743296,216.08851388241624,221.3893890276127,39585600
2023-01-06,219.17745971679688,219.98623444144232,213.74018002094996,217.2968261609176,43613600
2023-01-09,221.3114471435547,225.3260890868295,220.6196135764492,220.65858404237193,27369800
2023-01-10,222.99720764160156,225.3942852499652,221.51607720978163,221.93507289887148,27033900
2023-01-11,229.740234375,229.91562377471337,225.19940935858202,225.37479875829538,28669300
2023-01-12,232.41014099121094,233.76459137721616,227.58673939319505,229.2432592016942,27269500
2023-01-13,233.1117706298828,233.24818958315328,228.91199978075178,230.93880627830646,21333300
2023-01-17,234.20314025878906,234.7488160791734,231.02650408240027,231.88400315360477,29831300
2023-01-18,229.77920532226562,236.18118605908887,229.49662855484155,235.39190402162816,30028700
2023-01-19,225.99842834472656,229.49662609495516,224.7803968509481,227.80112090293807,28623000
2023-01-20,234.07643127441406,234.58313656009622,228.51245663723557,228.85351141709936,35389800
2023-01-23,236.37606811523438,238.89982582882288,233.52099453170575,234.93392297440502,31934000
2023-01-24,235.84986877441406,237.71102447414427,234.2907973761476,236.2981109084017,40234400
2023-01-25,234.45648193359375,237.0776884803085,224.99480532867324,228.483249834287,66526600
2023-01-26,241.65744018554688,241.95950960681114,235.8108892133159,237.41868478326023,33454500
2023-01-27,241.81338500976562,243.4406734697651,240.51739758193492,242.62215978962465,26498900
2023-01-30,236.5027618408203,239.31885025276583,236.00579544141553,238.25671541727394,25867400
2023-01-31,241.47230529785156,241.6087242304683,236.73659825337256,237.22381085108213,26541100
2023-02-01,246.2859649658203,248.65381102324727,239.1921508241423,241.65744534727375,31259900
2023-02-02,257.83294677734375,257.9206414880855,250.67091469575902,252.20076959193378,39940400
2023-02-03,251.74278259277344,257.4431765540325,250.52475096588475,252.9023510805395,29077300
2023-02-06,250.20315551757812,251.69402492949268,248.2640588264018,250.85603350578165,22518000
2023-02-07,260.7171936035156,261.8962397215106,253.4284826965279,253.86698591365706,50841400
2023-02-08,259.90850830078125,269.6819942739038,259.4017880402651,266.2130420866827,54686000
2023-02-09,256.87799072265625,266.9730522112078,256.0789548463012,266.79763305844943,42375100
2023-02-10,256.3712463378906,257.33591765815356,253.993646746636,254.84139181439355,25818500
2023-02-13,264.38104248046875,267.5771558270563,260.3176764646167,260.7951650159258,44630900
2023-02-14,265.2093505859375,267.9377295681392,262.39324715689656,265.69656324255214,37047900
2023-02-15,263.0894775390625,264.46686175376715,260.0221049308035,262.11261183883863,28922400
2023-02-16,256.08538818359375,260.569199060256,255.8411717100615,257.91212263576193,29603600
2023-02-17,252.0900421142578,254.0730789375014,250.07770050294994,253.38929061213966,30000100
2023-02-21,246.82469177246094,249.57946061577636,245.7696748690076,248.59281657060217,28397400
2023-02-22,245.6915283203125,248.45606050673507,244.5485970470492,248.2118440405047,22491100
2023-02-23,248.8761444091797,250.89824919216971,244.68538110016482,249.64786195781076,29219100
2023-02-24,243.45452880859375,245.19334897539824,242.36044373441328,244.17741496448653,24990900
2023-02-27,244.37278747558594,246.97125445707402,243.62059652709382,246.61958212194187,21190000
2023-02-28,243.64990234375,245.6720220057633,242.97586245641222,243.30800820629165,22491000
2023-03-01,240.57276916503906,245.12495292682374,240.10386280126266,244.95888751265778,27565300
2023-03-02,245.30081176757812,245.58409633737872,239.9280489885474,240.8463053757084,24808200
2023-03-03,249.38406372070312,249.7064312236528,245.57429306000546,246.35578868178143,30760100
2023-03-06,250.92752075195312,254.10233469653934,250.05811076028263,250.49769740222126,24109800
2023-03-07,248.27049255371094,251.7286066052504,247.52807974599267,250.37074853044356,21473200
2023-03-08,247.83087158203125,248.65143534651415,245.00772977586786,248.1630024049233,17340200
2023-03-09,246.4828338623047,253.55533409337485,245.7599476632948,249.90186482884056,26653400
2023-03-10,242.83908081054688,246.94191444562173,241.8719931478548,245.2714821705408,28333900
2023-03-13,248.0457763671875,251.94347649871762,240.04524262160942,241.67660681243697,33339700
2023-03-14,254.75682067871094,255.0303418891499,249.94086490517674,250.81027480388371,33620300
2023-03-15,259.29925537109375,260.3152041308793,253.21337082147616,253.96557655248083,46028000
2023-03-16,269.81036376953125,270.1620211712839,257.1892436798215,259.07458764401633,54768800
2023-03-17,272.96563720703125,276.7754083374073,269.9275985016487,271.8227207737094,69527400
2023-03-20,265.9322204589844,271.0607665452562,263.607274796688,270.57233358465885,43466600
2023-03-21,267.4462890625,268.6380664041012,263.28483165777243,268.52084729043145,34558700
2023-03-22,265.9908142089844,274.5383905110529,265.8833434620223,267.0751210074597,34873300
2023-03-23,271.2366027832031,274.55794104511676,268.83352089762093,271.51012405626466,36610900
2023-03-24,274.07928466796875,274.1378942395977,268.911655484411,270.82630438464923,28172000
2023-03-27,269.98626708984375,274.94873393723407,269.1461467119396,274.0109507951266,26840200
2023-03-28,268.8628234863281,269.75177506940884,265.756367139309,269.40986602798046,21878600
2023-03-29,274.02069091796875,274.63612126718954,271.96926635776106,272.5065307325749,25087000
2023-03-30,277.4787902832031,277.87930894211155,274.9682671851268,277.6546488294555,25053400
2023-03-31,281.63043212890625,282.57799326147335,276.45305469008514,277.1661775421266,32766000
2023-04-03,280.585205078125,281.60112415662576,277.3810860970175,279.89160882011697,24883300
2023-04-04,280.53631591796875,283.73068619331156,279.0612688180202,280.58517709537364,25824300
2023-04-05,277.76202392578125,280.5070144974699,276.37489115464507,279.23710085498425,22064800
2023-04-06,284.8541564941406,285.32303313576494,275.50554090112394,276.65823572723315,29770300
2023-04-10,282.6952209472656,282.9003544272942,278.12346613985693,282.51936243851856,23103000
2023-04-11,276.2869873046875,279.36413893859026,275.1245442349261,279.1394490348436,27276600
2023-04-12,276.9317321777344,280.3703195694183,275.4371283935577,278.20167586183015,27403400
2023-04-13,283.1347961425781,283.1934057090152,276.6191175771534,277.0293845422131,24222700
2023-04-14,279.5203857421875,281.8062480666377,277.1270526810152,280.3604759948449,20987900
2023-04-17,282.11883544921875,284.85407761818396,279.5399251996228,283.2226985900286,23836200
2023-04-18,281.69879150390625,285.01038094044696,280.37026829939435,284.82477404987856,20161800
2023-04-19,281.7769775390625,282.363073223057,277.9574283365994,279.3738659883608,17150300
2023-04-20,279.4910583496094,282.34351958863164,278.48488777303635,278.6509680753115,23244400
2023-04-21,279.1492004394531,279.6473817610795,276.511650666874,278.41655103724565,21676400
2023-04-24,275.25146484375,278.3579207345042,272.27203608801597,275.5640690535179,26611000
2023-04-25,269.0484619140625,275.0854869775857,268.99960072437375,273.0438405005658,45772200
2023-04-26,288.536865234375,292.63971378431694,285.95795485763057,289.8361135268747,64599200
2023-04-27,297.77801513671875,298.13948055653924,288.419653058881,289.1229976897944,46462600
2023-04-28,300.15179443359375,301.7831436206851,296.2931626094283,296.9769805922049,36469600
2023-05-01,298.4911193847656,301.4607998428203,298.0906008187468,299.8685037767096,21294100
2023-05-02,298.3445739746094,302.02734714079963,296.8792753413104,300.64021446242646,26404400
2023-05-03,297.35797119140625,301.47056824435134,297.05514515019064,299.52661466140324,22360800
2023-05-04,298.3445739746094,300.64021446242646,296.3810642662841,299.15535943460753,22519900
2023-05-05,303.4633483886719,304.75281837217517,297.23093994665044,298.64740725132,28197100
2023-05-08,301.5096740722656,303.02383420465094,299.0088995873121,302.9554464323352,21318600
2023-05-09,299.8978576660156,302.8675386103428,299.22381775082977,300.8747236518984,21340800
2023-05-10,305.0849609375,305.7590007361898,300.5523190484158,301.4803236876646,30078000
2023-05-11,302.9358825683594,303.9225267081971,299.1749725458381,302.92613418082834,31680200
2023-05-12,301.822265625,303.4633932219653,299.50709815578426,303.36570066728314,19774700
2023-05-15,302.3009338378906,302.73075724835036,300.4741992492285,301.94927639928727,16336500
2023-05-16,304.5281677246094,306.452594750173,302.66235026842685,302.66235026842685,26730300
2023-05-17,307.40643310546875,307.8273965281547,304.2148790483357,305.73234911232737,24315000
2023-05-18,311.8315124511719,312.3406122958503,307.1323177228801,307.9253064598199,27276000
2023-05-19,311.6553039550781,312.05669811668946,309.7266699904712,310.0888957303577,27546700
2023-05-22,314.4356384277344,315.8160338813464,311.33222095812204,311.90982815472574,24115700
2023-05-23,308.6400146484375,315.94335728832465,308.6302150731237,313.30984092975706,30797200
2023-05-24,307.25958251953125,309.8539301457172,306.0456005180939,308.1211084957931,23384900
2023-05-25,319.076171875,320.03557419335544,313.2804700336066,316.4524252321356,43301700
2023-05-26,325.8997802734375,326.39905065575283,317.0789683726066,317.2160130284429,36630600
2023-05-30,324.2550048828125,328.68987947656177,323.579491610932,328.19060914102903,29503100
2023-05-31,321.49432373046875,328.88577326121145,320.45655463188933,325.31242368593024,45950600
2023-06-01,325.5962829589844,326.52634626965755,317.90134604784606,319.08592941453026,26773900
2023-06-02,328.3570251464844,330.4129338211657,325.566865507756,327.2311796436286,25873800
2023-06-05,328.8857421875,331.45072114916485,327.6326215544442,328.18085996410906,21307100
2023-06-06,326.6732177734375,328.3277327209836,325.1949458046118,328.2885642949618,20396200
2023-06-07,316.58941650390625,327.4661056210727,315.72789065764636,324.6857457660722,40717100
2023-06-08,318.4300231933594,319.78104998315,316.5601268268705,317.1377341007984,23277700
2023-06-09,319.9278869628906,323.06067362544843,317.59785876983193,318.16566645574613,22529000
2023-06-12,324.881591796875,325.1263421252022,318.3320706206992,321.6802383812358,24260300
2023-06-13,327.2703857421875,329.90390189326365,323.4522862648796,327.44659882342825,22951300
2023-06-14,330.2563781738281,331.92069275389673,325.821502362411,327.31937353377026,26003800
2023-06-15,340.7904357910156,342.4938888787712,330.11932517633295,330.3934444074288,38899100
2023-06-16,335.1415100097656,344.08959644957883,334.76951460321436,343.9427522263679,46552000
2023-06-20,330.9513854980469,334.89675963715365,328.8073702091856,332.1849367263642,26375400
2023-06-21,326.5556945800781,330.6381434386612,325.0969920993696,329.30668603957923,25117800
2023-06-22,332.5765380859375,332.9779322220441,326.3403043071654,327.1039241601426,23556800
2023-06-23,327.9850158691406,330.86328217867896,326.44800648245837,327.33887140406574,23146900
2023-06-26,321.6998291015625,329.0521084557262,321.5921234240104,326.71231091411966,21520600
2023-06-27,327.54449462890625,329.0913036434743,322.38513830210024,324.8913794122553,24354100
2023-06-28,328.7976379394531,330.88291577640626,326.80046664644476,327.6326238415943,20259500
2023-06-29,328.01434326171875,329.05208215355236,325.6353774932744,327.68148643572925,16997000
2023-06-30,333.3891296386719,335.5331449952425,330.11926869973666,330.65770749403055,26832800
2023-07-03,330.8926696777344,333.7415673029559,329.5025044373006,332.067483294419,12508700
2023-07-05,331.0492858886719,334.47579046215725,327.7011181507027,328.05354428027886,18172400
2023-07-06,334.103759765625,335.78764318092107,328.4549330731704,330.21712344596347,28161200
2023-07-07,330.13885498046875,334.61289857162126,329.92347347630437,332.19476390626494,21214800
2023-07-10,324.862060546875,328.1906896092201,320.71110367143984,327.57391387264727,32791400
2023-07-11,325.48858642578125,325.8703814238738,320.1334477409768,324.10819090994494,26698200
2023-07-12,330.1192626953125,334.4758007177013,328.62139184518895,329.53185591792584,29995300
2023-07-13,335.464599609375,336.52190790090776,331.9010204242932,332.42968950843436,20567200
2023-07-14,337.9904479980469,344.0504693091922,337.07998382815504,340.29110736020874,28352700
2023-07-17,338.47015380859375,339.70367521642703,335.0142801736607,338.4211858141297,20363900
2023-07-18,351.9411926269531,359.0781209733801,334.98491162000175,338.56803033946636,64738600
2023-07-19,347.6238098144531,354.84884504828324,345.03926161088305,354.15376240808007,39732900
2023-07-20,339.586181640625,350.4531022216543,338.11767966688456,346.1455024073654,33778400
2023-07-21,336.5512390136719,342.9441157922284,332.6939718124927,341.8182703633402,69405400
2023-07-24,337.8631286621094,339.63514852458513,335.1219369374352,338.5876099496475,26678100
2023-07-25,343.6099548339844,344.500849777994,337.82405242404576,339.8211939588815,41637700
2023-07-26,330.67730712890625,337.43244099686376,326.11515681266013,334.2702555757294,58383700
2023-07-27,323.7753601074219,334.1625511308161,322.14041454334006,333.3304238013421,39635300
2023-07-28,331.2647399902344,332.8703168260489,326.1739500054011,326.66345076606325,28484900
2023-07-31,328.8661193847656,330.6087404482853,326.3598486498491,329.8451206536362,25446000
2023-08-01,329.2773132324219,331.4311281711662,326.692765182679,328.1514676458398,18311900
2023-08-02,320.6229248046875,326.62420753627333,319.50684898513873,326.62420753627333,27761300
2023-08-03,319.80059814453125,322.9529838203489,319.1055155220307,319.154453640907,18253700
2023-08-04,320.8970642089844,328.10252974603515,320.3683951097149,324.910975755622,23741500
2023-08-07,323.1781311035156,324.15713248319014,320.64252111536877,321.4746782634423,17741500
2023-08-08,319.2033996582031,321.84671543145896,316.21745729083267,320.094294531756,22327600
2023-08-09,315.463623046875,320.24112464866727,314.3083787208824,319.614579306117,22373300
2023-08-10,316.14886474609375,321.3669581107543,314.4356125680555,319.1739750066774,20113700
2023-08-11,314.26922607421875,315.63982195899507,312.50700575657817,313.53497507772255,24355500
2023-08-14,317.235595703125,317.2551649738709,313.35872896949473,314.64124818370647,18836100
2023-08-15,315.1014099121094,318.26359552742247,314.16157683323723,316.21748596813336,16966300
2023-08-16,314.33612060546875,318.2800574602853,313.74747018564494,314.72854423868324,20698900
2023-08-17,310.8827819824219,315.77833241862345,310.22544912717694,314.47351697046,21257200
2023-08-18,310.4903259277344,312.3543606335649,305.65360810986385,308.53796821025577,24755000
2023-08-21,315.7882080078125,316.661348586836,311.0398118753366,311.91295245436015,24040000
2023-08-22,316.3571472167969,319.9086306831472,315.37607311272194,319.3396208763862,16084600
2023-08-23,320.8112487792969,322.96962389693414,317.33823788637403,317.69144015108157,21166400
2023-08-24,313.9142761230469,326.67805954758404,313.9044558013969,326.5505151261544,23281400
2023-08-25,316.8673095703125,319.20224067535247,312.76639725943465,315.3858781640861,21684100
2023-08-28,317.57373046875,319.97734429438725,315.63119277463596,319.4966275172615,14808500
2023-08-29,322.1945495605469,322.7537689845137,315.7881368695037,315.7881368695037,19284600
2023-08-30,322.5673522949219,323.5680370692741,320.2716425608164,322.44962819676334,15222100
2023-08-31,321.55694580078125,324.6473240850903,320.59548213765703,322.96969529189636,26411000
2023-09-01,322.4398498535156,325.7068137627579,320.5954255688949,325.039690493004,14942000
2023-09-05,327.2372131347656,328.5126272691879,322.4397769548283,322.77333851429205,18553900
2023-09-06,326.5799865722656,328.13007064456224,323.9310742393436,327.0705236753987,17535800
2023-09-07,323.6661376953125,326.7761256123241,322.8027877562041,325.0200246507322,18381000
2023-09-08,327.943603515625,329.797847793835,323.22463985119003,323.84272127726,19530100
2023-09-11,331.544189453125,332.01511580762883,329.08168383895804,330.85742559530763,16583300
2023-09-12,325.490966796875,330.41597829482106,325.2064768442106,329.46433515175244,17565500
2023-09-13,329.6997985839844,330.4748555977099,324.90236123727334,325.0396960586879,16544400
2023-09-14,332.2897644042969,334.40885782457457,330.20007206541044,332.73122972518746,20267000
2023-09-15,323.9703063964844,331.0144115945299,323.4110869464427,330.54351516502703,37679800
2023-09-18,322.8322448730469,324.14688059021836,320.1833327948617,321.59608191122635,16834200
2023-09-19,322.429931640625,323.1559466867109,318.3683012584662,319.99688752725433,16505900
2023-09-20,314.6991271972656,323.3522079151342,314.4440682913458,323.2737351610063,21436500
2023-09-21,313.48260498046875,319.1924634099481,309.0383405191742,313.21772575271143,35560400
2023-09-22,311.0102844238281,315.36625546450654,310.16654519847,315.23871105160333,21447900
2023-09-25,311.53033447265625,311.65787891913794,309.0383974245064,310.5983019329907,17836000
2023-09-26,306.23248291015625,309.9016904509528,304.15258067558153,309.1658848784398,26297600
2023-09-27,306.8701477050781,308.351549099692,303.82881228871406,306.38940108139303,19410100
2023-09-28,307.7041015625,309.5092743516403,303.5933986019012,305.10423119085175,19683600
2023-09-29,309.774169921875,313.42376704064515,309.0187535875625,311.73631826659,24147300
2023-10-02,315.70965576171875,315.7979787841784,309.21494955018176,310.294137124608,20570000
2023-10-03,307.45880126953125,315.3073934236735,305.3200371531252,314.75796442808075,21033500
2023-10-04,312.92340087890625,313.9829777218184,308.0572815033295,308.0867125300766,20720100
2023-10-05,313.3157958984375,313.92408696226687,308.94021399543317,313.05091668193415,16965600
2023-10-06,321.06634521484375,322.9598111936179,310.3137506624104,310.55901920701876,25673600
2023-10-09,323.5779113769531,324.0488078481523,317.063564085275,318.60385781984473,19891200
2023-10-10,322.1749572753906,324.8336598616772,321.4685826836827,324.69629510828605,20557100
2023-10-11,326.1286926269531,326.5211163115986,322.9107705088474,324.94157131039,20063200
2023-10-12,324.89251708984375,327.3157714229003,322.4986937835042,324.313686937738,19313100
2023-10-13,321.5274658203125,327.5119946274533,320.1833689854534,326.08945496838265,21072400
2023-10-16,326.3445129394531,329.7782723940854,324.34311333126567,324.78457872571454,22158000
2023-10-17,325.77545166015625,327.148949363288,321.21346324546664,323.3521975217721,18338500
2023-10-18,323.8623962402344,329.23869374170175,322.0866542980727,326.1973576731345,23153600
2023-10-19,325.04949951171875,330.5042694735543,324.6472555112947,325.86377789501114,25052100
2023-10-20,320.487548828125,325.638188807879,319.2906370066579,325.441961975503,25027700
2023-10-23,323.08734130859375,326.4328077015871,318.25065300887303,319.31019990102027,24374700
2023-10-24,324.2744140625,325.55961871050516,321.39987419726737,325.02983032476106,31153600
2023-10-25,334.2225036621094,339.64784186158397,331.23020990044404,338.4901517493969,55053800
2023-10-26,321.68438720703125,335.1643351813987,320.7523548760507,334.09496805111814,37828500
2023-10-27,323.56805419921875,330.3472799837888,322.1847360926127,324.1763153652428,29856500
2023-10-30,330.9261169433594,333.02562998161824,325.54981985866505,327.09993377177346,22828100
2023-10-31,331.7109680175781,332.5841383863149,328.355711175483,332.4369832511366,20265300
2023-11-01,339.5202941894531,340.84475010797416,333.2217857907102,333.35915052507676,28158800
2023-11-02,341.7277526855469,342.22808013928716,338.244921513789,340.66817584467145,24348100
2023-11-03,346.1229553222656,347.6828896003234,340.75647841286957,343.01296696867126,23637700
2023-11-06,349.7823791503906,350.7732736613575,346.66257041725754,346.7606838240873,23828300
2023-11-07,353.7066955566406,355.6001616596292,350.86158624054224,352.5980768718827,25833900
2023-11-08,356.3261413574219,356.9834442680157,353.7262709217689,354.8348894957631,26767800
2023-11-09,353.8636779785156,357.8860884409739,353.53990670562916,355.4431931692312,24847300
2023-11-10,362.6737060546875,363.09556076737016,354.236462100994,354.64849649105355,28042100
2023-11-13,359.74029541015625,361.49642668428953,358.97505869997684,361.2511581241037,19986500
2023-11-14,363.2623291015625,364.9105564931209,360.39760923672634,363.98834436046604,27683900
2023-11-15,363.4098205566406,366.81121863639925,360.89314538692616,364.99254154145893,26860100
2023-11-16,369.7996826171875,369.97662716885657,363.9111011410668,364.6778908657379,27182300
2023-11-17,363.5867614746094,368.0302064935661,360.78501895126305,367.28306715379995,40157000
2023-11-20,371.0482177734375,372.45399413615905,364.7172740131472,364.9335496074717,52465100
2023-11-21,366.75225830078125,369.8489086679745,364.8352685492538,369.30823463589167,28423100
2023-11-22,371.4512634277344,373.35841268345206,368.62003030581224,371.5987172360064,23345300
2023-11-24,371.038330078125,371.56919374191403,368.78713213501106,370.9400175476793,10176600
2023-11-27,372.1983947753906,374.19404643508545,369.82923344697656,370.3993982063347,22179200
2023-11-28,376.2191162109375,376.51402381152496,371.7559911838167,371.9427759977799,20453100
2023-11-29,372.434326171875,377.792014506202,371.0482003824139,377.2611808001932,28963400
2023-11-30,372.4933166503906,373.6533266294802,369.1115692531181,372.0804159794598,30554400
2023-12-01,368.1678466796875,371.75602952719976,365.0220252786822,370.37974391455106,33040500
2023-12-04,362.8887634277344,363.26230306598103,356.75441514637487,362.84943241289693,32063300
2023-12-05,366.2115173339844,366.76203156592914,359.4283719754838,360.2443330697854,23065000
2023-12-06,362.55450439453125,367.8434010010659,361.7975548433351,367.2142547508921,21182100
2023-12-07,364.6681213378906,365.15965403682253,360.11652374565716,361.99418225567007,23118900
2023-12-08,367.8925476074219,368.11863343182006,361.99415565369594,362.9477302195792,20154400
2023-12-11,365.0121765136719,365.30711413857625,359.90025435719485,362.2399548445349,27708800
2023-12-12,368.0400085449219,368.079339558926,364.1863791933993,364.5697890781994,24838300
2023-12-13,368.0301818847656,371.2448248811306,364.4911405130115,369.65223376326037,30955500
2023-12-14,359.7331237792969,367.430542857679,357.9636180145618,366.98815141610726,43277500
2023-12-15,364.45184326171875,366.09354566450713,360.0771902707865,360.6375447439286,78502300
2023-12-18,366.33929443359375,366.68337330414107,362.4365238179664,363.1935033333252,21802900
2023-12-19,366.9389953613281,366.9389953613281,363.5768985428581,365.19895042864266,20603700
2023-12-20,364.3436584472656,369.6620453460696,364.2551861699306,368.64948928220537,26316700
2023-12-21,367.2142028808594,368.069464850555,363.7734744965304,366.25078813296983,17708000
2023-12-22,368.2366027832031,368.8264479888416,366.39827539290235,367.3518499751321,17107500
2023-12-26,368.3153076171875,370.5566956584925,367.1749480872917,368.6495462723812,12673100
2023-12-27,367.7352600097656,368.70848509896524,366.49658807749455,367.36169037934906,14905400
2023-12-28,368.9247741699219,370.0847841167637,367.82374574574834,369.01324645392424,14327000
2023-12-29,369.67193603515625,370.77296452657316,367.1552909116957,369.6326050173838,18730800
2024-01-02,364.5894470214844,369.5342646061022,360.55887302589025,367.5288028618132,25258600
2024-01-03,364.32403564453125,366.93899315410624,362.26943260145976,362.760965291212,23083500
2024-01-04,361.7090759277344,366.7816968551165,360.95212639041375,364.3928551976836,20901500
2024-01-05,361.5223083496094,365.7593179114421,360.29347657411785,362.72164936252017,21004600
2024-01-08,368.3447265625,368.8460994479234,362.7609230571881,363.0459903834981,23134000
2024-01-09,369.4261779785156,369.6227730702436,364.90407085789354,365.71019173607624,20830000
2024-01-10,376.2879333496094,377.6642489138574,369.94717950336036,369.99632077317983,25514200
2024-01-11,378.116455078125,384.063988833949,373.9384270676175,379.4632498955057,27850800
2024-01-12,381.8913879394531,382.0978232574525,378.13607119839037,378.9618424711607,21661200
2024-01-16,383.660888671875,387.3572238467636,381.05577159415725,386.9934944812975,27202300
2024-01-17,382.8744812011719,383.50362745457204,378.29339285307435,381.4097233605343,22234100
2024-01-18,387.1999816894531,387.31794474262756,383.51348627386955,385.08639698467385,23392100
2024-01-19,391.9186706542969,391.9186706542969,386.83620966747424,389.05794692680297,29331100
2024-01-22,389.7952575683594,393.83564181909105,386.9246935015416,393.2457965997971,27016900
2024-01-23,392.144775390625,392.61665757487873,387.2589392356876,389.04812543344485,20525900
2024-01-24,395.7427673339844,398.7607850247389,393.6685139379053,394.7400515217606,24867000
2024-01-25,398.013671875,400.11744616888006,395.71330250742477,397.4729979213706,21021200
2024-01-26,397.089599609375,399.291686504724,395.6150015101639,397.52215078520555,17803300
2024-01-29,402.7816162109375,403.0372228528321,397.48287852415115,399.1835927169166,24510200
2024-01-30,401.67071533203125,406.0551789121295,399.5669708342569,405.27857879420264,33477600
2024-01-31,390.8471374511719,408.28673844568766,390.48340804499526,400.06829591373173,47871100
2024-02-01,396.9421081542969,401.0906449466683,394.99562804766003,395.0251188068164,30657700
2024-02-02,404.25616455078125,405.6619409058491,396.72587980855803,396.9716461643717,28256700
2024-02-05,398.7804870605469,404.19718719885634,397.14859484100157,402.95851515251775,25352300
2024-02-06,398.6231994628906,401.0612125775962,396.08690380386986,399.0066093885159,18382600
2024-02-07,407.0382385253906,407.28400488846614,400.50085926773676,400.5401902860463,22340500
2024-02-08,407.0971984863281,408.52265531696276,405.5439683543155,407.0382169623767,21225300
2024-02-09,413.42816162109375,413.69360849220726,408.060632682177,408.21792675374667,22032800
2024-02-12,408.227783203125,413.6149628644096,407.7264102051555,413.4380182771655,21202900
2024-02-13,399.4391174316406,403.1256124684785,396.55874317637694,398.08248245796057,27824900
2024-02-14,403.2998962402344,403.6446114435303,398.4542867149953,401.90137863544226,20401200
2024-02-15,400.41412353515625,402.9452806494458,398.17844942358096,401.97025586986575,21825500
2024-02-16,397.95196533203125,402.11803273676423,397.3413424619827,401.7930043986709,22296500
2024-02-20,396.70111083984375,398.37539423890235,391.99337036631437,397.1442902441902,24307900
2024-02-21,396.100341796875,396.20869458459015,391.2153292491478,394.12074688500724,18518900
2024-02-22,405.42724609375,406.5894012936675,402.3938184427991,403.9893247437461,27009900
2024-02-23,404.1369934082031,409.57353818458586,402.7877081506477,409.3864380168882,16295900
2024-02-26,401.3793640136719,405.92952022656453,401.2020621700657,405.24008986741234,16193500
2024-02-27,401.32025146484375,402.1475498168189,397.74512033420825,401.8225215015325,14835800
2024-02-28,401.556640625,403.1127430930959,399.1929265964819,402.00967855020446,13183100
2024-02-29,407.3871765136719,407.9387088030321,399.7838756031993,402.46275960420144,31947300
2024-03-01,409.2190246582031,409.58342668223145,404.66886847100426,405.0529573414313,17823400
2024-03-04,408.6477966308594,411.04105586312363,406.08709401097116,407.1901585103068,17596000
2024-03-05,396.5632629394531,407.9879154671031,394.58366790374333,407.7022908884421,26919200
2024-03-06,396.01177978515625,399.03537916711076,392.36772908168757,396.87848202355104,22344100
2024-03-07,402.9552001953125,403.58550992875143,396.15948083378726,399.98083315410713,18718500
2024-03-08,400.0793151855469,404.21583727335775,398.2178712291556,401.793002594602,18002200
2024-03-11,398.40496826171875,399.54743645794565,395.19426925023413,397.6564774172096,16120800
2024-03-12,409.0023193359375,409.28794389731524,400.64067006988586,401.4581099515854,22457000
2024-03-13,408.8250732421875,411.85850065118984,405.2302551257752,411.7797232101297,17115900
2024-03-14,418.7920837402344,421.3527863664109,411.6713665638625,413.8873540190868,34157300
2024-03-15,410.1250915527344,416.21166275541714,406.5499605866558,412.9517016392755,45079900
2024-03-18,411.01153564453125,414.3699915467621,407.52504009505543,407.98793648172665,20106000
2024-03-19,415.0396728515625,415.295752126201,409.2682411150174,411.5137738248201,19837900
2024-03-20,418.80194091796875,419.5208864985866,414.3010169757645,415.62075700500156,17860100
2024-03-21,422.87933349609375,424.3074262893576,420.7027498405441,423.3323713938263,21296200
2024-03-22,422.2588806152344,423.36194516542855,419.62925888508494,423.2043902779049,17648500
2024-03-25,416.4677429199219,420.9489800236463,415.2366387798196,418.8117700116772,18060500
2024-03-26,415.2760009765625,419.5503905165624,414.9805480350016,419.1761300864183,16725600
2024-03-27,415.0593566894531,418.0337234540762,412.67595596490696,418.02386500319915,16705000
2024-03-28,414.360107421875,415.4927172172239,412.78428811448583,414.5964697982947,21871200
2024-04-01,418.15191650390625,421.42173632509054,415.8374347010724,417.5412936572551,16316000
2024-04-02,415.0692443847656,415.9950371448598,411.52365828826186,413.7593326884334,17912000
2024-04-03,414.09417724609375,416.86169679254687,412.75472038791173,413.38506009911544,16502300
2024-04-04,411.56304931640625,422.1899488258563,411.2577378896696,418.5655553413228,19370900
2024-04-05,419.0875549316406,420.0626098925823,411.99641280038685,413.6608680769513,16554800
2024-04-08,418.1716003417969,420.8209388461148,416.9010924581036,418.7428494922185,14272400
2024-04-09,419.8360595703125,421.27398079875763,415.24649970194963,419.9936445079337,12496900
2024-04-10,416.8617248535156,417.6200741918698,413.3555426286193,415.80789248455,16216600
2024-04-11,421.4610900878906,422.8793243997448,415.9752830660833,419.3830008173104,17966400
2024-04-12,415.5223083496094,418.75272476078317,413.4245018587201,417.63980168862076,19253800
2024-04-15,407.3871765136719,420.36793227353456,407.1803293629701,420.15125672726765,20273500
2024-04-16,408.3128967285156,412.07515806913636,407.47576998606934,408.3030683339737,16765600
2024-04-17,405.6143493652344,412.5479364642673,404.127165910336,410.9425718180864,15855500
2024-04-18,398.1587219238281,405.6635571829759,397.84358214140667,404.42259472836287,21029900
2024-04-19,393.0866394042969,399.35051316442866,391.7570408652649,397.9224202787546,30565800
2024-04-22,394.8988342285156,396.76027825597146,389.7676002006902,394.0321320394096,20286900
2024-04-23,401.408935546875,402.02941689941457,396.9671017838586,398.12925698523895,15734500
2024-04-24,402.8763427734375,406.2347982871372,400.6308101493401,403.36878440202247,15065300
2024-04-25,393.0078125,393.84496925671834,382.1642385201122,388.0735378998874,40586500
2024-04-26,400.1778259277344,406.7568397543272,399.6262936342629,405.93939976601416,29694700
2024-04-29,396.1692810058594,400.1777629830485,393.1555407133354,399.12393070882416,19582100
2024-04-30,383.444580078125,396.0806489273893,383.28702520862055,395.42076392930267,28781400
2024-05-01,388.96978759765625,395.64729473492514,384.40977340635925,386.6749928264685,23562500
2024-05-02,391.82598876953125,393.88439136644655,388.6842084752251,391.6487169798458,17709400
2024-05-03,400.5126647949219,400.9952480161036,395.7852067038653,396.1988709336313,17446700
2024-05-06,407.2886657714844,407.67275464571117,400.22703898277103,402.58092459776026,16996600
2024-05-07,403.1521301269531,408.4015749957849,402.90590929968624,408.3917165446932,20018200
2024-05-08,404.333984375,405.9984394987751,400.5618646353196,401.99981584395204,11792300
2024-05-09,406.0871276855469,406.48107503136987,402.91580195884967,404.3635817483474,14689700
2024-05-10,408.47052001953125,409.1008598045123,405.5749605018169,406.6977419727187,13402300
2024-05-13,407.4659423828125,412.0259571204268,404.60978666771797,411.6911003868472,15440200
2024-05-14,410.26300048828125,411.1789347782618,405.3287253515243,405.79162172220066,15109300
2024-05-15,417.4360046386719,418.15627711467357,411.7035137509103,412.32511422725236,22239500
2024-05-16,415.3738708496094,419.744796345379,414.7424242787078,416.1730628235195,17530100
2024-05-17,414.6042785644531,417.27814812423264,412.45336756995647,416.90321260748334,15352200
2024-05-20,419.6658630371094,421.07677928196154,414.3872272445279,414.6042935983872,16272100
2024-05-21,423.3165588378906,427.19412489848247,419.18245157588046,421.13601884677456,21453300
2024-05-22,424.7767639160156,426.6415653807663,421.43200286988593,424.35250743086516,18073700
2024-05-23,421.3037109375,427.8156712738496,419.7448017896618,427.194070817087,17211700
2024-05-24,424.42156982421875,425.30955759417924,418.7482761527639,421.49118910602255,11855300
2024-05-28,424.5794677734375,425.07279769134385,420.9090919797955,423.8986700778892,15718000
2024-05-29,423.44482421875,425.1912013264544,420.011237075474,420.011237075474,15517100
2024-05-30,409.1382141113281,418.639722265152,408.7139275324575,418.639722265152,28394500
2024-05-31,409.5920715332031,411.19045552886206,399.1137496856911,411.19045552886206,47995300
2024-06-03,408.0035400390625,410.8747236026411,403.4649291544174,409.9867358256656,17484700
2024-06-04,410.51953125,410.88459054146256,404.21476096620233,406.9280752908703,14348900
2024-06-05,418.3536071777344,418.42265047577604,410.7464388812518,412.23630472822083,16988000
2024-06-06,418.8568115234375,419.63628120393724,414.96936946485204,418.35363549566944,14861300
2024-06-07,418.19580078125,420.59337708963096,417.35713385188853,420.5144575469657,13621700
2024-06-10,422.1620788574219,422.3692689624298,418.2351925422475,419.03438448631385,13982900
2024-06-11,426.907958984375,427.04610581067664,419.57708382911113,419.8040264249776,14551100
2024-06-12,435.1761779785156,437.48495834500466,427.47036718999846,429.51276024474697,22366200
2024-06-13,435.689208984375,437.4750908737884,433.508699318619,434.9689666213265,15960600
2024-06-14,436.666015625,437.22841891267086,430.89405002785384,432.43323683903066,13582000
2024-06-17,442.3886413574219,444.92436422206765,434.84070005199675,436.68574902549324,20790000
2024-06-18,440.3857116699219,444.1350368072149,438.95507309068336,443.7107502283828,17112500
2024-06-20,439.7542724609375,440.57318682315986,435.38334678666155,440.3462442358131,19877400
2024-06-21,443.77984619140625,444.569161991758,440.5534794666223,441.4118686798834,34187100
2024-06-24,441.697998046875,446.71021649298933,440.45479708566984,443.7995580906483,15913700
2024-06-25,444.9342041015625,445.3979353653379,440.79022131418793,442.27021086532676,16413400
2024-06-26,446.1281433105469,447.5489359731975,442.2111023091574,443.0102944180896,16507000
2024-06-27,446.80889892578125,450.08461670642896,445.74328947401983,446.1478236075156,14806300
2024-06-28,440.9875793457031,449.305113661538,440.45477465939115,447.02593208902044,28362300
2024-07-01,450.6371154785156,451.2685620568994,439.71478489170136,442.6747641221356,17662800
2024-07-02,453.153076171875,453.45893827703065,447.0653724350894,447.15419830732895,13979800
2024-07-03,454.62322998046875,454.86989493305913,451.7717987859675,452.07766091834213,9932800
2024-07-05,461.3226318359375,462.1021014719612,452.8472281684966,453.478674753155,16000300
2024-07-08,460.0202331542969,461.4607780718062,458.26398000009,460.326095268591,12962300
2024-07-09,453.40960693359375,461.09566431646033,451.89014256478214,460.77007986409006,17207200
2024-07-10,460.03009033203125,460.23728044044634,452.73866061347735,455.0671931892753,18196100
2024-07-11,448.63421630859375,458.57973369334036,445.5262138972975,456.8037581244286,23111200
2024-07-12,447.4995422363281,450.2720538778231,444.6382348256943,448.26913567933263,16324300
2024-07-15,447.904052734375,451.1600479833261,445.40780476541227,447.2528536845848,14429400
2024-07-16,443.5233154296875,448.23954820722287,440.7014827721708,448.1606286695201,17175700
2024-07-17,437.6033630371094,438.9156374910901,433.32126292871686,436.68577660898285,21778000
2024-07-18,434.495361328125,438.71826397070777,428.6050012530057,438.4124018485707,20794800
2024-07-19,431.2788391113281,435.2551069043024,426.23702212212055,427.3223538949878,20940400
2024-07-22,437.03106689453125,438.6689256733767,433.05482935357276,435.89641421757136,15808800
2024-07-23,438.9156188964844,442.40840302613475,437.1889642431626,437.9782800404941,13107100
2024-07-24,423.1783752441406,435.5905721860423,421.88585333621705,434.5743138131604,26805800
2024-07-25,412.8184814453125,424.0663978828946,411.94036982301,423.0797380180107,29943800
2024-07-26,419.5967712402344,423.19810333197387,411.7034934246348,412.6211098546519,23583800
2024-07-29,421.0373229980469,426.38500194360023,419.0344049240428,425.8225986635412,15125800
2024-07-30,417.2781677246094,423.32636688783225,411.7923116419938,422.0141226280364,32687600
2024-07-31,412.7691650390625,416.15340118634725,406.71105894897664,414.8904777498154,42891400
2024-08-01,411.545654296875,421.7575892383458,407.57929274476925,415.1765852410534,30296400
2024-08-02,403.0406799316406,409.4638453090681,398.9460475006439,406.98731940449915,29437900
2024-08-05,389.87860107421875,395.6900415573509,380.43625987349014,383.9783949357412,40709200
2024-08-06,394.2790832519531,400.25826896287094,393.18390539634436,394.66389500260414,24946500
2024-08-07,393.1148681640625,404.60944914169323,392.16768315982324,403.18868669056855,20650900
2024-08-08,397.31805419921875,400.4457490366174,394.6047396336136,397.0713892387092,20203000
2024-08-09,400.6036071777344,402.60652539742165,396.8937867490897,398.6401637815713,19276700
2024-08-12,401.383056640625,403.30705522680034,398.84733381774834,401.6297215819056,16762900
2024-08-13,408.4870300292969,409.41449264240543,404.10625814496586,404.1259805010332,19414300
2024-08-14,411.2989807128906,412.14752377963794,406.9478375879701,409.26646397851016,18267000
2024-08-15,416.162109375,416.2411711538097,412.8310776655769,414.94631960204117,20752100
2024-08-16,413.6316833496094,416.46849580465874,412.4751975268654,415.7370612802868,22775600
2024-08-19,416.6563415527344,416.8737991572246,411.6449527797598,414.11604821044875,15234000
2024-08-20,419.8885192871094,420.93626132598814,416.7650812391523,416.82438511571235,16387600
2024-08-21,419.2361755371094,421.4700252660244,416.8441419181339,419.1768414959673,16067300
2024-08-22,410.74542236328125,421.8554866317301,409.81628817687795,419.45355922894015,19361900
2024-08-23,411.9711608886719,414.4126044200127,407.32548933843145,412.15896655760116,18493800
2024-08-26,408.7092590332031,412.4554478665689,406.58412315782203,411.55596557862424,13152800
2024-08-27,409.05523681640625,409.5692137906275,405.5067475085558,408.0865565785304,13492900
2024-08-28,405.8526916503906,410.201813276276,402.60072184118246,410.0832055301203,14882700
2024-08-29,408.34356689453125,417.17031240351145,405.85271359636084,410.14253158113485,17045200
2024-08-30,412.3171081542969,412.663037378181,407.3650233246306,410.7949049431994,24308300
2024-09-03,404.70611572265625,415.02541234976394,402.32397617802485,413.0781880012741,20313600
2024-09-04,404.1723327636719,406.48527429622453,399.6947093805116,401.21691249953295,15135800
2024-09-05,403.6682434082031,408.3237783354607,401.4343636867301,402.9071267784607,14195500
2024-09-06,397.0556335449219,405.9021372589665,396.16601504088436,404.3305241544344,19609500
2024-09-09,401.0291442871094,403.9252609488484,397.50041270369564,402.5315594789773,15295100
2024-09-10,409.4111022949219,411.5164502597468,402.9862541865475,403.48047327180706,19594300
2024-09-11,418.1488952636719,419.08789343392027,404.84449566929334,410.6960629554886,19266900
2024-09-12,422.0630798339844,422.42879711427406,414.89690341994134,418.415740735589,17395700
2024-09-13,425.611572265625,426.83722589839596,420.5408798146308,420.9065970976519,15874600
2024-09-16,426.3529052734375,428.517587221267,423.2689830915265,425.6214706998335,13834700
2024-09-17,430.1188659667969,436.741413807479,427.2721591954558,435.1401487897844,18874200
2024-09-18,425.82904052734375,430.9886889198146,425.43367129700556,429.9705988234429,18898000
2024-09-19,433.6179504394531,436.3954593302787,431.84863763952944,436.1285918792357,21706600
2024-09-20,430.2374267578125,434.16152709216163,429.19957885288886,432.1648930552261,55167100
2024-09-23,428.4978332519531,431.41370770372646,425.4139110417271,429.2589197702658,15128900
2024-09-24,424.2080383300781,428.33970279345715,421.17352579677157,427.9937433882553,17015800
2024-09-25,427.11395263671875,428.1122847230435,423.6149036474301,424.86031508228893,13396400
2024-09-26,426.3232421875,430.2671006249204,424.1684543301705,430.0595370663028,14492000
2024-09-27,423.0712890625,426.85702409572957,422.52766014209345,426.5308226116947,14896100
2024-09-30,425.324951171875,425.4435890958682,420.451958019216,423.25911892558076,16807300
2024-10-01,415.8260498046875,423.52599147760804,413.9677812470877,423.49633953955015,19092900
2024-10-02,412.3072204589844,417.9314360837514,411.89206315330637,417.6941904099043,16582300
2024-10-03,411.7240295410156,414.699207817815,409.50004373541833,412.80142348929195,13686400
2024-10-04,411.24957275390625,414.8969119270876,410.172178794162,413.40436067339476,19169700
2024-10-07,404.80499267578125,412.287446994849,404.27122759664127,411.1902950616205,20919800
2024-10-08,409.9151916503906,410.8542199929417,403.4508276328713,406.14924457508937,19229300
2024-10-09,412.63336181640625,415.51961434814075,409.5098937927917,411.0518548194861,14974300
2024-10-10,411.0321044921875,412.5246557071608,408.37320353432506,410.42917171763446,13848400
2024-10-11,411.50653076171875,412.3071631584289,408.47201874889953,411.32861915461314,14144900
2024-10-14,414.2939453125,419.1372858012014,412.6926503077809,412.9397598241915,16653100
2024-10-15,413.8985595703125,417.59533856944756,410.45881429415135,417.2987890411578,18900200
2024-10-16,411.308837890625,411.54605337068887,405.7340629559766,410.36983983888206,15508900
2024-10-17,411.9019470214844,417.61511832115826,410.78500708577025,417.4767225011017,14820000
2024-10-18,413.3253173828125,414.79808063402476,411.44729085370335,412.3171212877513,17145300
2024-10-21,413.9381103515625,414.1160219717621,408.9662678666254,411.30886136013186,14206100
2024-10-22,422.56719970703125,425.60168187753965,413.2066892964129,413.6514683614362,25482200
2024-10-23,419.6908264160156,426.09588604624633,417.64475229425324,425.87842845603865,19654400
2024-10-24,419.8193054199219,421.05485298708396,417.51622786247975,420.41234412037124,13581600
2024-10-25,423.19976806640625,427.5192377532194,421.63804913504384,421.8258547879259,16899100
2024-10-28,421.6578369140625,426.94598717649535,421.3711813975522,426.669225694439,14882400
2024-10-29,426.9558410644531,428.16173672961014,420.8769227357868,423.05149857942604,17644100
2024-10-30,427.5291748046875,433.43015208412135,427.10415361686785,432.38241000195467,29749100
2024-10-31,401.65185546875,411.3484314804884,401.60241546152275,410.55766284750285,53971000
2024-11-01,405.6253662109375,410.69605883957496,402.78855349489004,404.2811047814158,24230400
2024-11-04,403.7374572753906,405.6748178590432,400.88088657331804,405.06196083886334,19672300
2024-11-05,406.7027587890625,410.102988488707,403.3618329661191,403.6484884800003,17626000
2024-11-06,415.3219299316406,415.58882753455555,405.77361389082967,407.65167048638625,26681800
2024-11-07,420.51123046875,421.91482589939426,415.0254108601489,416.40921822256973,19901800
2024-11-08,417.6546630859375,421.568869701991,416.90344044148964,420.40251992805025,16891400
2024-11-11,413.1770324707031,419.89839969038087,411.1902621762221,417.6348679260246,24503300
2024-11-12,418.13897705078125,419.5326784209289,412.37639607879026,413.41424403977334,19401200
2024-11-13,420.2839050292969,424.366129168666,413.3747019871383,416.7650676989441,21502200
2024-11-14,421.95440673828125,423.21960645486104,415.144052914958,420.0862440210885,30246900
2024-11-15,410.2018127441406,417.91161788162964,408.8575514031372,414.96609164012756,28247600
2024-11-18,410.9530944824219,413.5625557641184,407.3354068851738,410.07336996510656,24727000
2024-11-19,412.9595947265625,413.1078544202765,406.79171998540573,408.33368112951007,18133500
2024-11-20,410.6861267089844,412.4653333453386,405.8328921341125,412.0501760807684,19191700
2024-11-21,408.9132995605469,415.7570819396626,406.3580380143849,415.47976649879917,20780200
2024-11-22,413.0037536621094,413.3999142872652,407.1206761919346,407.4277029433142,24814600
2024-11-25,414.776611328125,417.0446437711569,410.87436717729366,414.37053686089325,27691100
2024-11-26,423.888427734375,424.92838338966095,414.83603494213827,415.5689336176803,23458900
2024-11-27,418.9363098144531,423.1356967701012,417.97560449920036,421.03598817971914,18332400
2024-11-29,419.4018249511719,420.808229889217,413.7960631011275,416.06412568619913,16271900
2024-12-02,426.8497314453125,428.85036197579825,417.2723902009829,417.529908173513,20207200
2024-12-03,427.0676574707031,428.32547569363487,423.6407942127541,425.72067515411175,18302000
2024-12-04,433.22802734375,435.4564646159383,428.48392353237045,428.8800841135143,26009400
2024-12-05,438.3782043457031,440.3986627358307,431.9900352112823,433.72326431540773,21697800
2024-12-06,439.3191223144531,441.82487523918803,437.5363542028089,438.0612738202398,18821000
2024-12-09,441.7456359863281,444.03349609525384,436.2785468030062,438.35842787251636,19144400
2024-12-10,439.0814208984375,445.31115038441584,437.36801935702954,440.13129040416726,18469500
2024-12-11,444.68719482421875,446.0341772846715,439.7945337941877,439.7945337941877,19200200
2024-12-12,445.251708984375,451.7884649521135,444.8060093995974,444.8060093995974,20834800
2024-12-13,442.9836120605469,447.10374865296643,441.3098056253416,444.14241275611795,20177800
2024-12-16,447.26226806640625,447.8466102847365,441.0127411892908,442.9836607244317,23598800
2024-12-17,450.104736328125,450.92679906279125,445.26161469090005,446.6878170659997,22733500
2024-12-18,433.1983337402344,448.3120705924071,432.83185420697276,446.9948298056794,24444500
2024-12-19,432.841796875,438.93285336164837,432.1386095010433,437.38780577162396,22963700
2024-12-20,432.4159240722656,439.48748337745457,424.5223020050907,428.9593493416428,64263700
2024-12-23,431.078857421875,433.4558513948008,428.6820357713906,432.5545685943141,19152500
2024-12-24,435.1197509765625,435.38718282685113,430.02902490868655,430.48460812290455,7164500
2024-12-26,433.9114074707031,436.7143034093448,432.44561022869516,434.8721127935591,8194200
2024-12-27,426.4040832519531,431.04913980352325,422.2641488688207,430.4350863105853,18117700
2024-12-30,420.7586975097656,423.45263204127576,417.8567839421245,421.9769208859116,13158700
2024-12-31,417.4606018066406,422.64049156656444,416.6286554798762,422.016524265212,13246500
2025-01-02,414.568603515625,421.9868450538027,410.8743686174563,421.45201157982797,16896500
2025-01-03,419.2929382324219,419.9664143701195,415.51945282325784,417.0446728600811,16662900
2025-01-06,423.7497863769531,430.15778356293015,421.4025036603563,423.8983428352595,20573600
2025-01-07,418.322265625,426.52291408196885,416.76730426764124,424.8887326935554,18139100
2025-01-08,420.49127197265625,422.87817962096636,417.50022470253026,419.40180766065134,15054600
2025-01-10,414.93505859375,420.63983782074297,411.042698272716,420.56061778951556,20201100
2025-01-13,413.1919250488281,414.48936844362913,408.3388895039501,411.2606004893305,17604800
2025-01-14,411.6865234375,415.71749643981025,406.78394867710017,413.805999460752,16935900
2025-01-15,422.2244873046875,424.04685017409594,414.2615295855494,415.1133035563719,19637800
2025-01-16,420.5110778808594,425.3740271428382,420.3229265289763,424.5916197701724,15300000
2025-01-17,424.9184265136719,430.3162089952725,424.0666827581059,429.9299320188306,26197500
2025-01-21,424.3935241699219,426.7705180269004,421.52132200002626,426.0772445238866,26085700
2025-01-22,441.9239501953125,442.9836731089654,431.8216876151847,433.36673527212855,27803800
2025-01-23,442.42901611328125,442.46864124256984,437.26895379651836,437.7641621247137,18389300
2025-01-24,439.80438232421875,442.3695576290663,437.16987060502294,440.8938466028509,15549500
2025-01-27,430.3954772949219,431.02935848885954,419.4414710475572,419.94659323490635,35647800
2025-01-28,442.9143371582031,444.08302154903276,427.24593852989443,430.43508134605355,23491700
2025-01-29,438.09100341796875,442.5974175154718,436.17950645057016,442.40923592540474,23581400
2025-01-30,411.01300048828125,418.8075747745586,409.20055129765046,414.75677425796516,54586300
2025-01-31,411.0823059082031,416.65835612531487,410.93374946527524,414.96475222570615,34161900
2025-02-03,406.9820251464844,411.42898625512174,404.7436738342851,407.6555012178145,25679100
2025-02-04,408.4180908203125,409.9532546940812,405.81329031153365,408.7350313881363,20532100
2025-02-05,409.3293151855469,409.8641184268012,406.4669964929513,408.39832109505767,16316700
2025-02-06,411.8350524902344,414.19224891795665,410.0324869601977,410.0324869601977,16309800
2025-02-07,405.8232116699219,414.63791357819275,404.1890302854019,412.48872643025265,22886800
2025-02-10,408.2695617675781,411.47850211303046,406.9820321839411,409.74527293691693,20817900
2025-02-11,407.4970397949219,408.5369652151938,405.3775335991668,405.714301867279,18140600
2025-02-12,405.12005615234375,406.81366024932584,400.49479685605615,403.30757666205,19121700
2025-02-13,406.6056213378906,407.0612044905901,402.465657162982,403.0995382668374,23891700
2025-02-14,404.515869140625,404.99128001840967,401.99031874797896,403.8820181953633,22758500
2025-02-18,405.71429443359375,406.66508596257455,402.60437161832556,404.08999660584703,21423100
2025-02-19,410.7950744628906,411.50817561028913,403.74331324145845,403.9711199361536,24114200
2025-02-20,412.968505859375,416.1243389128722,409.40578409861945,412.134891295379,23508700
2025-02-21,405.1086120605469,414.87384893021425,404.791066280818,414.1692516421462,27524800
2025-02-24,400.9306335449219,406.25983043716724,396.2861968407472,405.4063787741937,26443700
2025-02-25,394.8769836425781,398.86646142853965,393.6861187086097,398.05268403794094,29387400
2025-02-26,396.693115234375,400.5337085768434,391.25473790483426,394.986181494864,19619000
2025-02-27,389.5477600097656,402.657388820498,389.1905096396701,398.22134834414993,21127400
2025-02-28,393.973876953125,394.6090291195634,383.6330593862238,389.67678725566606,32845700
2025-03-03,385.5384521484375,395.7899873220531,383.2261675615013,395.7899873220531,23007700
2025-03-04,385.65753173828125,389.59737098453536,378.10536303990614,380.48712304915495,29342900
2025-03-05,397.9732666015625,398.61835249883035,385.85603973587394,386.3820118850688,23433100
2025-03-06,393.87469482421875,399.09471206990673,389.69665794124984,391.28450820827493,23304600
2025-03-07,390.32183837890625,391.80050846371955,382.61088158953936,389.33936956128906,22034100
2025-03-10,377.271728515625,383.4643102679539,374.3540628163808,382.9085673048331,32840100
2025-03-11,377.5596008300781,383.0674234309217,374.04648696420594,376.12060487129355,30380200
2025-03-12,380.3581237792969,382.2933209136247,376.0709676751301,380.0405779726452,24253600
2025-03-13,375.89227294921875,382.3925273041687,374.58232470495466,380.24893433302753,20473000
2025-03-14,385.6079406738281,387.2652662935844,376.6267095180303,376.8946473094157,19952800
2025-03-17,385.7468566894531,389.72637004614455,382.6406320765131,383.7620517263702,22474300
2025-03-18,380.6062316894531,384.4269877309022,378.2046343736099,384.1292790671939,19486900
2025-03-19,384.8735656738281,386.719419886704,381.0825806498319,382.60095534567967,19185500
2025-03-20,383.9010314941406,388.81343664918575,380.3680805381929,382.80938253905003,18470500
2025-03-21,388.28741455078125,388.76374837124365,379.8916675364793,380.30848991510493,39675900
2025-03-24,390.09356689453125,392.39594799568545,386.8484215764684,392.39594799568545,21004500
2025-03-25,392.1578063964844,393.34867131877104,389.65696280253144,390.9272368910712,15775000
2025-03-26,387.0072326660156,392.30665877239477,385.61787512073846,391.99901639757354,16108400
2025-03-27,387.6125793457031,389.259971232933,384.4567464670721,387.1660163642304,13766800
2025-03-28,375.92205810546875,386.1735929782764,374.06627026028934,385.1315521729189,21632000
2025-03-31,372.5379943847656,374.20522334023684,364.449889664545,369.7096411618319,35184700
2025-04-01,379.28631591796875,379.9413052057438,370.39439795061145,371.80359254811333,19689500
2025-04-02,379.2367248535156,382.1543604865691,373.7586433966847,375.0983928958324,16092600
2025-04-03,370.2752990722656,374.61212363444304,366.54388609690864,371.9425583652147,30198000
2025-04-04,357.10614013671875,371.74407816646067,356.74888974568233,361.363555677575,49209900
2025-04-07,355.14117431640625,368.1813588125757,342.17049555544185,348.2142236601539,50425000
2025-04-08,351.8662414550781,370.8112022714622,347.5889889390993,365.46216834014683,35868900
2025-04-09,387.5232849121094,390.2424886537646,350.4173671278774,350.854026698487,50199700
2025-04-10,378.4527282714844,380.9833427250372,365.0056552003408,379.1573256201752,38024400
2025-04-11,385.498779296875,387.0865991344375,376.0114134245454,377.7481178718862,23839200
2025-04-14,384.8636474609375,391.651677567929,381.29099206627785,390.23254912743425,19251200
2025-04-15,382.7994689941406,388.91267269542334,381.24138963056953,385.558347033726,17199900
2025-04-16,368.7867126464844,378.71073856569086,365.2041538267982,377.7779079921512,21967800
2025-04-17,364.9858093261719,371.4761304955969,364.10258680355696,370.9104537724408,21120200
2025-04-21,356.3916015625,361.71089501866106,352.9678309109542,360.0635031391147,20807300
2025-04-22,364.0331115722656,364.9758758256959,357.12596800122816,360.6192443688487,19485000
2025-04-23,371.5456237792969,377.50003937654276,370.18600677791767,373.20291916052497,20545500
2025-04-24,384.35748291015625,385.49877003384853,372.33950296048084,372.8456379358323,22232300
2025-04-25,388.8729553222656,389.1805976978566,381.67803664886475,384.05979677325973,18973200
2025-04-28,388.1882019042969,389.7561846754867,383.7025530868883,388.9821118643913,16579400
2025-04-29,391.04632568359375,392.0982700078575,387.41412856396244,388.32712198825146,14974000
2025-04-30,392.2570495605469,393.6464071015826,381.5192464831796,387.3347110069874,36461100
2025-05-01,422.16802978515625,433.669971462135,421.67182852064957,427.8346397458207,58938100
2025-05-02,431.9729919433594,436.1013902925972,426.7231738378541,428.4598783453456,30757400
2025-05-05,432.8562316894531,436.1609188409604,428.827049490993,429.58128511716615,20136100
2025-05-06,430.0179443359375,434.4043769104007,427.8942186382879,428.91639204817295,15104200
2025-05-07,430.0576477050781,434.79139692835327,427.83464541633373,430.54391525930873,23295300
2025-05-08,434.841064453125,440.2992788018954,432.35012421343623,434.6028672327044,23491300
2025-05-09,435.3967590332031,437.3914674607305,432.5684058555715,436.6570993033328,15324200
2025-05-12,445.8467712402344,445.9559209816134,436.43878433354007,442.551987565255,22821900
2025-05-13,445.7276916503906,447.24606632617565,441.9763809723924,444.37800844651383,23618800
2025-05-14,449.4988098144531,450.45150777480933,444.73528972695,444.73528972695,19902800
2025-05-15,450.512939453125,453.55526390744575,447.82852124457236,448.16655392379437,21992300
2025-05-16,451.6463623046875,451.735838870633,446.13838030321216,449.4391826540583,23849800
2025-05-19,456.2197570800781,456.9355998797858,448.1963586877965,448.27591363294266,21336500
2025-05-20,455.5238342285156,455.69283539558984,451.69606398891386,452.9587181303489,15441800
2025-05-21,449.9561462402344,455.1360468945702,449.2005259832327,451.944595050179,19216900
2025-05-22,452.2329406738281,457.5918252828005,451.27849365115543,452.32244757902833,18025600
2025-05-23,447.5799865722656,451.06972434232773,446.3173323563206,447.38115987330883,16883500
2025-05-27,458.02923583984375,458.2877438900054,453.48562310372705,453.8435596609756,20974300
2025-05-28,454.718505859375,459.8487079553447,454.29099660337516,458.5562282330538,17086300
2025-05-29,456.0308837890625,459.05333474747385,452.68035209769624,458.884303233251,13974800
2025-05-30,457.7011413574219,459.0135248792732,452.90900269221845,457.0648535034259,34770500
2025-06-02,459.3018798828125,459.44105553120437,454.2512329224997,454.49978904014216,16626500
2025-06-03,460.2961120605469,461.4593680607732,458.1982826150306,458.8047753297213,15743800
2025-06-04,461.1908874511719,463.00038321907994,460.3457906064832,461.3201414833542,14162700
2025-06-05,464.9788818359375,466.93750520910584,461.3499686746429,462.2745901279283,20131700
2025-06-06,467.6632995605469,470.6061954238558,466.0725343793748,467.37496597576217,15285600
2025-06-09,470.0196228027344,470.69568816704816,465.9134708467471,466.98725027602023,16469900
2025-06-10,468.2001953125,470.06931180763127,464.26304461137784,468.4686249933991,15375900
2025-06-11,469.8903503417969,472.72389606625393,466.9474544926898,467.30536072753216,16399200
2025-06-12,476.104248046875,477.6453141185156,470.7851412769109,472.2764779222473,18950600
2025-06-13,472.2168273925781,476.4124557062983,470.0295518485209,473.6584649544854,16814500
2025-06-16,476.3727111816406,477.91374692205306,472.25660744971805,472.4653860858625,15626100
2025-06-17,475.279052734375,475.97499162724574,471.3419021646973,472.65428568792316,15414100
2025-06-18,477.4663391113281,478.2219594008936,471.71972301658775,475.2392860574369,17526500
2025-06-20,474.64276123046875,480.667759158903,474.1158234691147,479.44488246554124,37576200
2025-06-23,483.19305419921875,484.9329468840925,469.78097686904323,475.4480376949825,24864000
2025-06-24,487.2793273925781,489.009298556199,483.9884469122188,486.1260537385937,22305600
2025-06-25,489.4268493652344,491.70363180611855,486.5635084927723,489.1981971647186,17495100
2025-06-26,494.57696533203125,495.1635541172166,489.9637493151316,490.13278082199906,21578900
2025-06-27,493.07568359375,496.4162632322767,490.1824867596744,494.6763704185467,34539200
2025-06-30,494.5372009277344,497.86785899517616,492.4691970236715,494.1693427257206,28369000
2025-07-01,489.2081298828125,495.17347659984546,488.14433277768,493.602615314542,19945400
2025-07-02,488.2536926269531,490.6497772469701,485.87751191483574,487.1600396387865,16319600
2025-07-03,495.9589538574219,497.2415119784696,490.59014753996934,490.9580057562307,13984800
2025-07-07,494.84539794921875,495.8694479262707,492.36978876052433,494.50736527479916,13981600
2025-07-08,493.7517395019531,495.3226311177228,491.25622643335066,494.36815380384166,11846600
2025-07-09,500.6019592285156,503.8530622357068,496.85371365827956,497.41047691930333,18659500
2025-07-10,498.58367919921875,501.52657502305914,494.87521114411277,500.14458849842043,16492100
2025-07-11,500.4130554199219,502.1131707269345,494.9249170598048,495.59106078877636,16459500
2025-07-14,500.1147766113281,501.05930198422453,498.1362796464767,498.6234399223271,12058800
2025-07-15,502.89862060546875,505.36427783294863,499.88612172349406,500.11477392946824,14927200
2025-07-16,502.6997375488281,503.7933904598671,498.99129994586445,502.26227638441253,15154400
2025-07-17,508.7446594238281,510.40499725185873,502.6997578215743,502.75940886082554,17503100
2025-07-18,507.10418701171875,511.6677041033988,504.499323712682,511.50859420333654,21209700
2025-07-21,507.1141052246094,509.132409924825,502.630143381304,503.7834473494323,14066800
2025-07-22,502.3517761230469,508.2475501614973,502.3517761230469,508.01886761548803,13868600
2025-07-23,502.9483337402344,503.8630336136484,497.80821016060554,503.8232561388069,16396600
2025-07-24,507.92938232421875,510.70324664183266,504.370041868975,505.83155299665924,16107000
2025-07-25,510.74310302734375,515.2966076642933,507.41241445610984,509.51021364184703,19125700
2025-07-28,509.5400390625,512.0256002286585,507.17377997770546,511.110930710653,14308000
2025-07-29,509.6096496582031,514.6304711522027,508.60547322287385,512.5525759685828,16469200
2025-07-30,510.2757568359375,512.9701269930791,506.49771598970693,512.1946027794743,26380400
2025-07-31,530.4187622070312,552.2420017670738,528.8280273057109,552.0232408256204,51617300
2025-08-01,521.0830078125,532.7054950837879,517.8517780654563,531.9101275902764,28977600
2025-08-04,532.54638671875,535.141297909759,525.0797515616827,525.218957545317,25349000
2025-08-05,524.701904296875,534.196734767709,524.194840165689,534.077432699505,19171600
2025-08-06,521.908203125,528.6291703469228,521.0034855448089,527.8338028961505,21355700
2025-08-07,517.8319091796875,525.0400367197672,514.5608717763297,523.757448292983,16079100
2025-08-08,519.0249633789062,521.629826851029,516.4101479520375,519.5817267008259,15531000
2025-08-11,518.7565307617188,524.5429245664681,516.7183220142601,519.2834381856256,20194400
2025-08-12,526.183349609375,527.9132904806338,519.6811434112465,520.7250669698358,18667000
2025-08-13,517.5734252929688,529.6234217995657,516.3703917601634,529.0368026236954,19619200
2025-08-14,519.4623413085938,522.9123315064297,517.1358902118243,519.5418962511537,20269100
2025-08-15,517.1657104492188,523.0614541020369,516.0820397908819,519.7507304052322,25213300
2025-08-18,514.1134033203125,519.8003983365775,511.0512359172718,518.5775217659684,23760600
2025-08-19,506.8258056640625,512.1846598699071,505.61285057663105,512.0256106523992,21481000
2025-08-20,502.7991943359375,508.0486982628479,501.52658824278717,506.925219770199,27723000
2025-08-21,502.15185546875,505.5278315490841,500.6381609615915,501.6041452591809,18443300
2025-08-22,505.1295166015625,508.6150227226763,500.32946944945456,502.1618461633245,24324200
2025-08-25,502.17181396484375,506.0855321115255,502.0323791323648,504.5319946732823,21638600
2025-08-26,499.96099853515625,502.88882606141556,496.4456179190968,502.2713680297872,30835700
2025-08-27,504.6415100097656,505.1892506185915,497.82983904056124,499.9211487290224,17277900
2025-08-28,507.5295104980469,508.9734875719172,503.4066403395377,504.9900522378754,18015600
2025-08-29,504.59173583984375,507.4896888132377,502.40083415821226,506.5535790393771,20961600
2025-09-02,503.0282287597656,503.90458943006223,494.75264396148896,498.3974910813857,18128000
2025-09-03,503.2572937011719,505.68719181229375,500.2398424947412,501.70375627159575,16345100
2025-09-04,505.866455078125,506.04570238922344,501.0664078062513,502.2116394820944,15509500
2025-09-05,492.9501647949219,509.8498918622262,490.3310509759443,506.9619070760115,31994800
2025-09-08,496.13690185546875,499.1244784694731,492.9800158612091,496.04724781279185,16771000
2025-09-09,496.3460388183594,500.17013335375145,495.6389875077243,499.3535217605099,14410500
2025-09-10,498.29791259765625,501.1460848531792,494.6630336933239,500.8971201283455,21611800
2025-09-11,498.9352722167969,501.08633106619584,495.8182290284252,500.17012751524385,18881600
2025-09-12,507.7884521484375,510.42747218178897,501.7635178992086,504.55191069082485,23624900
2025-09-15,513.225830078125,513.3353599697668,504.9004642300766,506.68306017742736,17143800
2025-09-16,506.9320068359375,515.0880630075219,506.4938265025834,514.7395367165727,19711900
2025-09-17,507.9079284667969,509.1726886784055,503.8348693472275,508.5054498653079,15816600
2025-09-18,506.3444519042969,510.9453149965379,505.55771489166153,509.37184097126715,18913700
2025-09-19,515.78515625,517.1494779837726,508.1967168320822,508.44568153944795,52474100
2025-09-22,512.319580078125,515.5959337012963,510.4174557013089,513.4548737162081,20009300
2025-09-23,507.1212463378906,512.4590659268906,505.2091838485409,511.67229848312854,19799600
2025-09-24,508.0373840332031,510.35772177145367,504.82077941210207,508.26644250853604,13533700
2025-09-25,504.9303283691406,507.89799878212006,502.94857891661616,506.1950582100621,15786500
2025-09-26,509.34197998046875,511.8117209714621,504.52202659403474,507.94778361103766,16213100
2025-09-29,512.4689331054688,514.7096154882738,506.77264973451184,509.3817950243417,17617800
2025-09-30,515.8051147460938,516.0142062084105,507.54943619028296,511.11459757878936,19728200
2025-10-01,517.557861328125,518.3545363078492,509.5710533372991,512.6681599915194,22632300
2025-10-02,513.604248046875,519.439966484546,508.5652045551738,515.496404228155,21222900
2025-10-03,515.20751953125,518.3345307125708,512.8672756929882,514.9585548343116,15112300
2025-10-06,526.3811645507812,528.8309994124726,516.0541122577388,516.4623876768178,21388600
2025-10-07,521.8101196289062,527.6060256392368,519.2806599401652,526.1022689962125,14615200
2025-10-08,522.676513671875,524.7678538085896,520.923853084141,521.1130687043808,13363400
2025-10-09,520.2366943359375,522.158694647609,515.2574000210162,520.1769452354545,18343600
2025-10-10,508.84405517578125,521.4118200258811,507.5195762105422,517.4881335274953,24133800
2025-10-13,511.9212341308594,514.2714464494894,509.56105349845876,514.2714464494894,14284200
2025-10-14,511.4432373046875,513.1461778212379,503.9045785101632,508.11707238992415,14684300
2025-10-15,511.3038024902344,515.0482414945574,507.888013925759,512.8274957075639,14694700
2025-10-16,509.4913330078125,514.7096236704256,506.02576365101777,510.4573477017149,15559600
2025-10-17,511.4532470703125,513.3453425707617,505.2091921192977,506.93203901166436,19867800
2025-10-20,514.6498413085938,516.5519656323323,511.30377036778043,512.4788764440519,14665600
2025-10-21,515.5162963867188,516.5420602391357,510.91543308707116,515.3569857054445,15586200
2025-10-22,518.3843994140625,523.0549803520576,515.5661623300699,518.9919195722497,18962700
2025-10-23,518.404296875,521.7802730707533,516.4623598997719,520.2964530626382,14023500
2025-10-24,521.441650390625,523.1744351060786,518.5536961256696,520.6250388201142,15532400
2025-10-27,529.3189697265625,532.3662956890146,526.819354031342,529.577902779321,18734700
2025-10-28,539.8252563476562,551.4269763883988,538.5306518978505,547.7224103521172,29986700
2025-10-29,539.307373046875,544.0078586434945,534.507325873603,542.6833492925585,36023000
2025-10-30,523.582763671875,532.7545848667123,519.9578228356851,528.2831883129468,41023100
2025-10-31,515.6656494140625,527.1279940743384,512.9668501497666,526.6898137654194,34006400
2025-11-03,514.888916015625,522.7860691817526,512.4590180581705,517.657371934483,22374700
2025-11-04,512.2001342773438,513.4150529816625,505.73698923396887,509.6407695643784,20958700
2025-11-05,505.0597839355469,512.6980347767452,504.4821687767013,511.17434154282535,23024300
2025-11-06,495.04144287109375,503.6058351018555,493.75677643867937,503.5659922381216,27406500
2025-11-07,494.7626037597656,497.31199999791255,491.2073803526309,494.89207027354036,24019800
2025-11-10,503.9045715332031,504.7510576229119,496.73437575016374,497.9692613740871,26101500
2025-11-11,506.573486328125,507.48968986721945,500.26971300797675,502.70954902224156,17980000
2025-11-12,509.0233154296875,509.5511194130969,497.05307240824305,507.2506574723947,26574900
2025-11-13,501.205810546875,511.3735209246628,499.2140928412288,508.1967287528611,25273100
2025-11-14,508.0672607421875,509.4813936811572,495.3800287197931,496.166765720741,28505700
2025-11-17,505.3883972167969,509.9992285471841,502.8190947602184,506.34444359286346,19092800
2025-11-18,491.74517822265625,500.89712400975867,484.76419755903834,493.31862192366924,33815100
2025-11-19,485.1027526855469,493.13934080841636,480.8305097576304,488.0704229659532,23245300
2025-11-20,477.3404846191406,492.4460215630244,474.41716428973194,491.5879641710541,26802500
2025-11-21,471.04486083984375,477.8293938228302,467.20362215472323,477.4103368698009,31769200
2025-11-24,472.92059326171875,475.8139832068258,466.9542001322548,473.9183160323131,34421000
2025-11-25,475.90374755859375,478.0588322743821,463.8313270788984,472.9904142849383,28019800
2025-11-26,484.3943786621094,487.1979770584782,480.10418316215106,485.2025316262965,25709100
2025-11-28,490.88958740234375,491.5081706450152,485.54177754838196,486.48962635446395,14386700
2025-12-01,485.6315612792969,488.7444513856018,483.5463243869077,487.32770213243884,23964000
2025-12-02,488.8841552734375,492.3761849539621,485.2125428025972,485.6116258193264,19562700
2025-12-03,476.64208984375,483.13724409881166,474.1178525596479,475.23529714339696,34615100
2025-12-04,479.7449951171875,480.2239129901724,475.40489514051177,478.6674679630734,22318200
2025-12-05,482.0597229003906,482.299166614698,477.78947078944657,481.4211657314621,22608700
2025-12-08,489.9018249511719,491.17890888246444,483.2769615726175,483.7858099301447,21965900
2025-12-09,490.8995361328125,490.99931449735556,487.3875630167038,487.9862027558801,14696100
2025-12-10,477.4701843261719,483.14722906115725,473.99809828560024,482.92772884397027,35756200
2025-12-11,482.3690185546875,484.92318635563356,474.7763326037194,475.5445986070271,24669200
2025-12-12,477.4402770996094,481.3513637649093,475.2552617920193,478.72734800157895,21248100
2025-12-15,473.73870849609375,479.6252664455081,471.44392797474177,479.0066832317436,23727700
2025-12-16,475.3051452636719,476.80172935648005,469.8076832860371,470.8353364785088,20705600
2025-12-17,475.0357360839844,478.9069051052783,473.9182915104317,475.8239455574328,24527200
2025-12-18,482.87786865234375,488.4850656489584,476.8017407441929,477.10104539067044,28573500
2025-12-19,484.8134460449219,486.73904362092316,481.39123391446003,486.2501387748106,70836100
2025-12-22,483.81573486328125,487.6170561484318,481.5908021440126,485.01298390813173,16963000
2025-12-23,485.7413330078125,486.71908182827985,483.63612214595605,483.8755963136496,14683600
2025-12-24,486.90863037109375,488.04604888584674,483.7258924615979,484.5739628623746,5855900
2025-12-26,486.599365234375,487.00843522519267,484.85335038112265,485.601642461088,8842200
2025-12-29,485.9907531738281,487.23790659993216,483.0773893732932,483.7558335295542,10893400
2025-12-30,486.3699035644531,488.56487537463653,484.39440153201394,484.82341501264875,13944500
2025-12-31,482.5186767578125,487.0284031238816,482.1993981667827,486.7290680267604,15601600
2026-01-02,471.8630065917969,483.5563186075122,469.0893385249197,483.2869444224563,25571600
2026-01-05,471.773193359375,474.9858617296903,468.4308161640092,472.98042932285466,25250300
2026-01-06,477.4203186035156,477.64977534720424,468.68025764779384,472.72102257015473,23037700
2026-01-07,482.3690185546875,488.5848422406915,476.86159994291296,478.6674756822987,25564200
2026-01-08,477.0212097167969,481.5608665012806,474.7763335277468,480.14408679814625,18162600
2026-01-09,478.1885681152344,478.72734693664125,471.1247042989064,472.9804540365218,18491000
2026-01-12,476.09332275390625,479.89464390147504,474.59673866594744,475.5845048686955,23519900
2026-01-13,469.5981750488281,474.6965236309785,464.888922501957,473.5990225282599,28545800
2026-01-14,458.3338928222656,467.13381499707015,456.1289340170423,465.39775666549855,28184300
2026-01-15,455.6200866699219,463.1927988881192,454.8618076165624,463.0630900555096,23225800
2026-01-16,458.8127746582031,462.13520850615447,455.4404972994736,456.78739866953146,34246700
2026-01-20,453.48492431640625,455.7597309230742,448.2568669541529,450.1924514863621,26130000
2026-01-21,443.0986328125,451.65911099901973,437.68100562513575,451.56931960591265,37980500
2026-01-22,450.1126403808594,451.8087507279656,443.6873036586902,446.600636936346,25349400
2026-01-23,464.888916015625,470.0271819611143,449.50401819491054,450.8409629929935,38000200
2026-01-26,469.20904541015625,473.1700058760031,460.94790240319116,464.25036221183507,29291200
2026-01-27,479.485595703125,481.7703893732875,472.0825097961169,472.62128861771004,29213900
2026-01-28,480.533203125,482.63838346935967,476.9114647448887,482.10959164059926,36875400
2026-01-29,432.5128173828125,441.49232224197124,420.06122635013605,438.98802836564175,128855300
2026-01-30,429.31011962890625,438.5989157576861,425.47886802078926,438.1699022937122,58566800
2026-02-02,422.4058837890625,429.7590957240154,421.28843915961005,429.2602343395754,42219900
2026-02-03,410.2735595703125,421.0888704228976,407.6296003977664,421.0489834358989,61424100
2026-02-04,413.2467956542969,418.84400576689177,408.3080557741746,410.0640575889883,45012400
2026-02-05,392.7735290527344,407.37018733348754,391.4265972483441,406.51216038211834,66289200
2026-02-06,400.22650146484375,400.87501513504304,392.0252195920243,398.2609865133262,53515300
2026-02-09,412.65814208984375,413.94521298339265,399.9571203178888,403.9280678877113,45480500
2026-02-10,412.328857421875,422.7151545880433,411.76017861216997,418.66440278178237,44857900
2026-02-11,403.4491271972656,415.51159110220135,400.096793508188,415.2322299614449,42491000
2026-02-12,400.9248962402344,405.2749831551046,397.1036315998776,404.07770370563327,40802400
2026-02-13,400.4060974121094,404.61648859375555,397.1435245648219,403.528974460687,34091600
2026-02-17,395.95623779296875,399.60790672873594,393.6315571718042,398.31087932693146,32078800
2026-02-18,398.69000244140625,401.6432531481791,395.41747315874426,397.2233488345012,23223400
2026-02-19,398.4599914550781,404.42999267578125,396.6700134277344,400.69000244140625,28234000
2026-02-20,397.2300109863281,400.1199951171875,395.1600036621094,396.1099853515625,34015200
2026-02-23,384.4700012207031,395.3599853515625,383.1000061035156,395.0,43238300
2026-02-24,389.0,389.3599853515625,381.7099914550781,384.1400146484375,33884700
2026-02-25,400.6000061035156,401.4700012207031,390.1600036621094,390.5299987792969,43625500
2026-02-26,401.7200012207031,407.489990234375,398.739990234375,404.7099914550781,34405900
2026-02-27,392.739990234375,396.82000732421875,389.8800048828125,390.8800048828125,51367200
2026-03-02,398.54998779296875,401.19000244140625,390.6300048828125,392.8599853515625,35474900
2026-03-03,403.92999267578125,406.70001220703125,392.6700134277344,393.1400146484375,38199200
2026-03-04,405.20001220703125,411.0299987792969,400.30999755859375,401.2699890136719,35808000
2026-03-05,410.67999267578125,411.6099853515625,404.3999938964844,404.4200134277344,39001300
2026-03-06,408.9599914550781,413.04998779296875,408.510009765625,409.20001220703125,31123900
2026-03-09,409.4100036621094,410.2099914550781,403.5,404.9200134277344,30131900
2026-03-10,405.760009765625,410.20001220703125,402.92999267578125,410.0299987792969,31706400
2026-03-11,404.8800048828125,409.010009765625,401.5899963378906,405.57000732421875,25512100
2026-03-12,401.8599853515625,406.1199951171875,401.7099914550781,404.6300048828125,27263900
2026-03-13,395.54998779296875,404.79998779296875,394.25,401.0,26848000
2026-03-16,399.95001220703125,400.6300048828125,394.7900085449219,398.07000732421875,27733700
2026-03-17,399.4100036621094,404.3999938964844,397.75,400.2699890136719,26228300
2026-03-18,391.7900085449219,398.0,391.0,397.1300048828125,25908500
2026-03-19,389.0199890136719,392.489990234375,387.05999755859375,390.1000061035156,25138800
2026-03-20,381.8699951171875,387.0,380.1199951171875,386.7900085449219,50853200
2026-03-23,383.0,387.2099914550781,381.67999267578125,383.8999938964844,29680100
2026-03-24,372.739990234375,382.4700012207031,371.8500061035156,382.3599853515625,42733600
2026-03-25,371.0400085449219,377.05999755859375,369.6300048828125,376.9200134277344,31181200
2026-03-26,365.9700012207031,374.7200012207031,365.19000244140625,370.82000732421875,36836600
2026-03-27,356.7699890136719,362.45001220703125,356.510009765625,361.8999938964844,37883400
2026-03-30,358.9599914550781,365.3599853515625,356.2799987792969,361.8999938964844,44797000
2026-03-31,370.1700134277344,372.8999938964844,363.07000732421875,364.54998779296875,45244400
2026-04-01,369.3699951171875,373.989990234375,368.20001220703125,373.489990234375,29417200
2026-04-02,373.4599914550781,373.6400146484375,364.1499938964844,367.2099914550781,24099100
2026-04-06,372.8800048828125,373.7300109863281,369.5,373.489990234375,16146600
2026-04-07,372.2900085449219,372.45001220703125,366.55999755859375,370.3399963378906,21443300
2026-04-08,374.3299865722656,385.0,371.4100036621094,384.9800109863281,33064800
2026-04-09,373.07000732421875,373.5,367.04998779296875,372.5,30435300
2026-04-10,370.8699951171875,375.6400146484375,370.0299987792969,372.9800109863281,28111100
2026-04-13,384.3699951171875,384.5400085449219,371.0199890136719,373.6099853515625,35745800
2026-04-14,393.1099853515625,394.69000244140625,386.5199890136719,387.9200134277344,37504500
2026-04-15,411.2200012207031,414.3699951171875,396.7300109863281,398.0,45063400
2026-04-16,420.260009765625,420.82000732421875,412.1400146484375,419.8599853515625,41642400
2026-04-17,422.7900085449219,431.5799865722656,420.69000244140625,424.82000732421875,48568200
2026-04-20,418.07000732421875,423.3299865722656,416.29998779296875,421.1499938964844,27582200
2026-04-21,424.1600036621094,427.17999267578125,417.20001220703125,420.239990234375,32048500
2026-04-22,432.9200134277344,433.70001220703125,423.6700134277344,426.19000244140625,29378200
2026-04-23,415.75,423.6600036621094,411.4100036621094,419.8900146484375,38308000
2026-04-24,424.6199951171875,424.95001220703125,415.79998779296875,416.9700012207031,27457400
2026-04-27,424.82000732421875,427.1099853515625,417.07000732421875,422.3800048828125,30867300
2026-04-28,429.25,429.9200134277344,421.8999938964844,424.57000732421875,30438100
2026-04-29,424.4599914550781,426.82000732421875,420.2900085449219,424.5799865722656,38288300
2026-04-30,407.7799987792969,414.4200134277344,398.010009765625,410.80999755859375,70909400
2026-05-01,414.44000244140625,417.1099853515625,410.44000244140625,412.79998779296875,31330100
2026-05-04,413.6199951171875,420.7799987792969,410.79998779296875,411.5400085449219,26572430
