Date,Close,High,Low,Open,Volume
2020-01-02,5.970754623413086,5.970754623413086,5.891363982921088,5.941885342751538,237536000
2020-01-03,5.875185966491699,5.918988068029837,5.826157518294826,5.851045086775378,205384000
2020-01-06,5.899825572967529,5.905051920734205,5.755727427577195,5.781859166410573,262636000
2020-01-07,5.97125244140625,6.017045403475826,5.883150748902034,5.928197022093987,314856000
2020-01-08,5.982451915740967,6.023765219861093,5.926952946804154,5.967021611212417,277108000
2020-01-09,6.048154830932617,6.1205774820472,5.994397977935121,6.068811482955992,255112000
2020-01-10,6.080508232116699,6.185782344219764,6.06632256758394,6.155419686593314,316296000
2020-01-13,6.271146297454834,6.296282606868379,6.140984617283319,6.16363259678268,319840000
2020-01-14,6.1541748046875,6.253724606953968,6.140984093935381,6.22833908695966,359088000
2020-01-15,6.111616611480713,6.189265596413675,6.085733616503059,6.166866832502594,263104000
2020-01-16,6.195239067077637,6.201212102853012,6.141730957829296,6.165125150161636,284192000
2020-01-17,6.203948974609375,6.221868079998157,6.1564139062757155,6.214401667413449,253792000
2020-01-21,6.170600414276123,6.204198560894106,6.13650431691283,6.16736492115884,217916000
2020-01-22,6.224607944488525,6.3112162741432725,6.196982824716818,6.2158973639020445,239240000
2020-01-23,6.293046951293945,6.301508791795194,6.175827247965222,6.264675623846474,244516000
2020-01-24,6.2338151931762695,6.4583003373897805,6.179560391908617,6.408525194546055,373512000
2020-01-27,5.97797155380249,6.0289908580944,5.779618159624937,5.929191841222907,470536000
2020-01-28,6.171349048614502,6.203702565914356,5.990665498811657,6.043924884260092,310976000
2020-01-29,6.110871315002441,6.19299997011159,6.071050915088323,6.1569130145371735,258848000
2020-01-30,6.117589950561523,6.131029399451764,5.958061527643845,6.01306253868388,290504000
2020-01-31,5.884145736694336,6.083743301311046,5.842334960195534,6.071797229542552,370420000
2020-02-03,5.981208324432373,6.000620338642555,5.859757205155272,5.865978980238484,255564000
2020-02-04,6.1504411697387695,6.169604915500799,6.073041396690385,6.123065271647515,271544000
2020-02-05,6.240784645080566,6.281600002852796,6.1574113388102445,6.271396044736984,208220000
2020-02-06,6.327640533447266,6.327640533447266,6.193995099773727,6.27512832406216,218284000
2020-02-07,6.261441230773926,6.309723003033855,6.236055704809275,6.287572971010172,189752000
2020-02-10,6.5446600914001465,6.545406305582232,6.279110375824013,6.284087985183651,529608000
2020-02-11,6.667105197906494,6.781836561422516,6.5909495893900365,6.652919535414561,638556000
2020-02-12,6.782832622528076,6.789303609316135,6.6810427471678455,6.719867243823403,374644000
2020-02-13,6.7390313148498535,6.806227621791376,6.6974692706660415,6.724845649351327,528016000
2020-02-14,7.212141990661621,7.341059034322316,7.117818524879411,7.149176609223402,1041924000
2020-02-18,7.38087797164917,7.39929502877194,7.089445772386045,7.108857781612772,620164000
2020-02-19,7.832088947296143,7.849759318235343,7.503325584326226,7.503325584326226,694332000
2020-02-20,7.682764530181885,7.872406892694111,7.375404030472952,7.784056461298665,810052000
2020-02-21,7.318660259246826,7.595658094730664,7.2337940614080205,7.570521784732128,768180000
2020-02-24,6.8012495040893555,7.015033220439057,6.669843655720504,6.724347196251177,856916000
2020-02-25,6.521762847900391,6.9383791289907055,6.419972975741394,6.876409179119824,1055496000
2020-02-26,6.661132335662842,6.855254805834206,6.52051844783171,6.522011350712756,747732000
2020-02-27,6.2903361320495605,6.6489302455680726,6.197948305148538,6.347611445500659,906416000
2020-02-28,6.725381374359131,6.784898103552778,6.021142747479022,6.037827190608867,1133252000
2020-03-02,6.883759498596191,6.912646518267532,6.4995162543980625,6.895463828543595,890744000
2020-03-03,6.62129020690918,6.9993080317615535,6.535874989755317,6.9395424109328125,652792000
2020-03-04,7.0849714279174805,7.094434352559706,6.653911295478629,6.728618670281707,597408000
2020-03-05,6.805566787719727,7.052349007113652,6.7609913459099165,6.885503158817926,540328000
2020-03-06,6.625024795532227,6.683545501636067,6.424809580590504,6.626020817874118,515412000
2020-03-09,6.112034797668457,6.459671686540949,5.931243723511115,5.974075523944306,614160000
2020-03-10,6.501508712768555,6.501508712768555,6.125732346102121,6.38845186990878,580648000
2020-03-11,6.137685775756836,6.389946856189542,6.040566703714004,6.361558080137427,499964000
2020-03-12,5.386630058288574,5.879945599168345,5.373929705464922,5.614486423807878,816540000
2020-03-13,5.997485637664795,6.001967976075731,5.468808617563975,5.739995078662353,634836000
2020-03-16,4.890824794769287,5.6304254089305035,4.8310591701357986,5.289511654181511,726972000
2020-03-17,5.410536289215088,5.499936062141312,4.756351479681672,5.003133705903673,833632000
2020-03-18,5.05069637298584,5.228001143281701,4.499358442377343,4.982962115786236,874268000
2020-03-19,5.303456783294678,5.397089536939655,4.815868441215396,5.029281317213403,765512000
2020-03-20,5.123661041259766,5.735511767463592,5.108221508815818,5.453617044388222,804636000
2020-03-23,5.296482563018799,5.3908629073250784,4.943616178155513,5.122664106908183,643876000
2020-03-24,6.205170631408691,6.2918312232495754,5.678983959481302,5.702641033345908,1101644000
2020-03-25,6.116517543792725,6.519935497420141,6.067708657505267,6.320218564952922,793432000
2020-03-26,6.405883312225342,6.529896863520589,6.225589994205439,6.323705068326,696108000
2020-03-27,6.293574333190918,6.552309772659619,6.192719592793357,6.225590704111467,638828000
2020-03-30,6.613818645477295,6.623032683251805,6.314990097114926,6.359067291374254,602252000
2020-03-31,6.564263343811035,6.858111316861136,6.418584266504884,6.653911531793764,949960000
2020-04-01,6.053016185760498,6.512713898665379,6.008441225474887,6.36628819159101,656912000
2020-04-02,6.361806869506836,6.375004996448508,6.034091777591289,6.082153060595825,675764000
2020-04-03,6.073935508728027,6.365790946733612,5.936474454401283,6.324204046373109,663212000
2020-04-06,6.683794021606445,6.720649696082763,6.2985542597634785,6.356078940367916,727884000
2020-04-07,6.450459957122803,6.929083661123722,6.407378779528789,6.9054261089903335,784520000
2020-04-08,6.647686004638672,6.672588463674239,6.489555935983957,6.559531613136199,542444000
2020-04-09,6.548076152801514,6.796352639085369,6.485073111903276,6.7734427014723,525564000
2020-04-13,6.719902992248535,6.728618781540111,6.399907656900976,6.4883109339869005,398408000
2020-04-14,7.07102632522583,7.105142347092595,6.82050841584251,6.848150054899666,530948000
2020-04-15,6.993579387664795,7.076504300320507,6.857612606318215,6.9029347084421175,366148000
2020-04-16,7.338724613189697,7.445804826857792,7.1357707407464535,7.148968864880143,745620000
2020-04-17,7.2794575691223145,7.442318827528115,7.1454828529653955,7.420902688891552,539120000
2020-04-20,7.148223400115967,7.308843758155547,7.1038973186254335,7.152955099952114,449388000
2020-04-21,6.711435794830322,7.091445616166111,6.651670181611287,7.030186206973382,735160000
2020-04-22,7.1258111000061035,7.168643384661599,6.858110983321336,6.903681973130234,483356000
2020-04-23,7.072519302368164,7.29987788446425,7.047367959603796,7.167895675399219,424160000
2020-04-24,7.211474895477295,7.213466940038057,6.987602620072734,7.062309990799621,352328000
2020-04-27,7.3979949951171875,7.557868235493159,7.321295566640802,7.345949140962652,479388000
2020-04-28,7.255552768707275,7.5752992244995125,7.250074408163372,7.545416178407989,442904000
2020-04-29,7.432359218597412,7.485152200070191,7.315068924983544,7.390274070522347,379160000
2020-04-30,7.2784624099731445,7.432359012301626,7.2645171482702215,7.378320648227945,375916000
2020-05-01,7.0418901443481445,7.194292483570223,6.993579499567315,7.080986751472618,342096000
2020-05-04,7.253808498382568,7.267504872616787,6.994574835078078,6.994574835078078,317556000
2020-05-05,7.314820766448975,7.477433178045729,7.25380976375586,7.357901941109124,368896000
2020-05-06,7.415673732757568,7.520513027172209,7.356406373420387,7.39425806760454,323464000
2020-05-07,7.591982841491699,7.655234767610334,7.503579572014176,7.554878280997428,373732000
2020-05-08,7.781988620758057,7.788214116659685,7.629835164045799,7.663702298727556,339216000
2020-05-11,8.034000396728516,8.080816769532566,7.748369985297888,7.777007644992657,469060000
2020-05-12,7.772026538848877,8.140581362852945,7.762314728379577,8.091772948717608,493060000
2020-05-13,7.74961519241333,8.046948977792091,7.56508841049822,7.8865779921689985,625852000
2020-05-14,7.999137878417969,8.0046162389776,7.65747702951931,7.811124761788539,602312000
2020-05-15,8.45759105682373,8.467302394602049,7.843249435093587,7.858937857612312,987660000
2020-05-18,8.716073989868164,8.881674894814699,8.646596579808966,8.726284047612651,774460000
2020-05-19,8.771108627319336,9.05200681717185,8.728525237656509,8.755917983642572,717320000
2020-05-20,8.934967994689941,9.007682848110791,8.854035125997962,8.955885888143905,587536000
2020-05-21,8.74098014831543,9.017146733214183,8.703377331498277,9.01615118571963,761068000
2020-05-22,8.990998268127441,9.057488103343827,8.679220949290434,8.790783051898014,1038764000
2020-05-26,8.683701515197754,9.145890013958184,8.638130530977474,9.120987084096292,770780000
2020-05-27,8.491955757141113,8.599035050610656,7.965519216479686,8.591315758387081,1175892000
2020-05-28,8.45385456085205,8.726285899870943,8.346524488362034,8.379395599557078,734896000
2020-05-29,8.840836524963379,8.840836524963379,8.451861551510003,8.521090089361191,745256000
2020-06-01,8.771854400634766,8.806219773036668,8.655560635298263,8.79874937032303,389876000
2020-06-02,8.79078197479248,8.802735191457245,8.624185501823682,8.761895905306496,391320000
2020-06-03,8.735250473022461,8.831622874015267,8.666021935863746,8.787795042920095,365440000
2020-06-04,8.736246109008789,8.912385353241994,8.647552560413976,8.69787819453533,424280000
2020-06-05,8.8892183303833,8.965952278985723,8.677950020915608,8.764151688071133,481748000
2020-06-08,8.774615287780762,8.859072050015294,8.655776508944166,8.846615376117425,387736000
2020-06-09,9.01478099822998,9.078311257559477,8.721048943535084,8.769630627027317,468488000
2020-06-10,9.334425926208496,9.467216327764026,9.121911673712983,9.136113250908178,632180000
2020-06-11,8.765896797180176,9.229291406173092,8.755682075997175,9.118425376690231,583652000
2020-06-12,8.9016752243042,9.155546372764283,8.673216375848513,9.130882024444821,570908000
2020-06-15,9.142093658447266,9.150564425960592,8.713577174373565,8.784831221668995,400004000
2020-06-16,9.037202835083008,9.234769412991046,8.808246055560947,9.193163544019576,535716000
2020-06-17,9.204129219055176,9.266911550040337,9.03895067394644,9.08230146482681,408304000
2020-06-18,9.186189651489258,9.250466921441895,9.083046458766479,9.195158418164446,254408000
2020-06-19,9.229288101196289,9.41240411476857,9.195405993409821,9.21060356951185,524160000
2020-06-22,9.493873596191406,9.49835845482481,9.241248418658067,9.267906669276206,398468000
2020-06-23,9.417390823364258,9.609226680276667,9.375037933720687,9.51804213676952,375108000
2020-06-24,9.203629493713379,9.523521851780817,9.112942971120358,9.443548049476501,449372000
2020-06-25,9.457247734069824,9.472196307970862,9.150560096630016,9.323461371515124,376072000
2020-06-26,9.123405456542969,9.4672151136185,9.093509253870403,9.4672151136185,592084000
2020-06-29,9.16825008392334,9.172734941922375,8.86928521099889,9.1381048813653,342248000
2020-06-30,9.464975357055664,9.493376613630447,9.234523546788532,9.281859291207626,367892000
2020-07-01,9.497112274169922,9.542705009505953,9.380516406718849,9.487894507092104,326648000
2020-07-02,9.579079627990723,9.703897268706609,9.545196562472253,9.605736929256501,364056000
2020-07-06,9.80529499053955,9.874555120077645,9.678982404276315,9.708131608857562,315892000
2020-07-07,9.83768367767334,10.035249358720971,9.816756237339161,9.91192667092791,357800000
2020-07-08,10.180745124816895,10.18971484215439,9.931109851071897,9.959262104406426,365480000
2020-07-09,10.472734451293945,10.533523817921163,10.19818487420453,10.344428905085344,494548000
2020-07-10,10.443085670471191,10.618477930540756,10.342932393289248,10.552207713445835,497676000
2020-07-13,10.017560005187988,10.755006067364793,9.99040375490686,10.558437354482594,457076000
2020-07-14,10.341188430786133,10.366849726213491,9.751729438645214,10.040230598743554,542676000
2020-07-15,10.191956520080566,10.396996003532037,10.02104815021368,10.378311468876817,403984000
2020-07-16,10.09977912902832,10.171530235346406,9.861354508921153,9.98044231873065,344964000
2020-07-17,10.166296005249023,10.2131337464676,10.052939034613193,10.190213351910279,266284000
2020-07-20,10.474477767944336,10.49490720598803,10.121699312228516,10.23879412998473,284852000
2020-07-21,10.29285717010498,10.523558910117604,10.251251290814393,10.47672022047995,277036000
2020-07-22,10.402727127075195,10.565911737188781,10.255985098028882,10.33172304210224,367292000
2020-07-23,10.094792366027832,10.510602112104115,9.996632039770423,10.413936738581402,411660000
2020-07-24,10.159317016601562,10.328979394077516,9.743258336277663,9.84091969584202,473292000
2020-07-27,10.385536193847656,10.405715681180023,10.182488715413822,10.196939292576193,292132000
2020-07-28,10.180245399475098,10.346170886362327,10.174017538937305,10.338448073188193,271636000
2020-07-29,10.429384231567383,10.47995887667741,10.31129340937831,10.354892241369713,284508000
2020-07-30,10.577374458312988,10.586343227031168,10.259723992725158,10.339198859238788,308880000
2020-07-31,10.578120231628418,10.729347131097473,10.39699712310846,10.52679762994463,386080000
2020-08-03,10.972253799438477,11.06044840939836,10.678271766238865,10.69546229744022,412720000
2020-08-04,11.189001083374023,11.189001083374023,10.868361805258402,11.01186489169552,310336000
2020-08-05,11.247800827026367,11.332507541797073,11.127717043617789,11.205198944403296,249924000
2020-08-06,11.296380996704102,11.31880338730458,11.14017221407124,11.310581622328327,244316000
2020-08-07,11.16085147857666,11.465048251791373,10.999410824519805,11.273461440715383,342516000
2020-08-10,11.126473426818848,11.368883949155196,10.8190376641986,11.295139890479533,427796000
2020-08-11,10.812557220458984,11.098317491574115,10.758493721569288,11.035534226796273,354512000
2020-08-12,11.400772094726562,11.427429397401577,10.920435042632398,10.952823156927446,464412000
2020-08-13,11.403510093688965,11.681298546736729,11.316561436383628,11.50615432938051,374460000
2020-08-14,11.524093627929688,11.664357841752082,11.401019946468677,11.490210564033843,366436000
2020-08-17,12.294424057006836,12.366923082983908,11.776468107391905,11.810350216026855,621300000
2020-08-18,12.218438148498535,12.45287677557738,12.044540832043971,12.40703504191184,503448000
2020-08-19,12.096611022949219,12.27250130164275,12.056250147210688,12.25406576741519,622624000
2020-08-20,12.099102020263672,12.332294707284191,11.837757080597434,11.933675460535376,921388000
2020-08-21,12.639730453491211,12.764548088001417,12.153164638813207,12.159642451084375,999868000
2020-08-24,12.676355361938477,12.867942200641345,12.46433908172463,12.839290992359269,490564000
2020-08-25,12.706000328063965,12.71721104864007,12.53035810263913,12.5871615578878,289076000
2020-08-26,12.728920936584473,12.82409136442748,12.633999509151844,12.755080235422875,321244000
2020-08-27,12.584671974182129,12.805657007560127,12.523134653364204,12.737392873510554,317604000
2020-08-28,13.102377891540527,13.10262689195199,12.598871498450452,12.631259609222237,537160000
2020-08-31,13.328346252441406,13.52815388381572,12.992758311577335,13.137257437320157,500840000
2020-09-01,13.777425765991211,13.949630647103293,13.39413750128578,13.437500302872197,511316000
2020-09-02,14.301267623901367,14.680318719031057,13.856174608412418,14.65739052033488,874012000
2020-09-03,12.97446346282959,13.840723073185023,12.838144401724493,13.78514895398756,945128000
2020-09-04,12.582704544067383,13.133462408954491,11.667847643821455,12.743445322871539,1463684000
2020-09-08,11.875442504882812,12.510434346099357,11.667350850169926,11.69750507921574,795728000
2020-09-09,12.674910545349121,12.768863107149748,12.193183586608452,12.360903188447526,736200000
2020-09-10,12.272933959960938,13.024058312072276,12.128639734136724,12.948297711708706,698684000
2020-09-11,12.126148223876953,12.612609582792775,11.858245343800984,12.446136279849737,636928000
2020-09-14,12.831666946411133,13.273021054817024,12.591427528763537,13.039759537676474,1201744000
2020-09-15,12.950042724609375,13.25682221304241,12.787307442411516,13.238131137079726,727556000
2020-09-16,12.475043296813965,13.051470091595386,12.474296072141467,12.916397348697215,556384000
2020-09-17,12.424206733703613,12.550058975439136,11.996808402477319,12.094000865150567,792512000
2020-09-18,12.15081787109375,12.592670028470243,11.950950501914122,12.554042509577428,698460000
2020-09-21,12.477785110473633,12.48301853522082,11.866966963073288,11.887402512276836,721044000
2020-09-22,12.597905158996582,12.608122933885662,12.11717634274842,12.535353135164089,646452000
2020-09-23,12.085524559020996,12.686873063926846,12.04116546463947,12.535850031127522,647012000
2020-09-24,12.309069633483887,12.529871698718129,11.976123011187333,12.034189790419692,731240000
2020-09-25,12.833161354064941,12.842880979305574,12.207142005563057,12.408255730099048,588016000
2020-09-28,12.993905067443848,13.01060259520719,12.709803724531739,12.999138493220277,573808000
2020-09-29,13.184051513671875,13.400367358569484,12.892474170877144,12.896710345478045,621460000
2020-09-30,13.48784065246582,13.579550597046405,13.108789549903188,13.11601652435821,689184000
2020-10-01,13.571577072143555,13.71935930583392,13.418311387565605,13.714624981038467,525004000
2020-10-02,13.02106761932373,13.476875649121473,13.00985259385237,13.183304746291645,552496000
2020-10-05,13.5994873046875,13.601231779612217,13.181060496314407,13.194269071030487,479820000
2020-10-06,13.693191528320312,14.09741348387712,13.621917127514193,13.786396879631232,784420000
2020-10-07,13.919973373413086,14.074734441277332,13.819790128206504,13.95561104695372,418084000
2020-10-08,13.79511833190918,14.040093944013766,13.714623411586466,14.030623394171375,378900000
2020-10-09,13.719356536865234,13.780663178589986,13.617678851729561,13.723593661635226,346892000
2020-10-12,14.18114948272705,14.301768294691879,13.868638402637721,13.945395309887523,434744000
2020-10-13,14.203330993652344,14.303265189006954,13.974554697574565,14.25142907850557,344604000
2020-10-14,14.050811767578125,14.297530937265298,13.915988081551372,14.24544575809428,276100000
2020-10-15,13.925954818725586,13.961591541202662,13.724342005426598,13.767206653022203,267224000
2020-10-16,13.767953872680664,14.076976904411488,13.749013723781008,13.992493934363518,242392000
2020-10-19,13.455195426940918,13.939413232064247,13.364481770808682,13.859167377230175,298068000
2020-10-20,13.602479934692383,13.7562437743147,13.464416371504672,13.540675128663521,229212000
2020-10-21,13.482108116149902,13.748017425435206,13.435007294119284,13.582042285326583,219596000
2020-10-22,13.318875312805176,13.568834334002846,13.19003228924796,13.479866110525936,290480000
2020-10-23,13.547402381896973,13.550393182013844,13.249345288495318,13.407594359777686,233484000
2020-10-26,13.099818229675293,13.649579792696025,12.997392352414028,13.384667711577912,336896000
2020-10-27,13.354514122009277,13.399621400164184,13.149910481987002,13.264049540110301,250520000
2020-10-28,12.587189674377441,13.218194335892415,12.569246774303116,13.156389534597933,376520000
2020-10-29,12.982938766479492,13.15115654997992,12.70980245234301,12.798023456887062,320080000
2020-10-30,12.494485855102539,12.895716139795077,12.261223355394794,12.80948962202377,416820000
2020-11-02,12.541086196899414,12.796278653138547,12.355921817146161,12.6178430986326,299652000
2020-11-03,12.9784517288208,13.063681927532116,12.563015709327276,12.668432382996889,272900000
2020-11-04,13.750760078430176,13.783906056536338,13.294952018751445,13.347037197678778,410228000
2020-11-05,14.1153564453125,14.293791998345476,13.946889592613063,14.117849095729678,319028000
2020-11-06,14.516091346740723,14.542756625411448,13.851194348548102,14.06526665473914,383348000
2020-11-09,13.587774276733398,14.645179920761693,13.567837827664581,14.506618224863628,582976000
2020-11-10,12.72973918914795,13.563601087866017,12.588435764036982,13.563601087866017,644068000
2020-11-11,13.375696182250977,13.39264278268389,12.90742679884248,13.012594400822232,404744000
2020-11-12,13.414322853088379,13.722597713712116,13.27401668464067,13.436502877183004,365812000
2020-11-13,13.25507640838623,13.625654212568513,13.018075946608024,13.584284964818861,346312000
2020-11-16,13.472639083862305,13.60646550624664,13.114521665227775,13.13096916459676,413776000
2020-11-17,13.379931449890137,13.55338264099066,13.261805306020042,13.509770768324225,312028000
2020-11-18,13.386409759521484,13.562851731669731,13.143428673187737,13.42279465375542,510924000
2020-11-19,13.39787483215332,13.44497565299042,13.05869758608169,13.171092151529422,565936000
2020-11-20,13.046487808227539,13.451955146489949,13.023808681876831,13.411583145369244,341088000
2020-11-23,13.098575592041016,13.340310447723649,12.974467813027978,13.12972707427513,361356000
2020-11-24,12.91689682006836,13.120502239825685,12.844376096717541,13.101063940439783,346500000
2020-11-25,13.193021774291992,13.227662195341338,12.97894952410503,12.99140992255428,259916000
2020-11-27,13.219439506530762,13.365229132389386,13.128975881494377,13.332831332124405,167276000
2020-11-30,13.359247207641602,13.370213157845031,12.931350792165748,13.223178161034154,286952000
2020-12-01,13.347783088684082,13.48609570066497,13.186542278368222,13.449710804119883,296948000
2020-12-02,13.501802444458008,13.63039549372547,13.192530200281796,13.3084137698895,283360000
2020-12-03,13.357709884643555,13.620955227906979,13.290901954891696,13.548662227713455,199520000
2020-12-04,13.519495964050293,13.521240954299476,13.350480107402767,13.410058924346519,202244000
2020-12-07,13.56785774230957,13.692002161308737,13.46141332691698,13.562373622565351,223244000
2020-12-08,13.311841011047363,13.55987972282517,13.243536292742638,13.546168949470523,271920000
2020-12-09,12.89378833770752,13.375656669962579,12.831466989157484,13.262481458552282,401300000
2020-12-10,12.935172080993652,13.031396655684688,12.812772649418692,12.832217643916875,207764000
2020-12-11,12.976053237915039,12.98278405020142,12.786346653479503,12.930184245172232,209264000
2020-12-14,13.270710945129395,13.350482212225353,13.040122096463001,13.050592039608777,270156000
2020-12-15,13.322312355041504,13.425515937821444,13.149059056353826,13.401335220553591,193016000
2020-12-16,13.20465087890625,13.39884408132627,13.174735939570619,13.384135760177303,223116000
2020-12-17,13.303117752075195,13.341258393471877,13.140832689289908,13.328544212374,231384000
2020-12-18,13.2340669631958,13.366686251250297,13.033142941006943,13.340760540292104,342064000
2020-12-21,13.294140815734863,13.331783154794788,12.930433506327743,13.037377156557108,302332000
2020-12-22,13.240296363830566,13.299127738654636,13.016687499991681,13.2811795382145,185580000
2020-12-23,12.972067832946777,13.23705822199878,12.967830405935214,13.218112472817584,179144000
2020-12-24,12.956609725952148,13.094963214418865,12.901767578496214,12.999985337124272,97884000
2020-12-28,12.863128662109375,13.025164582752689,12.726770253169589,13.025164582752689,212564000
2020-12-29,12.906254768371582,13.035135865574905,12.80554361813499,12.88805741816548,170372000
2020-12-30,13.108176231384277,13.175981710757751,12.859888338350087,12.953120278145812,225396000
2020-12-31,13.017685890197754,13.113411217008528,12.878085702431163,13.09895299632336,192424000
2021-01-04,13.076016426086426,13.613476275130822,12.92544801691905,13.066793177906842,560640000
2021-01-05,13.366435050964355,13.405073987470002,13.049593299152141,13.062306528679214,322760000
2021-01-06,12.578442573547363,13.207140183326443,12.550024433960509,13.18470445961902,580424000
2021-01-07,13.305859565734863,13.33951363281077,12.849667703065894,12.930435562151088,461480000
2021-01-08,13.238800048828125,13.382637648539365,13.00472125127349,13.324305523719442,292528000
2021-01-11,13.582564353942871,13.921094354023303,13.324304853864655,13.380393688627079,518344000
2021-01-12,13.446205139160156,13.715184682231852,13.30685507063491,13.71318959260482,291476000
2021-01-13,13.493072509765625,13.58605625119282,13.346742461050818,13.451441887632267,210028000
2021-01-14,13.162520408630371,13.5608784418514,13.142827216100367,13.536199426324881,283120000
2021-01-15,12.822742462158203,13.287160908242996,12.811774223969556,13.19018890190963,277780000
2021-01-19,12.988019943237305,13.056572862335285,12.807287445364308,12.979044892252457,226188000
2021-01-20,13.327547073364258,13.392111717368742,13.019430270891426,13.07427241809494,258572000
2021-01-21,13.827862739562988,13.959236264193995,13.21511912323299,13.380145761603893,337780000
2021-01-22,13.67330551147461,13.802186604239331,13.588299278392899,13.700727061039379,246820000
2021-01-25,13.61422348022461,13.788972601299603,13.198664758310809,13.742356162385255,251112000
2021-01-26,13.3968505859375,13.605751168595487,13.349236589990353,13.541684811076909,163980000
2021-01-27,12.88082504272461,13.194924198600733,12.757178948272466,13.192181663865608,371272000
2021-01-28,13.01369857788086,13.301623948118564,12.923457357662423,12.959105568570454,228316000
2021-01-29,12.952622413635254,13.296636595811426,12.874596137407885,13.037628651929008,271552000
2021-02-01,13.199165344238281,13.232818458698954,12.865870277184177,13.015940401973044,217204000
2021-02-02,13.518000602722168,13.533206267613787,13.247525202589054,13.360452226804785,220440000
2021-02-03,13.491826057434082,13.891929046731677,13.477866134624353,13.597023775479286,245408000
2021-02-04,13.62519359588623,13.634416844530163,13.299626897697083,13.492324230974786,201340000
2021-02-05,13.55215072631836,13.697983404125509,13.507030130989914,13.685768473106418,169152000
2021-02-08,14.397481918334961,14.43238173036447,13.68801533625432,13.68801533625432,434624000
2021-02-09,14.222480773925781,14.541565792790065,14.181846750202897,14.299758642023518,287560000
2021-02-10,14.722049713134766,14.862397344343986,14.300508522511068,14.421910407437885,485352000
2021-02-11,15.207159042358398,15.22859817563987,14.882340720231461,14.937432968957507,450828000
2021-02-12,14.918486595153809,15.247543280777698,14.732768268450995,15.006982807103192,374756000
2021-02-16,15.286430358886719,15.328560224455654,14.907267274456522,15.021190889000872,321960000
2021-02-17,14.86339282989502,15.179985402080357,14.737752585064538,15.127634745347793,274756000
2021-02-18,14.786615371704102,14.830738429748369,14.533340707240383,14.686900817071333,233868000
2021-02-19,14.883834838867188,15.133618542959208,14.804312733125371,14.981554292445454,271724000
2021-02-22,14.314717292785645,15.089995130190827,14.284054911103434,14.732519345236469,325884000
2021-02-23,14.101576805114746,14.19805051425763,13.351227213256394,14.03501707791871,391780000
2021-02-24,14.45755672454834,14.465285082228274,13.716680430519219,14.082382854481477,448320000
2021-02-25,13.269462585449219,14.333662277875408,13.17847394109998,14.005353050124018,824436000
2021-02-26,13.675300598144531,13.814899830880389,13.322810633589587,13.713191139209655,500932000
2021-03-01,13.802186965942383,13.885199062295472,13.51451173836479,13.835341784593728,353184000
2021-03-02,13.367929458618164,13.880709324156625,13.357708666016107,13.86026773895251,264116000
2021-03-03,12.768150329589844,13.413051207077928,12.762166962212012,13.387873897050037,377592000
2021-03-04,12.33488941192627,12.937911366585835,12.049208394475565,12.764158858893177,573344000
2021-03-05,12.425882339477539,12.514129408982628,11.645867786362965,12.514129408982628,542840000
2021-03-08,11.560114860534668,12.435604699983601,11.533440753468302,12.414415664202755,543112000
2021-03-09,12.488771438598633,12.585028259142307,12.02893006065592,12.099751648732017,521824000
2021-03-10,12.436903953552246,12.94736663668477,12.426181162680194,12.808217687288016,384376000
2021-03-11,12.960832595825195,13.01345056221535,12.702483926792517,12.917442013123948,299916000
2021-03-12,12.823678016662598,12.856345807578716,12.55834698640387,12.616450011981625,243964000
2021-03-15,13.158086776733398,13.173547877909758,12.735152934451662,12.832407665262366,221988000
2021-03-16,13.257835388183594,13.478528736507776,13.083773625331858,13.322920791007736,272128000
2021-03-17,13.307708740234375,13.419426670272632,12.956842713654673,13.006966431737487,243864000
2021-03-18,12.690513610839844,13.15085349936061,12.685027598463575,13.103473263809228,293896000
2021-03-19,12.813455581665039,12.889015495891451,12.580792308071988,12.717946442193226,299208000
2021-03-22,13.15310001373291,13.36082652698952,12.874302658257664,12.880288091985491,297804000
2021-03-23,13.037888526916504,13.310949633938653,12.988512512674987,13.220926519947097,222048000
2021-03-24,12.611215591430664,13.126168365857225,12.60498187447751,13.118188104676085,245840000
2021-03-25,12.503735542297363,12.68278484979762,12.241147965554994,12.468075982521809,295144000
2021-03-26,12.806970596313477,12.823928054668183,12.342391791953444,12.522936498340556,363968000
2021-03-29,12.915695190429688,13.029658124517944,12.668069335591795,12.78801675063455,273520000
2021-03-30,12.83938980102539,12.942629963313632,12.673059062634387,12.80971472304937,200204000
2021-03-31,13.314693450927734,13.436635723855625,12.949862618973997,12.982779650756408,314776000
2021-04-01,13.77702522277832,13.835128246846539,13.477279865489436,13.53812732257779,308276000
2021-04-05,13.952336311340332,13.978769440522017,13.698475723554248,13.832638099521777,255672000
2021-04-06,13.826650619506836,14.018916004314782,13.738872514596373,13.964553395548302,191744000
2021-04-07,14.107941627502441,14.207689643014694,13.677027574965955,13.845851593018876,251284000
2021-04-08,14.281004905700684,14.435116472853124,14.213175078323518,14.21691644922942,244416000
2021-04-09,14.363798141479492,14.371778402447765,14.139364360339467,14.178265873277429,195172000
2021-04-12,15.170764923095703,15.313904498075306,14.10370439177291,14.253826338640454,869324000
2021-04-13,15.640082359313965,15.660531006260301,15.087724413615085,15.193208648539647,676212000
2021-04-14,15.238593101501465,15.680977681236898,15.189217083345795,15.585717781764965,385500000
2021-04-15,16.096681594848633,16.173487680774556,15.592202403913975,15.623124606404787,598480000
2021-04-16,15.872495651245117,16.12510909130004,15.825363694035376,16.012641545241966,335208000
2021-04-19,15.323126792907715,15.767756314158476,15.194700651254927,15.497437759770289,404420000
2021-04-20,15.133108139038086,15.458038566239265,14.925381656950178,15.284725469092292,334132000
2021-04-21,15.321883201599121,15.323878028896175,15.064282220242037,15.08074025890028,216776000
2021-04-22,14.81291675567627,15.39968805660098,14.746334039888772,15.336347292085806,277788000
2021-04-23,15.226873397827148,15.2964478790434,14.862791235395903,14.896705203918978,227500000
2021-04-26,15.4390869140625,15.440084803333924,15.08697469275611,15.146824267123838,197796000
2021-04-27,15.343077659606934,15.631101386498317,15.315895881750716,15.539332683201211,164572000
2021-04-28,15.238344192504883,15.493202662488455,15.177248440038793,15.325874024683353,209416000
2021-04-29,15.286222457885742,15.397691160532714,15.033609024260754,15.361282946905519,173196000
2021-04-30,14.971762657165527,15.326369079550142,14.959294274928283,15.136348727292862,201912000
2021-05-03,14.799450874328613,15.208419994100598,14.750325037459865,15.086976191807661,203912000
2021-05-04,14.315168380737305,14.600698817066128,13.975026104461781,14.600449582589548,405324000
2021-05-05,14.422148704528809,14.776256666947063,14.351327112045158,14.672018629638556,292024000
2021-05-06,14.48648738861084,14.53461628081526,14.182254838103722,14.45880713985873,193380000
2021-05-07,14.77501106262207,14.933112300510395,14.63486422135409,14.771021408101264,229328000
2021-05-10,14.229884147644043,14.768775720170076,14.21417381349999,14.750072669633822,268904000
2021-05-11,14.270280838012695,14.318658960168204,13.715429742573756,13.790240987277931,285584000
2021-05-12,13.723907470703125,14.224395926499955,13.674781648729443,13.974275840187218,303408000
2021-05-13,13.630894660949707,14.045350711147945,13.425162994144586,13.998467988858465,285404000
2021-05-14,14.20719051361084,14.291976846057006,13.713933617580155,13.855078332435786,258616000
2021-05-17,14.129886627197266,14.13362704722991,13.818671694394718,14.121407897860808,216980000
2021-05-18,13.980513572692871,14.368037075620663,13.96879289213659,14.231132182866967,186256000
2021-05-19,14.030387878417969,14.04410338609354,13.509201440576488,13.532392615609274,344000000
2021-05-20,14.575763702392578,14.646834538609415,14.234623498296415,14.266542637893258,321592000
2021-05-21,14.954056739807129,15.18372819116599,14.832114502737982,15.125624220122027,672992000
2021-05-24,15.57275104522705,15.705416097601091,15.137846351089925,15.1742545652697,554816000
2021-05-25,15.60840892791748,15.778729299964287,15.443574568167058,15.726361521757942,435408000
2021-05-26,15.660528182983398,15.754042484575189,15.547064658382558,15.69469233324552,370440000
2021-05-27,15.44906234741211,15.710403750659239,15.421132862507694,15.660280028278496,581476000
2021-05-28,16.20366096496582,16.236578947504775,15.462031299114846,15.462031299114846,644536000
2021-06-01,16.223608016967773,16.347047573880385,15.863266335432474,16.229094980518518,472804000
2021-06-02,16.73606300354004,16.87621075424582,16.194678271753585,16.211386490896142,594168000
2021-06-03,16.927087783813477,17.215611938318762,16.541310797438655,16.658764943328784,580008000
2021-06-04,17.534061431884766,17.61660182614419,17.05252506393666,17.06948062344339,617120000
2021-06-07,17.574705123901367,17.76771918028066,17.149528167001655,17.52707659864361,575756000
2021-06-08,17.41311264038086,17.57719836078649,17.207629259933416,17.483185585690848,323848000
2021-06-09,17.31857681274414,17.534832519599075,17.216312069425967,17.47571805921768,381656000
2021-06-10,17.385173797607422,17.452022006490658,17.136744250662534,17.310346354499423,287772000
2021-06-11,17.78451156616211,17.898251342387297,17.403883229039902,17.439550960234815,416308000
2021-06-14,17.977563858032227,17.9982664755166,17.622378570506847,17.865072468441838,321376000
2021-06-15,17.747846603393555,17.97507688775737,17.687485674890738,17.874058585520746,243032000
2021-06-16,17.769548416137695,17.913718927934667,17.544314342282547,17.75009415079846,307124000
2021-06-17,18.614608764648438,18.791952156008932,17.715668906709517,17.733876709616816,809656000
2021-06-18,18.596153259277344,19.330720564613056,18.541527942897947,18.74107162605108,968856000
2021-06-21,18.385133743286133,18.494135068349298,17.78201553321056,18.39311488047978,672384000
2021-06-22,18.843582153320312,18.92040773197676,18.343977066903633,18.429282365618864,580144000
2021-06-23,19.013696670532227,19.10897936391846,18.864538436254087,18.96431028230056,332356000
2021-06-24,19.16160774230957,19.375617954100715,19.044625261877087,19.18380801912582,320924000
2021-06-25,18.987504959106445,19.30128697907614,18.851317522351227,19.236435003149623,278364000
2021-06-28,19.9393253326416,20.03286106908621,19.274847095565143,19.317000214420624,495436000
2021-06-29,19.98098373413086,20.05281779301835,19.612077743887852,19.837062518712774,367632000
2021-06-30,19.956785202026367,20.116419372850345,19.81835223637548,19.953542508047825,326568000
2021-07-01,20.165802001953125,20.409243781711908,19.973242343945905,20.079000961506793,480136000
2021-07-02,20.44017791748047,20.458387624215238,20.24138402006787,20.39353564429944,342764000
2021-07-06,20.651193618774414,20.794365027841287,20.30374010137351,20.690104043459606,446708000
2021-07-07,20.325193405151367,20.827293427168946,20.285535100146795,20.8058429274563,418428000
2021-07-08,19.85725975036621,20.086982890992743,19.655721781967447,19.81111606957633,503300000
2021-07-09,20.00442123413086,20.03435334968637,19.709098258675084,19.916872317591555,296624000
2021-07-12,20.465620040893555,20.485822176822126,20.141611349333026,20.193741842138916,321984000
2021-07-13,20.203718185424805,20.41448567344241,20.068029336079224,20.353873559779505,290708000
2021-07-14,19.7961483001709,20.371081261605372,19.707602218648773,20.31121893436614,380100000
2021-07-15,18.92290496826172,19.801642801831328,18.815401275503216,19.76647364963509,550564000
2021-07-16,18.119491577148438,19.113215466883993,18.03169335944509,18.9870054099986,688224000
2021-07-19,18.736833572387695,18.998483249261675,17.82467157793206,17.87430916336547,749060000
2021-07-20,18.569461822509766,18.794945132479892,18.122485771322793,18.687192164183777,434687000
2021-07-21,19.36564064025879,19.48237382941793,18.699168004217075,18.838847442192375,371017000
2021-07-22,19.54922103881836,19.841550705361282,19.23194698322062,19.597111677737608,323826000
2021-07-23,19.513303756713867,19.654979435423797,19.206007080146577,19.611079366488564,195672000
2021-07-26,19.24990463256836,19.397565194519427,18.87077204812226,19.266865977371694,203943000
2021-07-27,19.164100646972656,19.577154015985894,18.698167007898192,19.220969582862597,248863000
2021-07-28,19.458425521850586,19.601098340577916,18.951587150781002,19.274846044574673,202191000
2021-07-29,19.617061614990234,19.80762505431973,19.2838234605119,19.474386899841395,190781000
2021-07-30,19.454435348510742,19.585134561055348,19.21897466845994,19.3736191961783,183497000
2021-08-02,19.704858779907227,19.91537695317592,19.316747951416353,19.654973822672737,217444000
2021-08-03,19.769716262817383,20.175785713093944,19.176074829948746,19.694886903097746,301811000
2021-08-04,20.2276611328125,20.27156118889958,19.782679477126937,19.94430985832058,231309000
2021-08-05,20.58983039855957,20.68561164706014,20.295504585968366,20.45314439887646,211435000
2021-08-06,20.3194522857666,20.522986511252395,20.163808690158564,20.47709211719844,178497000
2021-08-09,20.24861717224121,20.461129719952012,20.096964132095703,20.399271142893213,146443000
2021-08-10,19.890438079833984,20.38330854964685,19.789667174813598,20.275555576217656,179238000
2021-08-11,19.65397834777832,20.003178821250415,19.385594031751758,19.99719201633086,185925000
2021-08-12,19.859506607055664,19.98322184264855,19.57515814398387,19.82458675390574,151652000
2021-08-13,20.14185905456543,20.167800604611397,19.805629391282583,19.859506824153872,183063000
2021-08-16,19.904407501220703,20.24063722279305,19.408541689128278,20.088984173742237,210876000
2021-08-17,19.413528442382812,19.72481563269579,19.222964992831216,19.640008912743852,204585000
2021-08-18,18.996490478515625,19.589132925621033,18.956580973557177,19.455438367598155,285913000
2021-08-19,19.75275230407715,20.44815982346293,18.719118863786036,19.449446238959755,766555000
2021-08-20,20.768428802490234,20.8173166087668,19.887447316911796,19.945313428755227,675741000
2021-08-23,21.90781593322754,21.946726358583017,20.902120260869,20.92307217475191,575807000
2021-08-24,21.743192672729492,21.90881365504365,21.48578289478911,21.70328507988881,297299000
2021-08-25,22.1622314453125,22.41864404034006,21.672354404189694,21.68731951267329,347701000
2021-08-26,22.017562866210938,22.288940552177326,21.74019837604241,22.14926114072246,237940000
2021-08-27,22.58426856994629,22.670072471614386,22.116340534614615,22.1333018816298,304722000
2021-08-30,22.636144638061523,22.990332802808872,22.499458629372022,22.777820284558313,262580000
2021-08-31,22.3377742767334,22.647119732410204,22.07333396005199,22.647119732410204,259850000
2021-09-01,22.393659591674805,22.649120064789688,22.309837159244136,22.43756739580158,201767000
2021-09-02,22.3487548828125,22.545339807951134,22.24796811279879,22.47049726134416,187834000
2021-09-03,22.794809341430664,22.93750730917341,22.153166206014838,22.27790249793311,280532000
2021-09-07,22.61418914794922,22.850688646263823,22.474483220864894,22.784827906016428,198107000
2021-09-08,22.291872024536133,22.562300203414004,21.9306343212819,22.465504722881544,254434000
2021-09-09,22.130216598510742,22.490455112570046,22.084314109745772,22.264932037922602,196856000
2021-09-10,22.43058204650879,22.578268644590512,22.22302065137504,22.30085522288771,248376000
2021-09-13,22.105268478393555,22.91555575401909,21.811888077680894,22.63614575794394,297500000
2021-09-14,22.195077896118164,22.362722745195637,22.039406863407024,22.228007318619177,199755000
2021-09-15,22.293865203857422,22.31981132430622,21.91965636808884,22.261933127656608,166538000
2021-09-16,22.195077896118164,22.23000390634264,21.8807419007731,22.136202349836225,156033000
2021-09-17,21.853797912597656,22.27390927077693,21.78394589381782,22.25295366514298,294503000
2021-09-20,21.068462371826172,21.38778701785786,20.61841355645307,21.10139179807724,349440000
2021-09-21,21.2011775970459,21.379798910059613,20.905802540354845,21.371816366272604,204688000
2021-09-22,21.894718170166016,21.91367719365611,21.151288817679976,21.320930299925596,268726000
2021-09-23,22.434574127197266,22.487461820172715,21.843822003613315,22.09329462367587,248555000
2021-09-24,22.0344181060791,22.102275447550486,21.81488289522603,22.023441631035194,217655000
2021-09-27,21.614307403564453,21.753014117831665,21.28001501008737,21.66420116567819,245215000
2021-09-28,20.65533447265625,21.373816837113832,20.607435394582403,21.169249364639114,343069000
2021-09-29,20.473718643188477,20.972663870201263,20.423822978492204,20.895826640226495,218394000
2021-09-30,20.672298431396484,21.02156047404019,20.64435762025099,20.72418878114169,221009000
2021-10-01,20.6982421875,20.814994033562147,20.160377827897204,20.70622473167738,240978000
2021-10-04,19.69037437438965,20.49866509219777,19.51374772206686,20.460745149157145,345635000
2021-10-05,20.407859802246094,20.604444742602162,19.812119023512988,19.907917186053545,279282000
2021-10-06,20.65633201599121,20.676288377439814,20.0376391312872,20.077555660834182,297202000
2021-10-07,21.030540466308594,21.27701913068914,20.92775711791302,21.04750289734636,256919000
2021-10-08,20.78705406188965,21.161262957637216,20.73117244375026,21.056484923625863,151258000
2021-10-11,20.65134620666504,21.018569987595196,20.46773431619996,20.53160039737169,163388000
2021-10-12,20.627391815185547,21.012577186630253,20.4846938393816,20.784060195567157,162134000
2021-10-13,20.89483070373535,20.94572371878802,20.669307592901905,20.873875092241658,180652000
2021-10-14,21.70012664794922,21.70910653549275,21.077442440829326,21.243092625799367,243589000
2021-10-15,21.815879821777344,21.88473450421562,21.616302880257262,21.763989474383635,226994000
2021-10-18,22.175121307373047,22.243975990824204,21.59833961734775,21.70311955926144,189494000
2021-10-19,22.24298095703125,22.331792011817765,21.990514392616486,22.229008647111023,161473000
2021-10-20,22.05636978149414,22.385673501988418,21.935624766758792,22.257943285656594,146276000
2021-10-21,22.64413070678711,22.66309163127974,22.036416137205087,22.05038654332594,187590000
2021-10-22,22.67806053161621,23.081207644908968,22.51340958016107,22.7748560370343,249384000
2021-10-25,23.11713409423828,23.3057345961295,22.721969506473112,22.924540415911828,230235000
2021-10-26,24.664859771728516,25.2057181702465,23.873533296730404,23.93839671538891,485898000
2021-10-27,24.399417877197266,25.037069768657314,24.23077377880667,24.422370071571084,245990000
2021-10-28,24.888383865356445,24.897365655301588,24.471266418851215,24.825517045714975,234204000
2021-10-29,25.513063430786133,25.654764066294884,24.94726013432384,24.94825747657164,292503000
2021-11-01,25.772518157958984,25.83937625950011,25.173783464529546,25.59489414765004,265740000
2021-11-02,26.345306396484375,26.6217224937928,25.74557436813177,25.7675292231353,294112000
2021-11-03,26.54188346862793,26.72749187054925,26.179650356586478,26.613732066467588,239910000
2021-11-04,29.73813819885254,31.298838266325888,27.060797170575963,27.171563087465618,1153631000
2021-11-05,29.689233779907227,31.333755849134143,29.34795432921145,30.123315538694854,851260000
2021-11-08,30.739013671875,31.0343887288233,29.843904808443668,30.085394839795672,503101000
2021-11-09,30.59232521057129,32.24183980327339,29.90078828330195,32.21389899422513,646746000
2021-11-10,29.396854400634766,30.784920762665642,28.717291247821386,29.29407294809422,636206000
2021-11-11,30.325891494750977,30.525470354822794,29.714185657516225,30.40372797344251,332172000
2021-11-12,30.325891494750977,30.615280651522603,29.567494491133164,29.946693944604604,413054000
2021-11-15,29.961660385131836,30.57935405607118,29.18530173672682,30.48754907870644,384909000
2021-11-16,30.139280319213867,30.325886082311623,29.643329091208063,29.696218678782373,264484000
2021-11-17,29.199275970458984,30.444644511844263,28.7392479710532,30.353834961540993,428508000
2021-11-18,31.608179092407227,32.690889311922675,31.25492578342417,32.2987206204707,781711000
2021-11-19,32.9154167175293,33.018200072194944,31.837695120260975,32.17498143367427,533867000
2021-11-22,31.888587951660156,34.573911251550705,31.832706327709936,33.446293929247794,754335000
2021-11-23,31.67902946472168,32.29173450046671,30.814855236904044,31.468474145181016,532163000
2021-11-24,32.60507583618164,32.78569378331727,30.862758634892,31.394635245658122,435162000
2021-11-26,31.436542510986328,32.640995088921485,31.283865396835044,32.53122653243234,283069000
2021-11-29,33.30559539794922,33.34151875834948,31.968421870569852,32.29772758864819,454964000
2021-11-30,32.6070671081543,33.2826408933307,31.796781690175454,33.099027131565556,622066000
2021-12-01,31.37252426147461,33.22284154092527,31.317633266156314,33.1529809663594,484368000
2021-12-02,32.06216049194336,32.41346220538605,30.963348504030208,31.151974015201976,472890000
2021-12-03,30.631999969482422,32.06514681270487,30.070117274745446,31.93640157961995,544325000
2021-12-06,29.977304458618164,30.18089759304379,27.982276767077416,29.82061499149107,658938000
2021-12-07,32.36255645751953,32.38451590477449,30.59008680428253,30.895480355032714,593053000
2021-12-08,31.762746810913086,32.22582532268798,31.35855105329913,31.93540331263959,475551000
2021-12-09,30.42940330505371,32.14099693386837,30.367526251043838,31.6709304355526,488507000
2021-12-10,30.137985229492188,31.24278555655399,29.801655081182673,31.088092914267587,488825000
2021-12-13,28.105031967163086,30.233794155650276,28.060121324277922,30.188883512765113,598344000
2021-12-14,28.280685424804688,28.621007355370885,27.195845739872162,27.6439528427401,667035000
2021-12-15,30.398469924926758,30.439388813076704,27.782678223157248,28.343561661628623,698297000
2021-12-16,28.330581665039062,31.0980712089087,28.037167251669285,31.090087687112458,707366000
2021-12-17,27.745750427246094,28.864522903312924,27.704831542890716,27.929384771071867,713758000
2021-12-20,27.663911819458008,28.088066423723266,27.091053166532397,27.250735034271646,461847000
2021-12-21,29.01721954345703,29.062130190371207,27.346544620384616,28.31761243890149,524385000
2021-12-22,29.341571807861328,29.496264455360905,28.39246155550184,28.8335844910948,395184000
2021-12-23,29.58109474182129,29.99926267226298,29.372510460598956,29.69586596971552,343022000
2021-12-27,30.883499145507812,31.02521713058112,29.58109241720771,29.601053125766303,403686000
2021-12-28,30.261743545532227,31.267739833394167,29.95235821799751,31.24977595388918,420591000
2021-12-29,29.941375732421875,30.48728951276,29.30763749732145,30.212836426014583,343139000
2021-12-30,29.52720069885254,30.39646994729714,29.481292592153306,29.7677209545132,308864000
2021-12-31,29.352548599243164,29.97031979961117,29.272707665423898,29.61502640680273,266530000
2022-01-03,30.06113624572754,30.649963801294536,29.725803587995546,29.755744649714465,391547000
2022-01-04,29.231788635253906,30.40744692192532,28.292658836690123,30.216826539242714,527154000
2022-01-05,27.549144744873047,29.357544168099558,27.478286690610265,28.891471242571356,498064000
2022-01-06,28.121999740600586,28.381483256103156,27.01121270492406,27.58506883228335,454186000
2022-01-07,27.192848205566406,28.36551411614278,27.003225284481758,28.085072447229507,409939000
2022-01-10,27.345550537109375,27.41441366446301,25.593039529863628,26.52817780434093,594681000
2022-01-11,27.761716842651367,28.009225072030798,26.785661751752833,27.268699119824706,404089000
2022-01-12,27.943355560302734,28.538169841179762,27.553131884370423,28.01121930597054,383413000
2022-01-13,26.52218246459961,28.42339502410445,26.445333934971337,28.322595930958233,540171000
2022-01-14,26.888456344604492,27.142950637215478,26.1579107320568,26.24773202314796,395832000
2022-01-18,25.851526260375977,26.585066300890176,25.71879113242788,26.207817191584542,424270000
2022-01-19,25.01718521118164,26.490251872701148,25.00221562896833,26.027175156596083,488315000
2022-01-20,24.102008819580078,25.528169968325233,24.030151395201294,25.25371682812261,435181000
2022-01-21,23.32754898071289,24.773668763232777,23.216769512080788,23.460284088756683,718958000
2022-01-24,23.3255558013916,23.333539325417448,20.84649265687435,22.28562660646732,913982000
2022-01-25,22.279634475708008,22.897405710454315,21.9562789612793,22.501193412508638,664616000
2022-01-26,22.72673797607422,24.009183771494484,22.255675996412524,23.19380819543401,755959000
2022-01-27,21.900386810302734,23.94731106663501,21.631920439455527,23.521159678261036,573353000
2022-01-28,22.794605255126953,22.812569129559332,21.25367335760815,21.968249899217838,543774000
2022-01-31,24.43733787536621,24.46029288211656,23.006187716140168,23.135928523427957,564680000
2022-02-01,24.58903694152832,25.09502934074459,23.842522359091557,25.05411045530758,518925000
2022-02-02,25.191837310791016,25.76569347477143,24.50420547493788,25.742740370347118,543419000
2022-02-03,23.900409698486328,25.027165823091096,23.73274428459632,24.40939643808451,410178000
2022-02-04,24.270671844482422,24.586043852193274,23.585036824296264,23.924361305059936,354829000
2022-02-07,24.678855895996094,25.131952179111504,24.153900300504695,24.32356251647183,376868000
2022-02-08,25.058101654052734,25.1798589396147,23.93234311537428,24.310589623943148,410359000
2022-02-09,26.651926040649414,26.671886749229056,25.302613739727306,25.571078226959134,524282000
2022-02-10,25.77267837524414,26.871490147981913,25.549124513702214,25.94333997182691,513200000
2022-02-11,23.90140724182129,26.10003039508258,23.72575830389794,25.86449932037972,605472000
2022-02-14,24.218769073486328,24.825560463941507,23.70778564769813,23.88643073458428,440424000
2022-02-15,26.44234275817871,26.492242623139074,24.734742881710144,24.8994139589256,699869000
2022-02-16,26.45831298828125,26.529172937045136,25.501219224442693,26.206814897463676,732676000
2022-02-17,24.458295822143555,25.733755858622583,24.11697644225443,25.579063213609647,810595000
2022-02-18,23.595014572143555,24.936343397057144,23.054091914566957,24.61897459185381,761255000
2022-02-22,23.343517303466797,24.016177674838435,22.95429294527255,22.989223238774173,633422000
2022-02-23,22.342510223388672,24.106998291616694,22.25668259013841,23.75469915667704,566511000
2022-02-24,23.700803756713867,23.752700460531262,20.848483782736597,20.973235364784678,735801000
2022-02-25,24.108989715576172,24.168869937955396,23.33453287499,23.673857307735503,528866000
2022-02-28,24.3365421295166,24.61598639619211,23.659889959965014,23.94432345302833,477319000
2022-03-01,23.430343627929688,24.328556587897697,23.086029928980732,24.242727053391707,412056000
2022-03-02,24.17599105834961,24.364648722726557,23.372455359769962,23.712835359493848,389642000
2022-03-03,23.67090606689453,24.281793413023205,23.426350459230303,24.21790863660906,365095000
2022-03-04,22.894319534301758,23.636966955127175,22.441144110309114,23.341505344158694,431415000
2022-03-07,21.313194274902344,22.991140894785616,21.2912348972877,22.775531944141846,450821000
2022-03-08,21.474897384643555,22.332335371506858,20.612467419306096,21.270270056488087,557467000
2022-03-09,22.972177505493164,23.17780252535281,22.206571146307404,22.34631612059236,492742000
2022-03-10,22.616823196411133,22.746586101874037,21.842232493155823,22.49005319391326,428066000
2022-03-11,22.059839248657227,23.102940302954398,22.00593652699091,22.980162727551132,367209000
2022-03-14,21.291236877441406,22.221542360192014,21.1205481082041,21.829256910095523,385354000
2022-03-15,22.931249618530273,22.996132023942444,21.28325099056678,21.47889393725402,491996000
2022-03-16,24.45148277282715,24.552299054127236,23.12988952261609,23.457292552284873,671422000
2022-03-17,24.720991134643555,24.796851321954325,23.862553485348077,24.076165263385313,471941000
2022-03-18,26.404926300048828,26.52071662131349,24.579251558233064,24.753932770637824,730719000
2022-03-21,26.68541145324707,27.102652930497936,25.919805242036578,26.458824731039037,591727000
2022-03-22,26.47579574584961,27.188498830843827,26.024617540690265,26.67842593251297,547007000
2022-03-23,25.587413787841797,26.563635115721986,25.52852099865223,26.078518306597157,502120000
2022-03-24,28.098840713500977,28.268531837117266,25.859917039185778,26.11844711768974,877379000
2022-03-25,27.641672134399414,28.306462114881743,27.22143772985282,27.835319803468362,579016000
2022-03-28,28.167713165283203,28.19865696132913,27.15655375747075,27.705555300817046,425494000
2022-03-29,28.60392189025879,28.89339386605595,27.929149831104116,28.64285057154714,488984000
2022-03-30,27.639678955078125,28.444213951833504,27.453018519672682,28.252563440733994,463487000
2022-03-31,27.236412048339844,28.19666368490603,27.220442282936776,27.731510949600096,523440000
2022-04-01,26.66345977783203,27.446035516360155,26.21926872094607,27.325255103953427,517235000
2022-04-04,27.310277938842773,27.507918058034864,26.56463575752181,26.679426533913535,397120000
2022-04-05,25.883872985839844,27.269350934287917,25.773074655335627,27.20446853162703,436615000
2022-04-06,24.362646102905273,25.25402295327637,23.95938093983907,24.888688841537608,703833000
2022-04-07,24.164005279541016,24.67707109021869,23.435332416882506,24.396581634228397,557992000
2022-04-08,23.076984405517578,23.879524117334512,23.02008878589578,23.873534503516744,524781000
2022-04-11,21.877172470092773,22.279440020786367,21.620639518313418,22.173633648146907,575207000
2022-04-12,21.464921951293945,22.683703781053012,21.243325254974113,22.496045694848974,662258000
2022-04-13,22.162649154663086,22.459110293944573,21.416009317470518,21.68851390489682,516943000
2022-04-14,21.219364166259766,22.73560447190071,21.124537508973223,22.46409755288005,569097000
2022-04-18,21.74341583251953,22.047859972637514,21.04069470290414,21.161475105293935,525701000
2022-04-19,22.15765953063965,22.332340741600348,21.27526524698662,21.680527560297847,512781000
2022-04-20,21.442956924438477,22.62879746631426,21.161469869244495,22.476075664885503,468974000
2022-04-21,20.146318435668945,22.35130326457004,19.963650470316455,21.66954403745964,656209000
2022-04-22,19.479536056518555,20.448772191837854,19.46456392428075,20.266104182229988,624713000
2022-04-25,19.86583137512207,19.90875249765362,19.061296409060496,19.167102763902953,641566000
2022-04-26,18.75385856628418,19.75204136699031,18.636072965338734,19.682168875562095,653143000
2022-04-27,18.38153839111328,19.132170809703098,18.256765532864236,18.56420451525645,499460000
2022-04-28,19.746049880981445,20.000587537213033,18.45639800746317,18.932530442416695,570327000
2022-04-29,18.51329231262207,20.091418271941166,18.483346151251226,19.366737920929154,500435000
2022-05-02,19.49750328063965,19.538427232283176,18.35757845927692,18.507305480868084,572049000
2022-05-03,19.56637191772461,19.788968084316135,19.09822447980406,19.364739395345126,475751000
2022-05-04,20.297046661376953,20.36292670436252,18.716923264105464,19.886794272202142,648855000
2022-05-05,18.809755325317383,19.88879023761166,18.46638060148286,19.830896979302434,626331000
2022-05-06,18.64105796813965,19.476536638322926,17.957303468838983,18.701947924887726,633297000
2022-05-09,16.91919708251953,18.221823872571708,16.796419517005482,18.001226735376935,644455000
2022-05-10,17.56302261352539,18.16492737651773,16.99405882150625,17.656851643260232,761474000
2022-05-11,16.59977912902832,17.7207395102495,16.537893425141622,17.315477156303142,670167000
2022-05-12,16.145605087280273,16.75749197618236,15.538711130202692,16.189525752393525,708728000
2022-05-13,17.673826217651367,17.89542294849974,16.562849659594,16.7574950250402,670437000
2022-05-16,17.232624053955078,17.755671895048422,17.074912165379693,17.47717962452616,521446000
2022-05-17,18.143964767456055,18.33761243130052,17.60195235864929,18.041151322209387,585830000
2022-05-18,16.9072208404541,18.08507690816682,16.833355903559767,17.672827284467367,545161000
2022-05-19,17.092884063720703,17.65486074699978,16.703591448652563,16.906223592330786,621310000
2022-05-20,16.663660049438477,17.378358372785904,15.726366487747862,17.30050101581057,739105000
2022-05-23,16.867294311523438,16.88426361777237,16.1496009881176,16.244427672325003,639889000
2022-05-24,16.124645233154297,16.566841031680042,15.751325247533773,16.47999922956967,588550000
2022-05-25,16.944150924682617,17.079903445712347,15.97092245670094,15.990886566703573,781132000
2022-05-26,17.81855583190918,18.059117040216766,15.992879547579298,16.006854041805614,996575000
2022-05-27,18.77681541442871,18.846687898146087,18.06710707974636,18.152951232834447,738379000
2022-05-31,18.638065338134766,19.165105599325045,18.31665005645975,18.945504221241023,664100000
2022-06-01,18.28670310974121,19.01837068481213,18.089063020279156,18.68997007377349,544514000
2022-06-02,19.556394577026367,19.583345936482782,18.164928787379736,18.258757824402238,648656000
2022-06-03,18.68597984313965,19.296869084599603,18.488339710165604,19.047323404464223,598779000
2022-06-06,18.75185775756836,19.301856968127392,18.53026109692932,19.104216857601944,422406000
2022-06-07,18.891603469848633,18.965468384281454,18.154943882331036,18.438428121556196,388914000
2022-06-08,18.6180419921875,19.149186902554792,18.5052226626472,18.768798475632803,363252000
2022-06-09,18.019012451171875,18.90259123258257,18.012023724724873,18.451317549760248,395574000
2022-06-10,16.946735382080078,17.66857359163236,16.841902597628902,17.571729282063977,465248000
2022-06-13,15.621866226196289,16.28579798543527,15.580931719685918,15.974298882999761,604153000
2022-06-14,15.810561180114746,16.040191246565456,15.387241563186638,15.705729359064668,469680000
2022-06-15,16.50045394897461,16.840905821966867,15.90041852007138,16.069146736449664,563936000
2022-06-16,15.575940132141113,15.916392943958204,15.376261580184906,15.834523928335084,545749000
2022-06-17,15.854491233825684,15.969306274754233,15.303377894797796,15.622863557257194,630334000
2022-06-21,16.539392471313477,16.980681988476544,16.380647453384604,16.4485390272336,483089000
2022-06-22,16.33372688293457,16.63524192464085,16.154015653478638,16.199941306434905,437135000
2022-06-23,16.198938369750977,16.558358811416724,15.827535215459164,16.492464841611433,463680000
2022-06-24,17.09848976135254,17.112467212054863,16.2838005267453,16.473495860765993,472153000
2022-06-27,16.84190559387207,17.302165607517388,16.599295854163095,17.284194868332495,427968000
2022-06-28,15.956331253051758,17.17437109442995,15.919390024620217,16.872856098620467,461149000
2022-06-29,15.517034530639648,15.794587854289764,15.145632337338009,15.788597926333088,482352000
2022-06-30,15.134650230407715,15.541994845285537,14.838127375234018,15.336325419135894,686070000
2022-07-01,14.499669075012207,15.038801545913467,14.36887995608299,14.875065447941074,577610000
2022-07-05,14.939963340759277,14.946952066314836,14.032424007393097,14.152231139263709,651397000
2022-07-06,15.105694770812988,15.294391284315516,14.765242008688814,14.985887657126462,529066000
2022-07-07,15.832526206970215,15.91938634734984,15.36427972508815,15.431172487703748,492903000
2022-07-08,15.812557220458984,16.01123789338775,15.364278161948224,15.405212662806306,467972000
2022-07-11,15.12766170501709,15.502059340934558,15.013844503778325,15.501060543530391,437321000
2022-07-12,15.057772636413574,15.406211993432294,14.853102016672706,15.243473723701138,458483000
2022-07-13,15.139639854431152,15.350301342288464,14.441763333884406,14.56656253178919,521918000
2022-07-14,15.347306251525879,15.44814383814876,14.704340715980594,15.083730400494847,456235000
2022-07-15,15.736682891845703,15.756650272392122,15.42019167415229,15.63384864449676,385935000
2022-07-18,16.075136184692383,16.8698570674019,15.976296187145689,16.275813524039364,670517000
2022-07-19,16.964702606201172,17.082513067414855,16.14602025655612,16.459514986904992,702366000
2022-07-20,17.778396606445312,17.90419557403467,16.774013886344825,16.919779281556753,760538000
2022-07-21,18.021007537841797,18.114856419024587,17.516819500864308,17.856273549154427,557049000
2022-07-22,17.291179656982422,17.93813754600972,17.109470902798687,17.86425701094861,536671000
2022-07-25,16.996654510498047,17.096494261320483,16.622256873127547,16.991661475600253,480748000
2022-07-26,16.506444931030273,16.89182460135965,16.451532969702946,16.86187210310339,397865000
2022-07-27,17.761425018310547,17.9071904085924,16.885832927058424,17.00464126060537,569776000
2022-07-28,17.955108642578125,18.11085817162906,17.411983837534958,17.946124228071746,474646000
2022-07-29,18.133825302124023,18.214694569102246,17.663581188162542,17.784387118127725,435460000
2022-08-01,18.411380767822266,18.81573095811725,17.961104933200836,18.152795986600218,476469000
2022-08-02,18.496240615844727,18.907579472181585,18.062937738115096,18.09289023442921,489527000
2022-08-03,18.862651824951172,18.937532114170036,18.10786566973609,18.154791057227346,418146000
2022-08-04,19.184133529663086,19.243038768382238,18.729864509468054,18.818722242281332,409652000
2022-08-05,18.958498001098633,19.198112256942917,18.636016886602366,18.779784678395007,386068000
2022-08-08,17.764419555664062,18.209704226677722,17.214305900483794,17.47388850828178,981859000
2022-08-09,17.058555603027344,17.41897579817991,16.69713756258524,17.224289326765735,668263000
2022-08-10,18.067928314208984,18.088894487490233,17.289180654581262,17.66956911758063,597422000
2022-08-11,17.913177490234375,18.67694989267418,17.84728352756443,18.101874963139256,509327000
2022-08-12,18.678945541381836,18.68793186075144,17.92415946001401,18.130827666952836,478094000
2022-08-15,19.001428604125977,19.13321654286925,18.583102920928454,18.67096091199568,457666000
2022-08-16,18.84867286682129,19.11125087643797,18.47127981939262,18.889607370873275,451240000
2022-08-17,18.305545806884766,18.65797938877472,18.115852393296763,18.49324543441833,446799000
2022-08-18,18.742843627929688,18.83469489391409,18.15379125601455,18.271601730397578,415447000
2022-08-19,17.820329666137695,18.49025135099446,17.74145609340944,18.37643415192169,441588000
2022-08-22,17.006641387939453,17.529799937560014,16.93874981335424,17.4619083629748,409593000
2022-08-23,17.153400421142578,17.436944603324772,16.942738927006292,16.961709411115542,369986000
2022-08-24,17.1943359375,17.37804038834426,16.867861541977685,16.98467227619529,522661000
2022-08-25,17.88422966003418,17.91817544800935,16.805964346953886,16.816946359702275,770691000
2022-08-26,16.233882904052734,17.895209693014834,16.210919131366463,17.82831787419481,769127000
2022-08-29,15.775618553161621,16.311755674946216,15.741673723289146,15.994267589292031,496132000
2022-08-30,15.443154335021973,16.013236290955273,15.157613482274343,15.934363667656111,530181000
2022-08-31,15.06975269317627,15.515036332831574,14.934969330165726,15.35928679586059,573710000
2022-09-01,13.914613723754883,14.356901987282448,13.248685287003793,14.186176179149008,1178865000
2022-09-02,13.625078201293945,14.14823567963121,13.569167449536392,14.077350584914733,743157000
2022-09-06,13.44337272644043,13.756868510463313,13.329555512837128,13.708945272705602,535751000
2022-09-07,13.696038246154785,13.81987638945072,13.328520192699564,13.545235991042178,512657000
2022-09-08,13.971675872802734,13.989652898597146,13.351489912462663,13.441371231733896,624873000
2022-09-09,14.368159294128418,14.455045254829914,14.107501412023929,14.138460000064642,486612000
2022-09-12,14.486006736755371,14.527951557553473,14.17940857377673,14.350185140144696,484159000
2022-09-13,13.113801956176758,13.903766352893664,13.081844277875383,13.78392363062557,714956000
2022-09-14,13.110807418823242,13.272594961389391,12.896088837173366,13.23664185667735,588507000
2022-09-15,12.912069320678711,13.215671132338676,12.773251402722765,12.997957145239825,523625000
2022-09-16,13.18071460723877,13.194696210561576,12.600475212066435,12.725311500263086,670751000
2022-09-19,13.364474296569824,13.445368542937578,12.99296174366855,12.994958979609367,569685000
2022-09-20,13.158743858337402,13.46534195963584,13.039900223317943,13.19769329297533,524818000
2022-09-21,13.243630409240723,14.012622319653198,13.092828166329912,13.195693896859101,807679000
2022-09-22,12.544548988342285,13.131779194049958,12.411723754768438,13.052882186314475,759162000
2022-09-23,12.499608039855957,12.594483888456596,12.240947418073999,12.40373404951629,663309000
2022-09-26,12.211984634399414,12.642420860837374,12.198003031202267,12.474640670046318,547343000
2022-09-27,12.39674186706543,12.719318763958155,12.241945148901097,12.49061861104703,553854000
2022-09-28,12.719320297241211,12.806206250600736,12.337820615857858,12.393747031367376,542414000
2022-09-29,12.203995704650879,12.483628721329582,11.930354395452484,12.431696780132437,532763000
2022-09-30,12.123104095458984,12.616457643964583,12.05918777299638,12.071172142984711,565638000
2022-10-03,12.495615005493164,12.661397986074181,12.089147450998603,12.330831119191432,547478000
2022-10-04,13.14975643157959,13.202687472797923,12.862133487134708,12.862133487134708,584182000
2022-10-05,13.191699981689453,13.30355376155447,12.604470732780348,12.894090885519283,507131000
2022-10-06,13.112805366516113,13.638116551801618,13.085840298412162,13.20268765696208,644157000
2022-10-07,12.060182571411133,12.653404388608742,12.006253401886365,12.488620550498295,672478000
2022-10-10,11.654715538024902,12.108120441007816,11.393058603226073,12.021234494107956,698699000
2022-10-11,11.570825576782227,11.83048431565809,11.268221984145713,11.54585774929641,667482000
2022-10-12,11.484938621520996,11.719630502652882,11.330141889388276,11.563835628802222,492590000
2022-10-13,11.944336891174316,12.062182385586972,10.798838721715281,10.956631792924158,850103000
2022-10-14,11.212296485900879,12.095138555665246,11.18932684468692,12.041209377307327,713432000
2022-10-17,11.872429847717285,11.932351684916148,11.501916408490736,11.502914550195962,580774000
2022-10-18,11.95132827758789,12.475640367724393,11.602785343462813,12.327834421594872,659362000
2022-10-19,12.035218238830566,12.333827422065536,11.818502403849406,11.863443550233667,523131000
2022-10-20,12.178030014038086,12.752276757936729,12.089145874513667,12.097135770429727,652398000
2022-10-21,12.449673652648926,12.481632285200682,11.871432413251382,12.0821555690685,609494000
2022-10-24,12.582499504089355,12.693354192196825,12.048200327410264,12.49161907984014,517457000
2022-10-25,13.243630409240723,13.282579837502556,12.647412238513045,12.6773736302299,505482000
2022-10-26,12.879111289978027,13.370466592779119,12.691357769324208,12.852147174952409,532953000
2022-10-27,13.158743858337402,13.819877533588544,13.104814677814026,13.61214975532052,583113000
2022-10-28,13.815882682800293,13.831862475965329,13.043895236732384,13.086839145065817,521040000
2022-10-31,13.479323387145996,13.819877352516734,13.27958550774582,13.759955512484012,486341000
2022-11-01,13.525264739990234,13.906764454492945,13.501296001998105,13.79291342524304,432817000
2022-11-02,13.201688766479492,14.191391166061656,13.193699822047904,13.83186295115386,672628000
2022-11-03,13.403422355651855,13.762951481566452,12.939032155387688,13.025918106836965,500065000
2022-11-04,14.137459754943848,14.21036409974022,13.679060329272222,13.967682330980322,612576000
2022-11-07,14.282271385192871,14.393126083132001,13.93572663883021,14.209367030009965,410061000
2022-11-08,14.582877159118652,14.871498236897642,14.197382040182664,14.781615950345596,595292000
2022-11-09,13.757960319519043,14.192391105096668,13.740982382953218,14.143454531625968,454414000
2022-11-10,15.729372024536133,15.752341664941923,14.527947540373134,14.78061644211266,700819000
2022-11-11,16.305620193481445,16.367539281571972,15.461727368675898,15.786301605326148,655487000
2022-11-14,16.27366065979004,16.51834065367654,15.901148984019148,16.1967618318074,527852000
2022-11-15,16.644176483154297,16.975740560635188,16.360547980780158,16.700102908154662,545876000
2022-11-16,15.889163970947266,16.340571692497278,15.85221272363111,16.140834757175984,649547000
2022-11-17,15.656471252441406,16.244700666876913,15.514657001179096,15.694421598690504,710894000
2022-11-18,15.388818740844727,15.981042481409775,15.100196742798564,15.94508842788451,492072000
2022-11-21,15.296940803527832,15.456731110524126,15.060250720781186,15.127163364237928,404739000
2022-11-22,16.01699447631836,16.036968738657247,15.102193833582675,15.307924354517073,472866000
2022-11-23,16.497364044189453,16.50535489230616,16.026982150723164,16.07691590341239,427241000
2022-11-25,16.248689651489258,16.46540447528635,16.150818440742185,16.2966271152818,167934000
2022-11-28,15.806272506713867,16.33557910048079,15.704406802903588,16.005011300506297,303741000
2022-11-29,15.618517875671387,15.911134360808981,15.499674245542238,15.806271381799128,298384000
2022-11-30,16.905160903930664,16.912153494374177,15.580558497425681,15.68045251052316,565298000
2022-12-01,17.116941452026367,17.24680360515922,16.617468407865708,16.98108510411153,470977000
2022-12-02,16.85820770263672,16.915148722341915,16.42766233403227,16.64143742283547,371389000
2022-12-05,16.59248924255371,16.977083578578082,16.454634243569135,16.661416742045997,352255000
2022-12-06,15.970147132873535,16.555528867031303,15.802324015737545,16.512574928841648,352694000
2022-12-07,16.103008270263672,16.168938682471737,15.6504847696813,15.75537458146814,372388000
2022-12-08,17.15089988708496,17.160889573039334,15.942174561334516,16.25584460322099,515456000
2022-12-09,16.98307991027832,17.564467197257134,16.957108244828135,17.141912716034206,465338000
2022-12-12,17.51651382446289,17.519510920881718,16.77929288691793,17.019039641707874,457328000
2022-12-13,18.052953720092773,18.7701974035508,17.692334131047183,18.511469596335157,656589000
2022-12-14,17.655372619628906,18.232764469083662,17.40164060757752,17.968042465025786,496888000
2022-12-15,16.93412971496582,17.30174181827522,16.682396458224076,17.127925453761733,478542000
2022-12-16,16.553529739379883,17.023035477455014,16.39270016925894,16.846222027891535,478232000
2022-12-19,16.236865997314453,16.591491326415667,16.127981643599433,16.554531578863497,354039000
2022-12-20,16.068044662475586,16.292807881891594,15.835291407365762,16.047066889019305,403260000
2022-12-21,16.483600616455078,16.609469117277804,16.0850211587477,16.097009542320105,325025000
2022-12-22,15.322830200195312,16.120988676666293,14.866312166020125,16.077034434147475,565045000
2022-12-23,15.189971923828125,15.322831151410716,14.867312438743172,15.17998223602925,349326000
2022-12-27,14.10611629486084,15.084084488373529,14.041184273487007,15.058111870357818,464902000
2022-12-28,14.021203994750977,14.24696558584254,13.869363801000764,13.912318692934731,351066000
2022-12-29,14.587607383728027,14.667522983450695,14.2120042555653,14.38681998720955,354923000
2022-12-30,14.598594665527344,14.613578243254633,14.217995786415349,14.318889147477543,310490000
2023-01-03,14.299909591674805,14.980192432307444,14.081140585137454,14.835344825073602,401277000
2023-01-04,14.733451843261719,14.837342302451898,14.225987933937839,14.5516444923479,431324000
2023-01-05,14.24996280670166,14.548647400640538,14.13308556373845,14.475724399761354,389168000
2023-01-06,14.843337059020996,14.994177909991919,14.019206897315305,14.458742666001996,405044000
2023-01-09,15.611525535583496,16.03907384357529,15.125038456294371,15.267888310654865,504231000
2023-01-10,15.892230033874512,15.94517366128145,15.455690420036634,15.490653372601406,384101000
2023-01-11,15.984130859375,16.01110282220087,15.546592882587277,15.823301290137104,353285000
2023-01-12,16.49359703063965,16.619463677480493,15.475671006700845,16.083030927179784,551409000
2023-01-13,16.881187438964844,16.904163911762296,16.147961873227626,16.260841726815173,447287000
2023-01-17,17.68333625793457,17.70930982139116,16.881183372377514,16.881183372377514,511102000
2023-01-18,17.358680725097656,17.85415619050999,17.263779661511762,17.648373995471697,439624000
2023-01-19,16.747329711914062,17.17887551290729,16.71336705566109,17.01804399666776,452932000
2023-01-20,17.820194244384766,17.83717652058434,16.807263297293154,16.99306612778277,564967000
2023-01-23,19.17276954650879,19.2247147792948,17.799218927189443,18.044958004082773,655163000
2023-01-24,19.244691848754883,19.474450850170054,18.800161235154988,18.80715382585874,496204000
2023-01-25,19.302631378173828,19.349582719059857,18.560414551747876,18.893063715882672,449537000
2023-01-26,19.781126022338867,20.14474263652142,19.25767822252368,19.680232657858443,489535000
2023-01-27,20.34353256225586,20.60625581574819,19.384545434625117,19.441484557009698,542142000
2023-01-30,19.141803741455078,20.11877165583903,19.129815353055005,19.928973289328365,488611000
2023-01-31,19.516407012939453,19.66624851924581,18.930025867048208,19.14979328260832,498017000
2023-02-01,20.920923233032227,21.169659387182808,19.590326660737446,19.670242250628736,660477000
2023-02-02,21.686111450195312,21.925858185295397,20.67817638476242,20.977859327303104,564276000
2023-02-03,21.077756881713867,21.72207738368297,20.76708391302964,20.9778619200745,429366000
2023-02-06,21.0667724609375,21.547264471015012,20.764090426847382,20.784069803716758,452197000
2023-02-07,22.149627685546875,22.235537474634327,21.12770531761483,21.3594611160502,664150000
2023-02-08,22.18159294128418,22.85388384635013,21.984800102114296,22.36340029679166,559651000
2023-02-09,22.313453674316406,22.995734263923605,22.0966833667124,22.582171117953777,523876000
2023-02-10,21.24258041381836,22.05472302081003,20.789060483609514,21.667133493771495,550737000
2023-02-13,21.765031814575195,22.024757958584203,20.93990234696834,21.515295357490146,474919000
2023-02-14,22.946786880493164,23.02470377641566,21.343477267064582,21.555253690620347,675474000
2023-02-15,22.740001678466797,22.830905348150583,22.082696315415404,22.525228183306545,420575000
2023-02-16,21.97880744934082,22.526228206382104,21.903885748285937,22.109667968901128,412026000
2023-02-17,21.365453720092773,21.717081932888007,20.9528889890741,21.60819758522636,465888000
2023-02-21,20.63322639465332,21.47134072519899,20.596264744241374,20.977862013234812,410015000
2023-02-22,20.73212242126465,21.081753858938534,20.399473261638228,20.685172986353002,513184000
2023-02-23,23.639055252075195,23.862820062689913,23.0007288852004,23.415292346798566,1117995000
2023-02-24,23.26145362854004,23.449257089535415,22.922812171124363,23.200519010604086,589716000
2023-02-27,23.476224899291992,23.854825071141974,23.429275467548678,23.6450473658971,452994000
2023-02-28,23.191526412963867,23.79988559289662,23.1815367258424,23.347362102450354,455963000
2023-03-01,22.674072265625,23.23148459935281,22.484272025585433,23.167550984389926,460026000
2023-03-02,23.289424896240234,23.355355313247546,22.40835460483908,22.464297239112163,389415000
2023-03-03,23.864818572998047,23.874808261321643,23.10561940844885,23.295419675920705,412393000
2023-03-06,23.5291748046875,24.222441663316612,23.462244081707404,23.865819498087028,437429000
2023-03-07,23.26740074157715,24.103660267777396,23.220441431129053,23.5791250368648,515154000
2023-03-08,24.15961265563965,24.178596857110083,23.403282221510484,23.46622622618509,513573000
2023-03-09,23.415271759033203,24.432370990770355,23.36231723479036,24.153616530475606,501257000
2023-03-10,22.94468879699707,23.60610394776299,22.705899859992172,23.388296345871805,474866000
2023-03-13,22.945688247680664,23.277395355394315,22.2772811984554,22.73187871576052,421890000
2023-03-14,24.041717529296875,24.197579694405405,23.439250204223796,23.475219568886814,474910000
2023-03-15,24.20656967163086,24.26451702592668,23.339337433810194,23.73998179778675,524486000
2023-03-16,25.51841163635254,25.565369047622582,23.872866995148154,24.005750694887265,583253000
2023-03-17,25.70224952697754,26.37565323674263,25.645298824126904,25.95902220904214,848547000
2023-03-20,25.877092361450195,26.000983238469185,25.107772930663263,25.59234458217973,432747000
2023-03-21,26.175827026367188,26.368657115310835,25.35855164040249,26.15684473087792,547408000
2023-03-22,26.444589614868164,27.564598386349715,26.21379303359335,26.401626474238157,797295000
2023-03-23,27.166954040527344,27.474682229522468,26.66639764103161,27.091021036528733,564889000
2023-03-24,26.75531578063965,27.14297311837725,26.331690982855743,27.007093717949058,454920000
2023-03-27,26.50753402709961,26.97611906928059,26.34168048471256,26.81326313262677,361026000
2023-03-28,26.386642456054688,26.4895520016458,25.8271382618564,26.42361038825946,356104000
2023-03-29,26.96013641357422,27.054053149072452,26.57347951939455,26.801278531792093,393694000
2023-03-30,27.358779907226562,27.474678436555607,27.078028306822056,27.204916786801245,364516000
2023-03-31,27.752429962158203,27.809378749397688,27.081023503257455,27.115992391152133,433933000
2023-04-03,27.940263748168945,27.975232636511667,27.311820418959282,27.484667727431294,398716000
2023-04-04,27.4287166595459,27.97523371673916,27.282845889494656,27.941263393705515,368592000
2023-04-05,26.857227325439453,26.97412252588098,26.371657076286322,26.8052732678004,515015000
2023-04-06,27.013086318969727,27.056047553520614,26.403625256641565,26.560485977879456,397654000
2023-04-10,27.554607391357422,27.59657006024275,26.645412420852104,26.7992755400983,395279000
2023-04-11,27.144969940185547,27.765420962103274,27.102006799330113,27.699479353630412,314378000
2023-04-12,26.471567153930664,27.443706150535657,26.42460783917617,27.345793254176353,446259000
2023-04-13,26.439592361450195,26.863217112653786,26.305712014928602,26.71035256577281,353615000
2023-04-14,26.734331130981445,26.85922056456347,26.196806902127364,26.480556091603322,395660000
2023-04-17,26.978118896484375,26.982115069024893,26.409621904454085,26.541505126599592,321471000
2023-04-18,27.642526626586914,28.085135558158072,27.332801374544683,27.508646286112445,604812000
2023-04-19,27.906295776367188,27.975234992237034,27.20791461166313,27.33680022607394,358660000
2023-04-20,27.080028533935547,28.005210147455717,26.976120423056454,27.646526498743864,427713000
2023-04-21,27.09501075744629,27.158955227215888,26.6983625730689,26.928158664013214,345103000
2023-04-24,27.018081665039062,27.341794498427166,26.647409518060194,26.989107985798988,339282000
2023-04-25,26.217790603637695,27.2229013742331,26.201805913337573,27.054050219721624,378527000
2023-04-26,26.932153701782227,27.305823404724503,26.68137628889595,26.978114442564554,406337000
2023-04-27,27.201915740966797,27.470678790035276,26.601447552641062,27.338795587588823,377161000
2023-04-28,27.724456787109375,27.733447698531908,27.047055069952613,27.200920093090993,292216000
2023-05-01,28.884428024291992,29.032297830068675,27.755428384065603,27.81537477855387,570329000
2023-05-02,28.185049057006836,28.810496754933304,28.058162478439368,28.654634590232256,402730000
2023-05-03,27.777406692504883,28.341907433104844,27.44769868321829,27.815373184826456,383387000
2023-05-04,27.537620544433594,27.834356814204146,27.21590486366876,27.626540615871196,321850000
2023-05-05,28.654632568359375,28.72956508673925,27.7064725625765,27.801387848122303,361494000
2023-05-08,29.125213623046875,29.194152833187378,28.324923456766907,28.496770293145723,344979000
2023-05-09,28.545730590820312,28.947375483780448,28.424839220758987,28.87344152488721,314869000
2023-05-10,28.859453201293945,29.087252189450044,28.435828416964906,28.97934600141485,369350000
2023-05-11,28.552719116210938,28.924391692794167,28.221013976145482,28.870438607270344,322149000
2023-05-12,28.314929962158203,28.754541262019682,28.02118941599848,28.50376194533573,274222000
2023-05-15,28.927392959594727,28.943379556146176,28.127102678492278,28.48278682439075,293926000
2023-05-16,29.187158584594727,29.8435789202714,28.806496990692356,28.81548790146732,449405000
2023-05-17,30.151308059692383,30.17228939441913,29.403970448812785,29.557833570142268,432535000
2023-05-18,31.649982452392578,31.799849406424173,30.29318370956392,30.383104263115214,748725000
2023-05-19,31.236345291137695,31.55206575731735,30.888653542259405,31.508104052568303,473908000
2023-05-22,31.14842987060547,31.49212551447805,30.652868222178014,30.873671544340333,372000000
2023-05-23,30.660856246948242,31.260325929202107,30.603907456096916,30.972580557946717,356253000
2023-05-24,30.510990142822266,30.579929358273947,29.77963722467679,30.183279227752074,721419000
2023-05-25,37.94640350341797,39.44507664562874,36.60259203294565,38.48892244912427,1543911000
2023-05-26,38.91155242919922,39.13535333136667,37.51678724611189,37.856486677468894,714397000
2023-05-30,40.07552719116211,41.90091111611417,39.91367170883157,40.55910031587385,923401000
2023-05-31,37.800537109375,40.259358998541856,37.78854668617227,39.45307354763965,1002580000
2023-06-01,39.73482131958008,40.01457242184314,38.30608594218301,38.45495240408073,635873000
2023-06-02,39.29221725463867,40.46418014077918,39.0234541630698,40.061536692451796,482731000
2023-06-05,39.1363525390625,39.53000121935848,38.67276227118168,38.87458325572637,396094000
2023-06-06,38.619808197021484,39.125361136510946,38.11425525753202,38.79565501764921,388729000
2023-06-07,37.44572830200195,39.46814951284709,37.32682176637619,38.88460601702987,511998000
2023-06-08,38.479923248291016,38.83364687712899,37.47571086548645,37.694537790431326,417772000
2023-06-09,38.739715576171875,39.67997860030122,38.53687503234718,39.00650530356787,427717000
2023-06-12,39.4511604309082,39.499123275212575,38.58783685686491,39.16938300880245,388701000
2023-06-13,40.98995590209961,41.06889657145173,39.70895962649225,40.15461038931082,613208000
2023-06-14,42.963417053222656,42.966413063285984,40.52032331528582,40.79211402973289,740465000
2023-06-15,42.61968994140625,43.255194841743766,42.11408458461737,42.5687310811785,568622000
2023-06-16,42.658653259277344,43.6868488037051,42.62767543128522,43.416060581927226,655709000
2023-06-20,43.77378845214844,43.955649344990384,42.640675134967545,42.9644234306128,451153000
2023-06-21,43.01137924194336,43.58093756834967,42.04713658375585,43.46702437838124,551603000
2023-06-22,42.99139404296875,43.392077979853475,42.201011539171446,42.21999389255843,417737000
2023-06-23,42.176025390625,42.77555513779792,41.982176702107104,42.43082724844622,358140000
2023-06-26,40.60026550292969,42.730600334546075,40.06867951218722,42.42783558135576,594322000
2023-06-27,41.843284606933594,41.90723378479605,40.41640261431228,40.76712632853293,462175000
2023-06-28,41.08488845825195,41.81232053515092,40.48635724932419,40.62824464055819,582639000
2023-06-29,40.79011154174805,41.56750370507978,40.56828482936424,41.52553669526217,380514000
2023-06-30,42.26895523071289,42.51676261089797,41.468582218513255,41.647443251980995,501148000
2023-07-03,42.37986755371094,42.86448930889797,42.169033838728204,42.483786406248804,198209000
2023-07-05,42.28395080566406,43.143275924330226,42.05212974638505,42.102089932908285,323618000
2023-07-06,42.07011413574219,42.14605498586675,41.31370545626282,41.81131756799603,303582000
2023-07-07,42.46980285644531,43.18024990252509,42.14705707601412,42.28894446417988,355881000
2023-07-10,42.14706039428711,42.77756814161345,41.61647302860195,42.62368907673001,353908000
2023-07-11,42.37187576293945,42.724600671080424,42.03414233997435,42.44781661195004,298244000
2023-07-12,43.86770248413086,43.90067764855856,42.74358137770357,42.99938189898188,481277000
2023-07-13,45.94109344482422,46.11895201895111,44.45725261049975,44.48323328046501,478204000
2023-07-14,45.43349075317383,48.050444811535804,45.02480978329466,46.546619140200846,772075000
2023-07-17,46.424705505371094,46.45967801263674,45.22664460524396,46.252842790646994,510488000
2023-07-18,47.45690155029297,47.85858797189123,45.69827797708258,46.66452170058574,569164000
2023-07-19,47.04022216796875,47.78064441217516,46.70548479149979,47.426920872593946,427502000
2023-07-20,45.48444366455078,47.05022098399054,45.02680123666584,46.470672206647684,537865000
2023-07-21,44.274391174316406,45.83017811976025,44.06555477681696,45.75223611318822,963769000
2023-07-24,44.577152252197266,45.07376568294936,44.005600454709025,44.6960587806985,382516000
2023-07-25,45.6433219909668,46.14692613209552,44.88791196755602,44.90589946333249,348081000
2023-07-26,45.4164924621582,46.01702469777884,44.59513601307883,45.9850482020561,364237000
2023-07-27,45.8641471862793,47.35797831429428,45.71426283263286,46.48266314205839,455976000
2023-07-28,46.71348190307617,46.99026595538216,46.34477066056632,46.63154522435899,331194000
2023-07-31,46.6924934387207,47.09318113651824,46.46966808257679,46.71747543236002,251055000
2023-08-01,46.470664978027344,46.86335949014656,45.99104044985937,46.42370081387156,237858000
2023-08-02,44.23442459106445,45.80419670368741,43.353113509905164,45.79520486142881,530142000
2023-08-03,44.480224609375,45.08275419071188,43.765783009489404,43.765783009489404,324176000
2023-08-04,44.645103454589844,45.60635008188567,44.35832886320504,44.94986554244231,362666000
2023-08-07,45.38153076171875,45.50443580088547,44.52819761374418,45.07576998074253,322154000
2023-08-08,44.62911605834961,45.2066637195198,44.0215892371064,44.81796761407976,353843000
2023-08-09,42.52076721191406,44.27739367717081,42.10109323963413,44.239421341662016,586449000
2023-08-10,42.354896545410156,43.53997113311342,41.80232702153618,42.12707396720268,492705000
2023-08-11,40.823089599609375,41.985183246912044,40.607258703595875,41.71838968414298,533085000
2023-08-14,43.71882629394531,43.76579047022575,40.279517041963544,40.454379600754656,690286000
2023-08-15,43.90568923950195,45.23265523318238,43.6758692863325,44.52520787331733,676512000
2023-08-16,43.452030181884766,44.640100549597996,43.372090845714155,44.48522285041412,527451000
2023-08-17,43.310142517089844,44.02758013920778,42.96740814260929,43.93565295261865,452395000
2023-08-18,43.265174865722656,43.543956241722725,41.627455303744846,42.60169211486707,583768000
2023-08-21,46.93031692504883,47.02823995825299,44.1874618900852,44.4592488124891,692573000
2023-08-22,45.63233184814453,48.14936547616456,45.29759440317979,48.09740413737571,755293000
2023-08-23,47.079200744628906,47.1631347697341,45.172690060210584,45.830177068585726,779046000
2023-08-24,47.12615966796875,50.22673658703904,47.12216498787686,50.17677640386691,1156044000
2023-08-25,45.982059478759766,47.76766250313572,44.98883254303396,46.975282602767756,925341000
2023-08-28,46.79841995239258,46.943307161709576,44.85294200358458,46.445695012544455,685192000
2023-08-29,48.745887756347656,49.04265660856325,46.35475573928801,46.629542419435225,701397000
2023-08-30,49.225521087646484,49.88800143615993,48.387175707748206,49.005691704274305,735206000
2023-08-31,49.31644821166992,49.705144301675666,48.91975894986802,49.34143020878583,528570000
2023-09-01,48.471099853515625,49.7610915894436,48.10438600318875,49.723123077140905,463830000
2023-09-05,48.51008605957031,48.81285082996846,47.82262363775037,48.185339110764936,382653000
2023-09-06,47.02811813354492,48.515077394105326,46.54745522657099,48.40715496062999,468670000
2023-09-07,46.20869064331055,46.311619313403384,45.120450870903866,45.4931913383561,433330000
2023-09-08,45.54015350341797,46.57343135473317,45.239365149462806,45.909897697113266,473069000
2023-09-11,45.14643096923828,46.13073944810292,44.2810350025815,46.11575054004364,473966000
2023-09-12,44.83864212036133,45.64108235714804,44.49987832466093,44.706734397330045,349256000
2023-09-13,45.45321273803711,45.8979014381754,44.47189676668764,44.568829098773264,398355000
2023-09-14,45.54915237426758,45.95486692026357,45.099466041293624,45.917894023696675,370097000
2023-09-15,43.869319915771484,45.567129987886304,43.777381347712456,45.30931088292171,506831000
2023-09-18,43.935272216796875,44.211080299105845,41.97064663049677,42.7181249588287,500271000
2023-09-19,43.48958969116211,43.93527718281478,42.971950102234956,43.80237069955783,373064000
2023-09-20,42.2094841003418,43.872322851544475,42.19349643912847,43.5695331686225,367108000
2023-09-21,40.988338470458984,42.07058192849427,40.95136557382746,41.55394487986268,450736000
2023-09-22,41.580928802490234,42.085577039704084,41.202191983473384,41.54295333933315,479236000
2023-09-25,42.1924934387207,42.506273177622504,41.14822175071883,41.56193389222181,419091000
2023-09-26,41.881710052490234,42.79007519984935,41.62588843808872,41.97164730902177,402282000
2023-09-27,42.43832015991211,42.84204096958368,41.59990959746065,42.3004199239516,444935000
2023-09-28,43.05888748168945,43.41563643301945,42.085569148140415,42.430325448929366,424663000
2023-09-29,43.468605041503906,44.113154796580034,43.276737862234015,43.79637496273023,397830000
2023-10-02,44.750709533691406,45.143432663496135,43.830351660184725,43.99923228856128,433298000
2023-10-03,43.48658752441406,45.098463094837925,43.2157769974795,44.77668570728605,470850000
2023-10-04,44.010223388671875,44.112153297816725,43.26174626009731,43.71143255099348,361821000
2023-10-05,44.65677261352539,44.868626271295504,43.85733240049327,44.01921794767318,393483000
2023-10-06,45.73002243041992,45.75700398969615,43.99523549081201,44.16211860779347,434436000
2023-10-09,45.24135971069336,45.57312842393476,44.3369933910708,44.81066115962172,409675000
2023-10-10,45.7660026550293,46.226679104421834,45.056499625489394,45.278344642774314,368582000
2023-10-11,46.77329635620117,46.82626072787499,46.01782405573412,46.16372195389678,378137000
2023-10-12,46.91219711303711,47.57573461020595,46.297628975923374,46.744315234099965,481325000
2023-10-13,45.42923355102539,47.0830797443062,45.24836026520754,46.92718670300792,474115000
2023-10-16,46.06278991699219,46.192696327999904,44.880614130194836,45.0315095868921,375099000
2023-10-17,43.90730667114258,44.72273854205583,42.45032497952335,43.96926363527681,812333000
2023-10-18,42.16651153564453,43.18879926057118,41.79577241593963,42.5612359572998,627294000
2023-10-19,42.07158279418945,43.26674621056965,41.85273405618411,42.78108575212414,501233000
2023-10-20,41.35807418823242,42.44031742392992,41.049288238076365,41.86072097681651,477266000
2023-10-23,42.94497299194336,43.21778487682209,40.91639251850647,41.200194491752654,478530000
2023-10-24,43.63248825073242,43.66646488934986,42.66117113532344,43.04689918780669,401463000
2023-10-25,41.74980545043945,43.61950024898592,41.525962950621626,43.36767362465919,398379000
2023-10-26,40.297821044921875,42.22647269652664,39.852133556535904,41.8237544285133,541001000
2023-10-27,40.471702575683594,41.177210573030834,39.987040836148445,41.1012634608965,416784000
2023-10-30,41.13223648071289,41.73681325645553,40.45271135167305,41.05829069172662,388028000
2023-10-31,40.751502990722656,40.85043664876845,39.20258684468398,40.42173556666503,517969000
2023-11-01,42.29542922973633,42.35138985981638,40.840445223590976,40.8554341335007,437593000
2023-11-02,43.47560119628906,43.85333542629518,42.864029312260996,43.297724168934685,409172000
2023-11-03,44.97355651855469,45.27734115862164,43.692450744970955,43.989244118396975,424610000
2023-11-06,45.719032287597656,45.90290564428218,44.86762640814462,45.25335828782106,400733000
2023-11-07,45.92288589477539,46.18569877151303,45.126441998746536,45.68705076383751,343165000
2023-11-08,46.54146194458008,46.83425650544142,45.93588252657113,46.06779027302312,346719000
2023-11-09,46.91719055175781,48.19629482563236,46.71732955595706,47.43382754729244,540496000
2023-11-10,48.30122756958008,48.438132884975005,47.249964459009426,47.46681189639429,421245000
2023-11-13,48.58602523803711,49.08168084897678,48.065389383307924,48.28623562834099,384136000
2023-11-14,49.621307373046875,49.799184420857124,49.005740408913326,49.64529267982374,416954000
2023-11-15,48.853843688964844,49.925093307072636,48.16632465148742,49.900113061154364,475497000
2023-11-16,49.44542694091797,49.490397480832705,48.296232754650504,48.64498792594149,339756000
2023-11-17,49.2635498046875,49.6822557173945,48.972752795957,49.48938979715289,325205000
2023-11-20,50.373775482177734,50.51267829045294,49.14663294635536,49.27754192431734,414120000
2023-11-21,49.909095764160156,50.481693358553215,49.18760022799973,50.09096777649301,565747000
2023-11-22,48.68196105957031,50.29982932340877,47.65667696410155,49.817168906440536,899420000
2023-11-24,47.742618560791016,48.8868189750065,47.711638178100976,48.43613388773008,294645000
2023-11-27,48.20828628540039,48.496083215098835,47.618698458972716,47.766593838676684,395662000
2023-11-28,47.78758239746094,48.289234319970646,47.439826002688484,48.202293315261734,401491000
2023-11-29,48.106361389160156,48.727928411184934,47.826558260033494,48.345196613263326,382005000
2023-11-30,46.73731994628906,48.07638377452515,46.3895635380406,47.990441518765145,526247000
2023-12-01,46.732330322265625,47.16702781253812,46.15473498557714,46.49250011607089,369317000
2023-12-04,45.47819900512695,46.044804165615915,44.97854837139348,46.044804165615915,437543000
2023-12-05,46.537559509277344,46.57153532629203,45.24334850919928,45.438229098759074,371718000
2023-12-06,45.47520446777344,47.35805637744802,45.3842604483653,47.18616055304672,380590000
2023-12-07,46.56753158569336,46.600512368918565,45.57613709541874,45.67207911260122,350823000
2023-12-08,47.47698211669922,47.71183918008555,46.52156479549851,46.566539290284055,359224000
2023-12-11,46.5985221862793,47.50196941134899,45.80201186954374,47.461996738126764,509728000
2023-12-12,47.627891540527344,47.6368849146668,46.017875514105,46.017875514105,372387000
2023-12-13,48.058624267578125,48.56431567041087,47.5789179572985,47.59990503689136,447792000
2023-12-14,48.32046127319336,48.6402654789673,47.39303060139569,48.36043775200682,391232000
2023-12-15,48.86013412475586,49.37382007835511,48.09060403450958,48.16456014183968,479948000
2023-12-18,50.04640579223633,50.4021872923408,49.1199739909024,49.369821256751614,412587000
2023-12-19,49.573692321777344,49.66963433728467,48.86512588284418,49.39380199579273,464444000
2023-12-20,48.08161163330078,49.96845884341608,48.06861908632006,49.62466720561467,397894000
2023-12-21,48.960079193115234,49.06501460293359,48.38942499443551,48.78118767012464,300425000
2023-12-22,48.800167083740234,49.352826795671184,48.437386098484225,49.16494193668389,252507000
2023-12-26,49.24889373779297,49.56969677808233,48.930088377699356,48.93808291084912,244200000
2023-12-27,49.386817932128906,49.64965779045569,49.05501997219191,49.48076228970736,233648000
2023-12-28,49.49174499511719,49.85352335128604,49.38181158719183,49.61267326878179,246587000
2023-12-29,49.49174499511719,49.96645709185245,48.721216111915,49.782567581126976,389293000
2024-01-02,48.138572692871094,49.26488309320295,47.565924699352884,49.21391556134482,411254000
2024-01-03,47.53993606567383,48.15455817196312,47.291087653176916,47.4559877548122,320896000
2024-01-04,47.96868133544922,48.47037358886087,47.4789789763883,47.737819636783634,306535000
2024-01-05,49.0670051574707,49.516731000212985,48.27648803927744,48.43239477719924,415039000
2024-01-08,52.2210807800293,52.24307051371221,49.44877695414858,49.48175774230581,642510000
2024-01-09,53.107540130615234,54.29181767502081,51.65842506490768,52.36899311649789,773100000
2024-01-10,54.316795349121094,54.566642620850935,53.45632128428564,53.58324641272958,533796000
2024-01-11,54.78850173950195,55.312183643545765,53.52727561107459,54.965395542446196,596759000
2024-01-12,54.67657470703125,54.93641799826661,54.29680960809761,54.58662953889082,352994000
2024-01-16,56.347557067871094,56.800279452629056,54.86646395445467,54.984391900558016,449580000
2024-01-17,56.018760681152344,56.43650460830921,54.706563019184806,56.312579806380306,474394000
2024-01-18,57.072113037109375,57.5648119047759,56.07272391506558,57.225019450786334,491650000
2024-01-19,59.45466232299805,59.46365569707979,57.190043807244585,57.95357707318065,543501000
2024-01-22,59.61756134033203,60.29414976562131,59.03391842649556,60.01232052303933,452955000
2024-01-23,59.83642578125,59.8734019281728,58.549210583878605,59.53360947543731,294654000
2024-01-24,61.32451248168945,62.810603561548206,59.901382639629475,60.26716017281773,560271000
2024-01-25,61.57936096191406,62.68068897905718,60.8128273903059,62.311911094050835,482777000
2024-01-26,60.99371337890625,61.74525668401416,60.535996808090815,60.92275760795634,390309000
2024-01-29,62.426841735839844,62.450825336358335,60.869794823781135,61.1945932389414,348733000
2024-01-30,62.735652923583984,63.45421549320403,62.22196696017239,62.861579220191196,410735000
2024-01-31,61.48941421508789,62.230961514394274,60.66291975637589,61.40246556305648,453795000
2024-02-01,62.988494873046875,63.15239614325578,61.612337231861346,62.06205926012063,369146000
2024-02-02,66.11957550048828,66.55930144641191,63.651079802410266,63.93490665601146,476578000
2024-02-05,69.28964233398438,69.45454244217241,67.16394292298222,68.18331639891433,680078000
2024-02-06,68.18132019042969,69.71138308978904,66.25949848302591,69.58745829595591,683111000
2024-02-07,70.0561752319336,70.17710350841662,67.5587013332111,68.2772638618389,495575000
2024-02-08,69.59844207763672,70.75073737144197,69.41255872885704,70.03117613467934,414422000
2024-02-09,72.08893585205078,72.14089841148939,70.16910418058404,70.48990722179018,436637000
2024-02-12,72.20387268066406,74.5654283449227,71.20648115197012,72.55565505937633,613710000
2024-02-13,72.08394622802734,73.40513741451034,69.57748237910234,70.35700477469595,602580000
2024-02-14,73.85486602783203,74.19065934700839,71.89406636072601,73.15729429339046,504917000
2024-02-15,72.61360931396484,73.92980608164119,72.35577132172895,73.82387565740021,420122000
2024-02-16,72.56864166259766,74.35655027525982,72.45671056832468,74.0547328068878,495327000
2024-02-20,69.4095687866211,71.91203666406658,67.69261615478561,71.90303947909813,704833000
2024-02-21,67.4307861328125,68.84592156210476,66.2075347659216,67.96445653317794,673755000
2024-02-22,78.49002075195312,78.52699308470093,74.17465795695503,74.97916646287784,865100000
2024-02-23,78.76885986328125,82.34367088132632,77.52261988480991,80.74065432651751,829388000
2024-02-26,79.04368591308594,80.596737435313,78.4570388969918,79.65130857177527,503973000
2024-02-27,78.65291595458984,79.4314469973946,77.1148623296948,79.3325008302499,391705000
2024-02-28,77.61554718017578,78.88476781049101,77.07787390422563,77.57257418666705,393110000
2024-02-29,79.06366729736328,79.94112925032395,78.3021317921465,79.0456805510973,507289000
2024-03-01,82.2287368774414,82.24972776986829,79.38647244624788,79.95112973995113,479135000
2024-03-04,85.1849365234375,87.641435353428,83.66786597883684,84.07861042508992,615616000
2024-03-05,85.91551208496094,86.04844030428545,83.36995155382468,85.22190326590307,520639000
2024-03-06,88.64997863769531,89.67340327370732,86.98092218791462,87.97236718689258,582520000
2024-03-07,92.61672973632812,92.71467403344542,89.55145830366479,90.10714445366249,608119000
2024-03-08,87.47863006591797,97.34506345152579,86.45720334881955,95.08433828640496,1142269000
2024-03-11,85.72562408447266,88.74691405918401,84.11852931570184,86.3802534333582,678364000
2024-03-12,91.86116027832031,91.90813084085208,86.10141029804566,87.9993412781643,668075000
2024-03-13,90.83673095703125,91.45238079004136,88.38511175577527,91.00363657004534,635713000
2024-03-14,87.89439392089844,90.5948732884495,86.55115025815236,89.52647603225017,602318000
2024-03-15,87.7874526977539,89.49548835416286,86.20834970674177,86.88096661769565,642086000
2024-03-18,88.40510559082031,92.35287440054489,87.03587564379455,90.33701387030251,668976000
2024-03-19,89.34757995605469,90.49292967987033,84.9620544077868,86.65109602123033,672171000
2024-03-20,90.32103729248047,90.35901787579786,88.17324712477493,89.74635698272712,479063000
2024-03-21,91.38343048095703,92.59575144201277,90.35401259550207,92.24794813241263,480372000
2024-03-22,94.23580932617188,94.72453187599703,90.78275659770236,91.0895826139038,586719000
2024-03-25,94.94841766357422,96.71142270452334,93.45726238634705,93.88801905784321,552136000
2024-03-26,92.5087890625,96.3206408094852,92.44982423178193,95.79693429152606,513648000
2024-03-27,90.1990966796875,93.18740810778951,89.07273343467564,93.0594819501001,586067000
2024-03-28,90.30503845214844,91.24850624285476,89.14269241707345,89.9492364441801,435212000
2024-04-01,90.3120346069336,92.1729839586744,89.15369169415271,90.24807533872301,452441000
2024-04-02,89.40154266357422,90.04317879660557,87.57057538202243,88.39810360146309,433064000
2024-04-03,88.91383361816406,90.32304223513688,88.35015627144904,88.43410854117649,370067000
2024-04-04,85.85653686523438,90.58287298050408,85.83154944356146,90.35499714995936,434965000
2024-04-05,87.95836639404297,88.4310991932804,85.87753991776991,86.81700456921507,399678000
2024-04-08,87.08384704589844,88.77988827828314,86.68307229452097,88.64995673788222,283220000
2024-04-09,85.30584716796875,87.58556628736338,82.97516956737525,87.39267436773328,501700000
2024-04-10,86.98990631103516,87.35070274664696,83.66178279831279,83.87866326448999,431929000
2024-04-11,90.56488800048828,90.687819723934,86.87697442257391,87.37069146521046,431637000
2024-04-12,88.13626098632812,90.1241452492344,87.48063273280795,89.64840815742117,426805000
2024-04-15,85.95250701904297,90.5619060136459,85.88054901990306,89.04776086993422,443077000
2024-04-16,87.36569213867188,88.06829089560239,86.01545628049773,86.38424380509475,370453000
2024-04-17,83.98760223388672,88.72492641813315,83.90264346955806,88.29016660250515,495400000
2024-04-18,84.62324523925781,86.14139337931326,82.35552770602675,84.9220802095837,447260000
2024-04-19,76.15702056884766,84.27643922651326,75.56336143765269,83.10310538210794,875198000
2024-04-22,79.47314453125,80.02783178093904,76.35690706369323,78.0599406532052,596341000
2024-04-23,82.37650299072266,82.72230848851257,80.21872426508081,80.7234366574032,438559000
2024-04-24,79.63207244873047,84.03458726895308,79.13834771907712,83.90265792111582,512208000
2024-04-25,82.58539581298828,83.27600032547527,78.17887846781115,78.82351130528671,424641000
2024-04-26,87.68551635742188,88.28118087279601,83.33996914129987,83.77072580488384,551011000
2024-04-29,87.70751953125,87.94238000481042,85.21791921054779,87.54560831747182,388971000
2024-04-30,86.35326385498047,88.76890032049818,86.25132401291081,87.19078860426956,363709000
2024-05-01,82.99414825439453,85.9514784070707,81.20915281271795,85.02900264492887,559863000
2024-05-02,85.76860046386719,86.18836175340402,83.15307206256357,84.40136817425811,377898000
2024-05-03,88.73892211914062,89.23064138508623,86.99090805240313,87.73948614559522,398341000
2024-05-06,92.0880355834961,92.16799229625614,89.00477633292259,89.33958648937698,376203000
2024-05-07,90.5029296875,91.72923505394095,88.96080064953647,91.04662159823116,437342000
2024-05-08,90.36100006103516,91.14255660736433,89.36955526816209,89.4325232671434,325721000
2024-05-09,88.69695281982422,91.02063858717587,88.18124497678554,90.47794554376881,378013000
2024-05-10,89.82730865478516,91.34945233112951,89.17667483195356,90.25406978590553,335325000
2024-05-13,90.34801483154297,90.94667600491073,88.47906681215352,90.42696502755186,289680000
2024-05-14,91.30448150634766,91.5993133075769,88.88384272491611,89.5484686052902,296507000
2024-05-15,94.57662963867188,94.80850105677926,91.54734077306348,92.41984953324487,417735000
2024-05-16,94.3057861328125,95.7649618311796,94.04992617640089,94.85647788998737,323952000
2024-05-17,92.42683410644531,94.68656039026546,91.75421718471637,94.31577507944353,359691000
2024-05-20,94.72654724121094,95.14630855060346,93.38730659931326,93.69712933361367,318764000
2024-05-21,95.33220672607422,95.34619876949091,93.1274495632841,93.5462119787617,328946000
2024-05-22,94.89643859863281,95.96583473980165,93.19640167904086,95.40515417154504,548648000
2024-05-23,103.74046325683594,106.26003756449907,101.46274160839002,101.9704583406549,835065000
2024-05-24,106.40894317626953,106.41493649766242,102.94189825157174,104.39007837740144,429494000
2024-05-28,113.83675384521484,114.87417036274923,109.82102250000426,110.18181893492428,652728000
2024-05-29,114.7602310180664,115.42685462015827,110.83844833840384,112.98623828974068,557442000
2024-05-30,110.43767547607422,115.75367568258609,109.60114957621623,114.58533630630252,484553000
2024-05-31,109.5711669921875,112.65342715935483,106.87968513049076,112.45653205108225,613263000
2024-06-03,114.93514251708984,114.93514251708984,111.93983111247248,113.55692243893306,438392000
2024-06-04,116.37133026123047,116.53424034822847,113.98068096958718,115.65074383289046,403324000
2024-06-05,122.37094116210938,122.37993114467406,117.40174545593459,118.30423600418825,528402000
2024-06-06,120.92975616455078,125.51616477932996,118.25326519915947,123.97803133753258,664696000
2024-06-07,120.81982421875,121.62337164710611,117.95544321860926,119.70245088550641,412386000
2024-06-10,121.72130584716797,123.0305645078952,116.94400320335374,120.30210862140808,313434100
2024-06-11,120.85173797607422,122.81079255068147,118.68277788836801,121.71131653242202,222551200
2024-06-12,125.1396713256836,126.81886214949532,122.51094129451408,123.00070306062463,299595000
2024-06-13,129.5475311279297,129.7374419918796,127.09871503024357,129.32763594350715,260704500
2024-06-14,131.8164520263672,132.7759808624214,128.2581700274141,129.89737910282292,309320400
2024-06-17,130.91688537597656,133.66556033801308,129.5175660413327,132.92592665460285,288504400
2024-06-18,135.5146484375,136.26428691629846,130.62700616579136,131.07678620278367,294335100
2024-06-20,130.71697998046875,140.69216665961412,129.45759262565218,139.73263779444994,517768400
2024-06-21,126.50899505615234,130.56704338903992,124.24009251378381,127.05873301556977,649445800
2024-06-24,118.05307006835938,124.40000776140424,117.98310411428992,123.18059459700767,476060900
2024-06-25,126.02923583984375,126.43904192857353,119.2625015362155,121.14159285282038,414192600
2024-06-26,126.3390884399414,128.0582531537486,122.54091663746888,126.06921428451571,362975900
2024-06-27,123.93024444580078,126.34908399185862,122.8607604065947,124.04019204451785,252571700
2024-06-28,123.48046875,127.648457456266,122.69084852465333,124.5199685039101,315516700
2024-07-01,124.2401123046875,124.7798454089979,118.77274666283829,123.41051038858464,284885500
2024-07-02,122.61088562011719,123.35053451744282,120.97167651778796,121.07162680437523,218374000
2024-07-03,128.21817016601562,128.21817016601562,121.30150730962696,121.60136576540062,215749000
2024-07-05,125.76935577392578,128.78790450042015,125.61942654400949,127.3186041478144,214176700
2024-07-08,128.13818359375,130.70695175433724,126.97874686873942,127.42852684489468,237677300
2024-07-09,131.3166961669922,133.7555228326683,128.58800070420872,130.28719371816868,285366600
2024-07-10,134.84500122070312,135.03491211498738,132.35619546389498,133.965420342518,248978600
2024-07-11,127.33861541748047,136.08439171293904,126.98878558577707,135.68459054854569,374782700
2024-07-12,129.17774963378906,131.856451337425,127.15871841221467,128.19821072594715,252680500
2024-07-15,128.3780975341797,131.3266726567918,127.11870268784229,130.49707086610906,208326200
2024-07-16,126.29910278320312,128.97780386568002,124.51996185494663,128.3781021800115,214769500
2024-07-17,117.9331283569336,121.79126850169425,116.66374383425097,121.29150949460832,390086200
2024-07-18,121.0316390991211,122.34101295266511,116.50382347473696,121.79127496540796,320979500
2024-07-19,117.8731689453125,121.54139851435873,117.31344125378135,120.29200089882109,217223800
2024-07-22,123.48046875,124.01021213043963,119.8022417845173,120.29200352530061,258068900
2024-07-23,122.53092193603516,124.62991607602876,122.04116019537173,122.72083281792666,173911000
2024-07-24,114.1949462890625,119.8921965766103,113.38533904444206,119.11257365575831,327776900
2024-07-25,112.22587585449219,116.57377747571985,106.24876269608933,112.985511642852,460067000
2024-07-26,113.00550842285156,116.14399449340688,111.52622597755057,116.13400480341201,293399100
2024-07-29,111.53622436523438,116.2239668309142,111.24637081842914,113.63521853690591,248152100
2024-07-30,103.68001556396484,111.93602955521253,102.49058658822665,111.46625482947668,486833300
2024-07-31,116.96359252929688,118.28295597890576,110.82655264429766,112.84558326649312,473174200
2024-08-01,109.1573715209961,120.1020993651303,106.75852653969832,117.4733618639685,523462300
2024-08-02,107.21829986572266,108.66760564065457,101.32114936142939,103.70999693537759,482027500
2024-08-05,100.4015884399414,103.36016867781126,90.6462974352404,92.0156323292122,552842400
2024-08-06,104.19975280761719,107.6580842159302,100.50153921149465,103.78994676213023,409012100
2024-08-07,98.86233520507812,108.74756823143176,98.64244001125142,107.75803985921162,411440400
2024-08-08,104.9194107055664,105.44915405082541,97.47299667346623,101.95084088326249,391910000
2024-08-09,104.69951629638672,106.54862317361375,103.38015276837264,105.58908675557784,290844200
2024-08-12,108.96746063232422,111.01647580125626,106.20879614847053,106.26876479464013,325559900
2024-08-13,116.08403015136719,116.17399074467681,111.52623010948827,112.38581627538197,312646700
2024-08-14,118.02310943603516,118.54285553833287,114.01503936808065,118.47288957022128,339246400
2024-08-15,122.80079650878906,123.180610648127,117.41339446628129,118.70277375276062,318086700
2024-08-16,124.51995849609375,124.93975424016854,121.12159565561768,121.88123149659879,302589900
2024-08-19,129.93734741210938,129.93734741210938,123.36051676677039,124.22010290586175,318333600
2024-08-20,127.18868255615234,129.81742012912812,125.82933728380516,128.33812230971984,300087400
2024-08-21,128.43804931640625,129.2876456264653,126.59894005268639,127.2586178970324,257883600
2024-08-22,123.68035888671875,130.68698241163722,123.04066795762931,129.9573385201996,376189100
2024-08-23,129.30763244628906,129.53753255606168,125.15963905002394,125.79932992863567,323230300
2024-08-26,126.3990478515625,131.196729770517,124.31005885081005,129.50755712849073,331964700
2024-08-27,128.23817443847656,129.1377346219971,123.82029866993177,124.98974063480068,303134600
2024-08-28,125.54946899414062,128.26815944285755,122.580899020736,128.05825393148814,448101100
2024-08-29,117.53331756591797,124.37002462838785,116.65374447412273,121.30150468369611,453023300
2024-08-30,119.31246948242188,121.69131963851615,117.16350420185492,119.47238840117339,333751600
2024-09-03,107.94794464111328,116.15398655476369,107.23828777198462,115.95408600386334,477155100
2024-09-04,106.1588134765625,113.21540862229497,104.06982436712501,105.3592035946603,372470300
2024-09-05,107.15834045410156,109.59716719188593,104.70952402528704,104.93940893047393,306850700
2024-09-06,102.78044128417969,108.09787692095124,100.90134249947533,107.98792932713482,413638100
2024-09-09,106.41868591308594,106.49864918568733,103.64002700878578,104.8294482794324,273912000
2024-09-10,108.04788970947266,109.34726610485653,104.89940661736314,107.7580285866342,268283700
2024-09-11,116.8536605834961,117.13352442144715,107.36822866067497,109.33728046789619,441422400
2024-09-12,119.0927734375,120.7421209186122,115.33426173002456,116.79368208487448,366052700
2024-09-13,119.05278015136719,119.91243980632909,117.55337484057826,119.03279143615939,238358300
2024-09-16,116.73370361328125,118.13315013570288,114.31466480568342,116.74370178435876,248772300
2024-09-17,115.54417419433594,118.75290839853001,114.78448096424103,118.12315326201993,231925900
2024-09-18,113.3250503540039,117.65332766764698,113.17510830529987,115.84404779202798,310318900
2024-09-19,117.82327270507812,119.6125639674696,117.2035157611041,117.30347459042382,293506400
2024-09-20,115.95401763916016,118.57298181753792,115.3442588328446,117.01359501507952,382462400
2024-09-23,116.21391296386719,116.94361929782039,114.81446644323901,116.50379891378353,206228500
2024-09-24,120.82209014892578,121.75172180406905,115.33426088161053,116.47380837806097,354966800
2024-09-25,123.4610366821289,124.89047006468225,121.5617884105282,121.97162190060216,284692900
2024-09-26,123.9908218383789,127.61937987933592,121.75171208350119,126.7497296956914,302582900
2024-09-27,121.35187530517578,123.98082995705606,119.21272426875333,123.92085618310571,271009200
2024-09-30,121.3918685913086,121.451842369324,118.10317169758383,118.26310431441512,226553700
2024-10-01,116.95361328125,122.39145893750027,115.74409392230913,121.72171877480598,302094500
2024-10-02,118.80288696289062,119.33267565347262,115.09435850244638,116.39384623986545,221845900
2024-10-03,122.80130004882812,124.31070361178112,120.29229289145833,120.87206480654892,277118000
2024-10-04,124.87047576904297,124.99043094258552,121.78170440742984,124.89047211115172,243678100
2024-10-07,127.66936492919922,130.58820542607234,124.90045886173723,124.94044391837012,346250200
2024-10-08,132.83731079101562,133.42707320550807,129.36868536610157,130.20834865989482,285722500
2024-10-09,132.59739685058594,134.46666574879316,131.3279114002274,134.05682465722603,246191600
2024-10-10,134.7565460205078,134.94647312682827,130.94805910825556,131.85770195813822,242311300
2024-10-11,134.74656677246094,135.72617401836632,133.60701929174726,133.9568713960576,170209500
2024-10-14,138.01527404785156,139.54466630986312,136.24597143489578,136.4159022137037,232347700
2024-10-15,131.54783630371094,138.5150744275185,128.68896947491228,137.8153397242487,377831000
2024-10-16,135.6662139892578,136.56585120891066,131.52785532391937,133.92689807815486,264879700
2024-10-17,136.87570190429688,140.83413853249198,136.81572813387166,139.28475003463748,306435900
2024-10-18,137.94529724121094,138.8449343829922,137.22558142668973,138.61502982502418,176090200
2024-10-21,143.6530303955078,143.6530303955078,137.94528751258602,138.07524085271365,264554500
2024-10-22,143.5330810546875,144.3627538949317,141.72380093133486,142.85335791004843,226311600
2024-10-23,139.50466918945312,142.37352650102258,137.40551088320953,141.97369118156848,285930000
2024-10-24,140.35433959960938,141.293969386979,138.40511570705533,140.76418072009866,172354900
2024-10-25,141.48388671875,144.0728716327459,140.74418981710016,140.8741279131319,205122100
2024-10-28,140.4643096923828,143.08326638426843,139.99449475491215,142.9433224828564,173586700
2024-10-29,141.19400024414062,142.20359433012132,138.8449258203989,140.23437413304583,157593600
2024-10-30,139.28475952148438,140.27437255912164,136.75576367804047,139.48467718743143,179418100
2024-10-31,132.70736694335938,137.55545044959692,132.05763071180766,137.54545990469654,270039600
2024-11-01,135.34632873535156,137.25557537634637,134.5166711244238,134.64660922766117,207127800
2024-11-04,135.99607849121094,138.90492874894582,135.51627301400697,137.15562237613318,187528200
2024-11-05,139.8545379638672,140.31434706066804,137.27555894461494,137.39550649112996,160537400
2024-11-06,145.5522918701172,146.4319479858603,141.90374455387283,142.90334822985668,242043900
2024-11-07,148.8209991455078,148.8709671267726,146.1120664908763,146.33198051831096,207323300
2024-11-08,147.57147216796875,149.7106230852884,146.20200497714438,148.7110195677981,175665800
2024-11-11,145.202392578125,148.79098057849544,143.51307554919703,148.62103456850656,182325600
2024-11-12,148.231201171875,149.5906625866308,145.95210633724608,146.72180532829077,198634700
2024-11-13,146.21202087402344,149.27080540839845,145.84215717514013,149.01091396688446,191903300
2024-11-14,146.7018280029297,148.94094569769402,145.49231611296014,147.5814841067195,194463300
2024-11-15,141.9237060546875,145.18242335032573,140.02446543358045,144.81255966940228,250132900
2024-11-18,140.09442138671875,141.49387540802257,137.09561095173166,139.44468522690033,221205300
2024-11-19,146.95172119140625,147.07168399645053,140.9341184421503,141.26398946372595,227834900
2024-11-20,145.83216857910156,147.5015047606034,142.67341754276418,147.3515703217148,309871700
2024-11-21,146.6118621826172,152.8293979645091,140.64422730754492,149.290807835149,400946600
2024-11-22,141.8937225341797,147.1016638018941,141.04406865837018,145.87214043901812,236406200
2024-11-25,135.96607971191406,141.99368792347047,135.7661620516237,141.93371415065735,344941900
2024-11-26,136.86572265625,139.2447840977321,135.61621816013385,137.64541224160723,190287700
2024-11-27,135.2863311767578,137.1655905980091,131.74774157257602,134.95646019838466,226370900
2024-11-29,138.19520568847656,139.29477581313424,135.99608069190262,136.7257870913165,141863200
2024-12-02,138.5750274658203,140.39429776497158,137.7653511333102,138.7749450999513,171682800
2024-12-03,140.20440673828125,140.48429454860658,137.8953246767264,138.2051993772479,164414000
2024-12-04,145.0824737548828,145.73221002899123,140.23438993110327,141.94371889092554,231224300
2024-12-05,145.0124969482422,146.49200804389403,143.9028598130552,145.06248362625453,172621200
2024-12-06,142.39334106445312,145.6522676421263,141.2637063556289,144.55263713920382,188505600
2024-12-09,138.7645263671875,139.90415231737651,137.08508402113657,138.92447761551347,189308600
2024-12-10,135.0257568359375,141.77354545828368,133.74616214517607,138.96445323342698,210020900
2024-12-11,139.2643585205078,140.12407738797447,135.16571086465208,137.31500040642362,184905200
2024-12-12,137.29501342773438,138.39465924672223,135.75552453494274,137.03510407678786,159211400
2024-12-13,134.20602416992188,139.55427778956917,132.4965775973186,138.89449032268433,231514900
2024-12-16,131.9567413330078,134.3559487102744,130.3772572956884,134.13601958774962,237951100
2024-12-17,130.3472900390625,131.54689392732612,126.81844751374322,129.04771280436398,259410300
2024-12-18,128.8677978515625,136.65524065308236,128.23799923564917,133.81617414487124,277444500
2024-12-19,130.63717651367188,133.98608501684748,129.50755712091288,131.7168244915274,209719200
2024-12-20,134.65586853027344,135.2356803497186,128.1779956829599,129.76747112979962,306528600
2024-12-23,139.62425231933594,139.74420813475027,135.07573952144836,136.23536324975828,176053500
2024-12-24,140.174072265625,141.85351466107915,138.60457919611483,139.9541431061549,105157000
2024-12-26,139.88417053222656,140.8038826879709,137.68489400548984,139.65425012018665,116205600
2024-12-27,136.96511840820312,138.97446981750295,134.66588395063462,138.50462254046806,170582600
2024-12-30,137.4449462890625,140.22403398735426,133.97608228188028,134.78581438230358,167734700
2024-12-31,134.2460174560547,138.02479365615312,133.7861766339878,137.98479821279548,155659200
2025-01-02,138.2646942138672,138.8345148325783,134.58590691715995,135.95545329338754,198247200
2025-01-03,144.4226837158203,144.85253555834646,139.68423069189672,139.96413776465596,229322500
2025-01-06,149.38104248046875,152.11015917129038,147.77158452702758,148.5413213081193,265377400
2025-01-07,140.09408569335938,153.07983530547875,139.9641234037018,152.97986196669754,351782200
2025-01-08,140.06411743164062,143.90285624874434,137.51494945407615,142.53330977712477,227349900
2025-01-10,135.86549377441406,139.87417502688794,134.17604480086774,137.40498271998055,207602500
2025-01-13,133.18637084960938,133.44629547754278,129.46758770744978,129.94744151880715,204808900
2025-01-14,131.7168426513672,136.33533995791205,130.00741122442506,136.0054462036023,195590500
2025-01-15,136.1953887939453,136.4053114797544,131.24699764678536,133.60622538989423,185217300
2025-01-16,133.5262451171875,138.70454064615834,133.44626949753135,138.59457607585483,209235600
2025-01-17,137.66490173339844,138.45463626831489,135.41563868932835,136.6452315490251,201188800
2025-01-21,140.78387451171875,141.78354697270905,137.0450940162502,139.1144233323199,197749000
2025-01-22,147.02183532714844,147.74158546149795,143.62293982675303,144.61262104889417,237651400
2025-01-23,147.17178344726562,147.18177468068177,143.67292977388993,145.0024960002277,155915500
2025-01-24,142.57327270507812,148.92119854206575,141.83352489203162,148.32138900097752,234657600
2025-01-27,118.3812026977539,128.35792888769186,116.6617649651342,124.75911743279188,818830900
2025-01-28,128.94775390625,128.95774513931468,116.21192149182427,121.77009783396647,579666400
2025-01-29,123.65947723388672,126.8484347440811,120.01067894543576,126.45856310434583,467120600
2025-01-30,124.60917663574219,124.9590604797062,118.06131881584726,123.05968123503551,392925500
2025-01-31,120.03067016601562,127.80812056780856,119.15096116009843,123.73945402173636,388161100
2025-02-03,116.62179565429688,118.53116613291392,112.9729895620065,114.71241754878405,371235700
2025-02-04,118.61112976074219,121.16028976109213,116.66176403787988,116.92168099297385,256550000
2025-02-05,124.78911590576172,124.95905839472358,120.72044926950534,121.72012173666313,262230800
2025-02-06,128.6378631591797,128.72784528628156,125.16900563533248,127.37828117148048,251483600
2025-02-07,129.79745483398438,130.32727996151158,124.95904429961287,129.17766285547097,228186300
2025-02-10,133.5262451171875,134.95576927734325,129.91742726932324,130.04737430419848,216989100
2025-02-11,132.7565155029297,134.43595803743202,130.9770996135579,132.5365863252507,178902400
2025-02-12,131.0970458984375,132.19669170682792,129.03772306980744,129.97741762356085,160278600
2025-02-13,135.24566650390625,136.455276767875,131.12702127315083,131.51689288233604,197430000
2025-02-14,138.8045196533203,139.20438251414282,135.45561099221797,136.43528567888637,195479600
2025-02-18,139.35433959960938,143.3930250185803,137.8848198127303,141.22373753647113,219176600
2025-02-19,139.1844024658203,141.31370984182348,137.17506616632772,139.46430955469114,167536000
2025-02-20,140.06411743164062,140.6139403685729,136.74519734237094,139.9841417995603,143903600
2025-02-21,134.38595581054688,141.41366694156105,133.98609294492073,139.99411868487,228217600
2025-02-24,130.23733520507812,138.544611438826,130.03740375103862,136.51527743543022,251381100
2025-02-25,126.5885238647461,130.1573543264651,124.39924631174091,129.93742515974864,271428700
2025-02-26,131.23699951171875,133.68619399137987,128.44792005609298,129.9474287481865,322553800
2025-02-27,120.11064910888672,134.96577503505506,119.97069557287365,134.9557838016939,443175800
2025-02-28,124.87908172607422,125.04902421361967,116.36187573271177,117.98134023479652,389091100
2025-03-03,114.02263641357422,123.65947815441595,112.2432206852501,123.46954557652553,411381400
2025-03-04,115.95201110839844,119.27092350243325,110.07393955565605,110.61376362073891,398163300
2025-03-05,117.26158142089844,118.2412561507128,114.47249437052442,117.54148848655969,284337900
2025-03-06,110.53378295898438,115.31221606989396,110.18389912538346,113.49281250827367,321181900
2025-03-07,112.6530990600586,113.44284126847423,107.52477413573757,111.21356818629886,341755500
2025-03-10,106.94495391845703,111.81335349826479,105.42544763902806,109.86399541986671,366487400
2025-03-11,108.72437286376953,112.20322856084239,104.73567447790636,106.95494843650206,354865700
2025-03-12,115.71273040771484,116.73249437499013,112.85340359157789,114.09311694895557,323857500
2025-03-13,115.55277252197266,117.73225924433854,113.76319330991835,117.0024278677365,299033100
2025-03-14,121.6413345336914,121.85128414551467,118.12216714928688,118.5820578648422,277593500
2025-03-17,119.50183868408203,122.86104771124882,118.00219206936818,122.711081524258,255501500
2025-03-18,115.4028091430664,118.99195980676369,114.51301940530757,117.97220343827061,299686900
2025-03-19,117.4923095703125,120.4216195833343,115.65274672556286,117.24236846895431,273426200
2025-03-20,118.50206756591797,120.17167220516042,116.44255543913019,116.52253841801043,248829700
2025-03-21,117.6722640991211,117.9621966837067,115.39280254041711,116.91244866461768,266498500
2025-03-24,121.38140106201172,122.19120779583362,119.31188140429414,119.8517551027078,228452500
2025-03-25,120.66156768798828,121.26142480153007,118.89198043130345,120.5216012824151,167447200
2025-03-26,113.73320007324219,118.81199741904777,112.68344440410922,118.70203035263671,293463300
2025-03-27,111.40375518798828,114.42304053099558,110.6339399022949,111.32377219977147,236902100
2025-03-28,109.6441650390625,112.84341584506377,109.04430789656145,111.46373602695421,229872500
2025-03-31,108.35446166992188,110.9338556226425,103.6255803841977,105.10522740758995,299212700
2025-04-01,110.12405395507812,110.17403760023085,106.4449205320371,108.49443304563391,222614000
2025-04-02,110.39398193359375,111.95361956622256,106.76483994973236,107.26472214391917,220601200
2025-04-03,101.7760238647461,105.60511590388697,101.57606639857329,103.48562015563714,338769400
2025-04-04,94.28778076171875,100.10640942744341,92.08830207120735,98.88670323249266,532273800
2025-04-07,97.61698913574219,101.72602116602216,86.59958951154498,87.43938789235719,611041300
2025-04-08,96.27731323242188,105.82505852328022,94.43774279946976,103.78553826456235,476243400
2025-04-09,114.30307006835938,115.07288532975399,97.50702445286697,98.86670469924479,612918300
2025-04-10,107.5446548461914,110.83388059600858,99.12664053501021,109.34423379452805,437812400
2025-04-11,110.90386962890625,111.52372632761113,107.45468536211307,108.4744417347206,313417300
2025-04-14,110.68392181396484,114.26308039077927,109.04430871921362,114.08312248391158,264705000
2025-04-15,112.1735610961914,113.5932323217664,110.47396469045397,110.94385517244878,228966900
2025-04-16,104.46538543701172,106.76484672728219,100.4263361362673,104.52537649088836,397016900
2025-04-17,101.46607971191406,104.44538077133734,100.02642426353728,104.4253812132841,292517500
2025-04-21,96.88717651367188,99.41657935183265,95.01761424618036,98.74673137333838,288501100
2025-04-22,98.86669921875,99.78648062043173,97.2570779520085,98.75672452641882,241004800
2025-04-23,102.68579864501953,104.77531016741209,101.99595878138034,104.4953697335839,247526000
2025-04-24,106.40491485595703,106.51488953927,103.08569768188364,103.4556132191724,220815000
2025-04-25,110.98385620117188,111.8936379045766,105.70510100806126,106.82483233532861,251064700
2025-04-28,108.70439147949219,110.34400455936343,105.9950231207954,109.66416443154382,207708500
2025-04-29,108.99430847167969,110.1740307356611,107.41468656100368,107.64462809509338,170444300
2025-04-30,108.89433288574219,108.89433288574219,104.05547701680861,104.44538450923935,235044600
2025-05-01,111.58370208740234,114.91291927434723,111.27377757314032,113.05335693358144,236121500
2025-05-02,114.47303009033203,115.37281962529518,113.34329900218786,114.15310576985596,190194800
2025-05-05,113.79318237304688,114.64298057759626,112.63345964895049,112.88340074602954,133163200
2025-05-06,113.51325988769531,114.7129742117387,110.7938992837595,111.4537475013017,158525600
2025-05-07,117.03242492675781,117.65228163619798,112.25355204144066,113.02337494499027,206758800
2025-05-08,117.34235382080078,118.65204278244111,115.82270761670769,118.22214377270919,198428100
2025-05-09,116.62252044677734,118.20215005190205,115.18285724943865,117.32235248570746,132972200
2025-05-12,122.97102355957031,122.97102355957031,120.25166311897564,121.94126742822685,225023300
2025-05-13,129.89938354492188,131.18908818741485,124.44067836400953,124.95056035306071,330430100
2025-05-14,135.30810546875,135.40808800730593,131.6489642323906,133.16861033831793,281180800
2025-05-15,134.79824829101562,136.26790331471523,132.62876117393418,134.25836692241,226632600
2025-05-16,135.36810302734375,136.31789147723805,133.42857277146337,136.18791721457987,226542500
2025-05-19,135.53805541992188,135.83797251007488,132.35879696756518,132.35879696756518,193154600
2025-05-20,134.3483428955078,134.54829272140586,132.58874781513978,134.2583525069389,161514200
2025-05-21,131.76895141601562,137.36762292180558,130.55922977564506,133.02864907239967,270608700
2025-05-22,132.7987060546875,134.21836966107523,131.51900885300861,132.19884131725317,187344000
2025-05-23,131.25906372070312,132.64873565144939,129.12957588399638,129.96937433382988,198821300
2025-05-27,135.4680633544922,135.6280293045703,133.27857708527512,134.1183754403962,192953600
2025-05-28,134.7782440185547,137.2176717346689,134.75824445795843,135.9979578766118,304021100
2025-05-29,139.15721130371094,143.45620133736625,137.87751407348716,142.21648797143945,369241900
2025-05-30,135.09817504882812,139.58710766728817,132.88868890141003,138.6873257641086,333170900
2025-06-02,137.34764099121094,138.08745689917103,135.36809645457458,135.45808684638126,197663100
2025-06-03,141.1867218017578,141.9665367692297,137.91748812723765,138.74729436292043,225578800
2025-06-04,141.88656616210938,142.3564566649135,139.5071219355859,142.15650682982962,167120800
2025-06-05,139.95703125,143.96608121416313,138.79730082341692,142.13651043477643,231397900
2025-06-06,141.6865997314453,143.23623746842864,141.47664251332282,142.47640682683559,153986200
2025-06-09,142.59640502929688,144.96584183837217,141.9065651342004,143.15627066728982,185114500
2025-06-10,143.92608642578125,144.25599524562207,141.4966510569608,142.65638139553192,155881900
2025-06-11,142.80625915527344,144.96590375929992,141.84641202362192,144.5859620448177,167694000
2025-06-12,144.9759063720703,144.9759063720703,141.82643588786814,141.94641106631286,162365000
2025-06-13,141.9464111328125,143.55614422146527,140.82660211679442,142.45632089769495,180820600
2025-06-16,144.66595458984375,146.1556971839991,143.1761967394354,143.32618096280035,183133700
2025-06-17,144.09603881835938,145.1958620737219,143.75609899624828,144.46598768948277,139108000
2025-06-18,145.455810546875,145.62578045463974,143.0962022725339,143.9860537050978,161494100
2025-06-20,143.8260955810547,146.17569581398777,142.6262828381709,145.42582047781178,242956200
2025-06-23,144.1460418701172,144.7559411184857,142.00639807778802,142.47632119978937,154308900
2025-06-24,147.87539672851562,147.93539956519925,145.47580197371775,145.53578955415,187566100
2025-06-25,154.28436279296875,154.4243389252029,149.23519867353343,149.24520677628502,269146500
2025-06-26,154.99423217773438,156.69394650127538,153.97439748110884,155.95406403411533,198145700
2025-06-27,157.72378540039062,158.68363258213975,155.23419369167684,156.01406285223712,263234500
2025-06-30,157.96376037597656,158.6336472456001,155.93409881773164,158.37368067249696,194580300
2025-07-01,153.2745361328125,157.17388214393176,151.46483925954294,156.26402965591922,213143600
2025-07-02,157.22386169433594,157.57380961936815,152.94457434216997,152.9545671877056,171224100
2025-07-03,159.3135223388672,160.95324924613055,157.74379112425564,158.34368228178877,143716100
2025-07-07,158.21371459960938,159.28352889047815,157.31385497697042,158.17371270193448,140139000
2025-07-08,159.97341918945312,160.19338386133896,158.36368604860908,159.3035323273478,138133000
2025-07-09,162.85293579101562,164.39267314506114,161.13322041798892,161.1932080055649,183656400
2025-07-10,164.07273864746094,164.4726660794993,161.5831469026993,164.29270331195812,167704100
2025-07-11,164.89259338378906,167.862101078866,163.44283738179527,163.6927958392512,193633300
2025-07-14,164.04273986816406,165.4625020418882,161.99307751467913,165.3425116109199,136975800
2025-07-15,170.671630859375,172.37134531045626,169.17188012202328,171.1615549258278,230627400
2025-07-16,171.34152221679688,171.72146396229547,168.87193138356372,171.03157616389174,158831500
2025-07-17,172.97125244140625,174.13106334471073,170.80161486292053,171.99141956059896,160841100
2025-07-18,172.38136291503906,174.22105359276725,171.23154479926822,173.61115431570738,146456400
2025-07-21,171.35153198242188,173.35119970444802,170.97159023323564,172.72129949000853,123126100
2025-07-22,167.00225830078125,171.36153479867312,164.55266825003173,171.31154005146294,193114300
2025-07-23,170.75161743164062,171.23153339032083,167.94208685699226,169.5018251648929,154082200
2025-07-24,173.7111358642578,173.80111724784433,171.27153886755505,172.41134882841166,128984600
2025-07-25,173.47117614746094,174.69097468726906,172.9312725713388,173.58115848322245,122316800
2025-07-28,176.7206268310547,176.97058528484683,173.94109004538618,173.99108478739527,140023500
2025-07-29,175.4808349609375,179.35020236643535,174.99092613442062,177.93044011853775,154077500
2025-07-30,179.24021911621094,179.86011122312902,176.01074478620916,176.48066791766442,174312200
2025-07-31,177.84043884277344,183.26954448460754,175.9007587673991,182.86960179799485,221685400
2025-08-01,173.69113159179688,176.51065501732398,170.86160006411595,174.06106522140865,204529000
2025-08-04,179.9700927734375,180.17005649193501,174.49100755408614,175.1309006070304,148174600
2025-08-05,178.23037719726562,180.23004490386853,175.87076869322405,179.59015184800575,156407600
2025-08-06,179.3901824951172,179.87009845787975,176.22071111043454,176.30069964693718,137192300
2025-08-07,180.73995971679688,183.84944343505214,178.77028591662776,181.53982980547644,151878400
2025-08-08,182.6696319580078,183.26953833968557,180.3700111699138,181.51982919208731,123396700
2025-08-11,182.0297393798828,183.80944232526838,180.2200426409657,182.01974653412333,138323200
2025-08-12,183.1295623779297,184.44933506001817,179.4301803710301,182.9295986692803,145485700
2025-08-13,181.559814453125,183.93942375779682,179.3201965252013,182.5896420373941,179871700
2025-08-14,181.98974609375,182.98957985829236,179.43017409752198,179.72011917648817,129554000
2025-08-15,180.42001342773438,181.86976944489334,178.01041021115256,181.84978375259033,156602200
2025-08-18,181.97975158691406,182.90960499065454,180.5599893659508,180.56999746834546,132008000
2025-08-19,175.61080932617188,182.46966985536903,175.46084035755914,182.39967416584764,185229200
2025-08-20,175.370849609375,175.9707560164781,168.77195541250927,175.1408920976954,215142700
2025-08-21,174.95091247558594,176.87059152353538,173.78110877087863,174.8209444570093,140040900
2025-08-22,177.96043395996094,178.56032512128596,171.17155351749952,172.58132291943235,172789400
2025-08-25,179.78012084960938,181.87977802218637,176.54066896263805,178.3203719824875,163012800
2025-08-26,181.7397918701172,182.35968393651802,178.7802771456414,180.03006938032237,168688200
2025-08-27,181.56982421875,182.45967569067753,179.07023971825097,181.94975068857377,235518900
2025-08-28,180.1400604248047,184.43934897141472,176.3806906932069,180.7899615720414,281787800
2025-08-29,174.1510467529297,178.12038822306508,173.12121914292007,178.08040158317536,243257900
2025-09-02,170.75161743164062,172.351357635579,167.19221149694363,169.9717482776903,231164900
2025-09-03,170.59165954589844,172.38137081666613,168.851958278929,171.03158891427162,164424900
2025-09-04,171.63148498535156,171.83144870716828,169.381858788342,170.54166973363456,141670100
2025-09-05,166.9922637939453,169.0019244592772,164.04275681292185,168.00209055003162,224441400
2025-09-08,168.2820281982422,170.93159698121408,167.32219627229085,167.5221599855096,163769100
2025-09-09,170.7316131591797,170.95157781434446,166.71229229208453,169.0618925540675,157548400
2025-09-10,177.300537109375,179.26020289704138,175.44084555219968,176.61064931709572,226852000
2025-09-11,177.1505584716797,180.26021784214308,176.4606317396978,179.66027757334626,151159300
2025-09-12,177.80047607421875,178.5803891806412,176.43061617633268,177.75047851465564,124911000
2025-09-15,177.73048400878906,178.830369337568,174.49083425075145,175.65071055071581,147061600
2025-09-16,174.86080932617188,177.4805168617991,174.36086420825131,176.98057174387853,140737800
2025-09-17,170.27130126953125,173.18098551277336,168.39151800406466,172.62104942275718,211843800
2025-09-18,176.2206573486328,177.08056354559588,172.94101865721873,173.96089569350613,191763300
2025-09-19,176.6505889892578,178.06043774665943,175.16074718989944,175.7506939671915,237182100
2025-09-22,183.58984375,184.52974299714734,174.69082690233378,175.28075846993005,269637000
2025-09-23,178.410400390625,182.3999677661597,176.19065819152993,181.95002022927713,192559600
2025-09-24,176.9505615234375,179.76025041106172,175.38072666046574,179.75025700209653,143564100
2025-09-25,177.67050170898438,180.2402117285651,173.11100459099512,174.4608472798892,191586700
2025-09-26,178.17044067382812,179.750269051669,174.91078879333958,178.15043859744398,148573700
2025-09-29,181.83004760742188,183.97980553666213,180.30021674934378,180.41019002973698,193063500
2025-09-30,186.55950927734375,187.32942897828707,181.4600633204032,182.06000352373024,236981000
2025-10-01,187.21945190429688,188.11934700723293,183.87980694521147,185.21967144700423,173844900
2025-10-02,188.8692626953125,191.0290292282152,188.03935198339767,189.57919146332628,136805800
2025-10-03,187.59939575195312,190.33910041164867,185.35965145286306,189.1692307003317,137596900
2025-10-06,185.51962280273438,187.20943969833962,183.3098739831843,185.4796339074747,157678100
2025-10-07,185.01968383789062,189.03924688644503,183.97980469837793,186.20955566811082,140088000
2025-10-08,189.0892333984375,189.57918508139647,186.51950830089396,186.5495190429729,130168900
2025-10-09,192.54885864257812,195.27855455286462,191.039014711271,192.20888438710807,182997200
2025-10-10,183.139892578125,195.59851591827854,182.03001384654092,193.4887469873255,268774400
2025-10-13,188.29933166503906,190.08912842775598,185.93959015922437,187.9493639887039,153482800
2025-10-14,180.01022338867188,184.77970370013514,179.6802578066599,184.74970821605342,205641400
2025-10-15,179.8102569580078,184.84969686580231,177.2705272995106,184.77971248532194,214450500
2025-10-16,181.7900390625,183.2598789113643,179.75026972003684,182.20999112544493,179723300
2025-10-17,183.19989013671875,184.07979842608083,179.7302697995737,180.1602152773484,173135200
2025-10-20,182.6199493408203,185.1796658652692,181.7100455780644,183.10990104163824,128544700
2025-10-21,181.14010620117188,182.76991679751694,179.7802549646251,182.76991679751694,124240200
2025-10-22,180.2602081298828,183.4198648953589,176.74059027394597,181.12011433169937,162249600
2025-10-23,182.13999938964844,183.0098989665471,179.7702492811968,180.4001849787377,111363700
2025-10-24,186.23953247070312,187.44940625639555,183.47984116964938,183.81980015643103,131296700
2025-10-27,191.46897888183594,191.97891738858848,188.4093020699799,189.9691435897376,153452700
2025-10-28,201.0079345703125,203.12769700573313,191.8889404255143,193.0288146936141,297986200
2025-10-29,207.01727294921875,212.1667169482571,204.7575264516481,207.95717223581016,308829600
2025-10-30,202.8677215576172,206.13736677538768,201.38788833732997,205.12746791137428,178864400
2025-10-31,202.4677734375,207.94716749796044,202.04782138155986,206.42733011185774,179802200
2025-11-03,206.85728454589844,211.31678618801203,205.53742218982754,208.05714970598171,180267300
2025-11-04,198.66818237304688,203.9476013046771,197.90825607143535,202.9777066091775,188919300
2025-11-05,195.18858337402344,202.89772869539195,194.6286320152979,198.7481902403631,171350300
2025-11-06,188.05935668945312,197.59830279082226,186.35954634625867,196.39843756369172,223029800
2025-11-07,188.1293487548828,188.29934352754728,178.8903723972709,184.87970536775757,264942300
2025-11-10,199.0281524658203,199.91805415635875,193.76872011438098,195.08858253564551,198897100
2025-11-11,193.1387939453125,195.3985402959953,191.2789975702345,195.13857433756354,176483300
2025-11-12,193.7787322998047,195.86849924763862,191.1090271797132,195.69851973704638,154935300
2025-11-13,186.8394775390625,191.4189763426968,183.82981362374773,191.02901978717685,207423100
2025-11-14,190.1491241455078,190.98902828114038,180.56018045425046,182.8399289693184,186591900
2025-11-17,186.5795135498047,188.9792438771453,184.29976516169708,185.9495778546046,173628900
2025-11-18,181.340087890625,184.7797126313021,179.6302689297591,183.3598703733926,213598900
2025-11-19,186.49951171875,187.8393608341106,182.80991469001526,184.76969080502667,247246400
2025-11-20,180.6201629638672,195.97847686300787,179.83025642841662,195.92847930218133,343504800
2025-11-21,178.86036682128906,184.5397359279593,172.91100782704066,181.22010834266524,346926200
2025-11-24,182.52996826171875,183.4798609481747,176.4606271183833,179.47030653663683,256618300
2025-11-25,177.80047607421875,178.14043506786686,169.53138015579162,174.89079203873564,320600300
2025-11-26,180.24020385742188,182.8899220695924,178.22043661727494,181.6100638206842,183852000
2025-11-28,176.98056030273438,179.2703020816569,176.48061521713345,178.99033405428943,121332800
2025-12-01,179.90025329589844,180.2802164760195,173.66093259662904,174.7408159055669,188131000
2025-12-02,181.44007873535156,185.63961443898967,179.98023235974816,181.7400335835938,182632200
2025-12-03,179.57028198242188,182.4299686383783,179.09033894604931,181.06012391136443,165138000
2025-12-04,183.37008666992188,184.51002440204854,179.95027347354184,181.61017209543593,167364900
2025-12-05,182.40013122558594,184.6500094505641,180.9002124089338,183.88004685245298,143971100
2025-12-08,185.5399627685547,187.98982714518382,182.39012406320575,182.6301165694494,204378100
2025-12-09,184.95999145507812,185.70995086836587,183.31008684903045,185.54995586495326,144719700
2025-12-10,183.77005004882812,185.46995496958337,182.03013874897007,184.9599880707457,162785400
2025-12-11,180.92019653320312,181.31019006496976,176.61043233199788,180.27023782951787,182136600
2025-12-12,175.01052856445312,182.81010931847595,174.61054106596097,181.10019518559332,204274900
2025-12-15,176.28045654296875,178.4103461991077,175.02053019793698,177.93037643785232,164775600
2025-12-16,177.71038818359375,178.48035080582065,174.8905333961456,176.25046044282257,148588100
2025-12-17,170.93075561523438,176.12047730871902,170.30078481189744,176.0904801521757,222775500
2025-12-18,174.1305694580078,176.14045512074784,171.8107030234881,174.52054772862792,176096000
2025-12-19,180.98020935058594,181.4401759084778,176.3304518785618,176.6604358481607,324925900
2025-12-22,183.6800537109375,184.15002947616998,182.34012994783166,183.91003698180788,129064400
2025-12-23,189.19976806640625,189.31975669034466,182.89009670029142,182.96010023623109,174873600
2025-12-24,188.59979248046875,188.899779295176,186.57989753660073,187.92983057380172,65528500
2025-12-26,190.51968383789062,192.67957056140054,187.98982202804387,189.9097162518428,139740300
2025-12-29,188.20980834960938,188.749772392931,185.8999358866866,187.6998414610299,120006100
2025-12-30,187.52984619140625,188.9797799436452,186.91987858592935,188.22982052336855,97687300
2025-12-31,186.4899139404297,190.54969193131708,186.47991997410415,189.55975523635485,120100500
2026-01-02,188.83978271484375,192.91954841717475,188.24980305842183,189.82971935613102,148240500
2026-01-05,188.1098175048828,193.61952916959007,186.13992286460274,191.74961996436147,183529700
2026-01-06,187.22987365722656,192.15959956375178,186.80989821500853,190.50969495089785,176862600
2026-01-07,189.09976196289062,191.35963411085106,186.54989697142676,188.55979791265688,153543200
2026-01-08,185.0299835205078,189.53974931649188,183.70006889406122,189.09977067708235,172457000
2026-01-09,184.84999084472656,186.32990643372668,183.66005283935564,185.06998015284367,131327500
2026-01-12,184.92999267578125,187.10986736077922,183.010098425574,183.2100845491025,137968500
2026-01-13,185.79994201660156,188.0998205983224,183.3900687774691,184.9899882929175,160128900
2026-01-14,183.1300811767578,184.45001701406107,180.79021156477043,184.3100252062831,159586100
2026-01-15,187.03988647460938,189.6897370464893,186.31992419508657,186.48991316970114,206188600
2026-01-16,186.21990966796875,190.4296883714215,186.06992389502736,189.06976141755646,187967200
2026-01-20,178.06036376953125,182.37012791600927,177.60038196777572,181.89014292514364,223345300
2026-01-21,183.31008911132812,185.3699752173061,178.3903418724365,179.04031586008543,200381000
2026-01-22,184.82998657226562,186.15991637882954,183.92003219020145,184.7399951080077,139636600
2026-01-23,187.6598358154297,189.58973923983262,186.80989099781206,187.48984685190618,142748100
2026-01-26,186.4599151611328,189.1097657209082,185.97994539629804,187.1498802806874,124799600
2026-01-27,188.50979614257812,189.9897117301412,185.6899415183402,187.22986667366473,143711600
2026-01-28,191.5096435546875,192.33960048487265,189.82972650403363,191.25965707901594,148552700
2026-01-29,192.49957275390625,193.46952146246272,186.04992498376654,191.32963792417547,171764400
2026-01-30,191.11965942382812,194.47947816452233,189.45974561417185,191.19965692455457,179489500
2026-02-02,185.59996032714844,190.2897090701948,184.87000408758857,187.1898706566695,165794100
2026-02-03,180.33023071289062,186.25991753048794,176.22045266395375,186.22992037566058,204019600
2026-02-04,174.18057250976562,179.57028010697434,171.90069716024271,179.45029148582987,207014100
2026-02-05,171.87069702148438,176.81043194569037,171.020736948564,174.92051964769362,206312900
2026-02-06,185.39996337890625,186.98987361565233,174.59055120100808,176.6804343618602,231346200
2026-02-09,190.0297088623047,193.64952333361757,183.9400420976916,184.25002288009932,196387400
2026-02-10,188.52978515625,192.46957427391544,188.10980972728564,191.36964298604585,136764800
2026-02-11,190.0397186279297,193.24953637655122,188.75978911487715,192.43958265041238,144192700
2026-02-12,186.9298858642578,193.5995230748733,186.49990120030046,193.01955263160718,189932500
2026-02-13,182.80010986328125,187.4898586352177,181.58017462912434,187.4698554447334,161888000
2026-02-17,184.95999145507812,187.13986615921206,179.17029624003743,181.74016448672575,162276900
2026-02-18,187.96981811523438,190.3596881055438,186.7498829478333,188.73978069812654,164749100
2026-02-19,187.88983154296875,188.41980165789556,185.64996245587088,187.04988063530703,126554500
2026-02-20,189.8097381591797,190.31970507557438,185.92994318264132,186.5599139825128,178422300
2026-02-23,191.53964233398438,193.93950641757905,189.56974766836524,191.3896412925324,171584800
2026-02-24,192.83956909179688,193.75951747058733,187.38985183856119,191.47964208446245,175123600
2026-02-25,195.54940795898438,197.61930319203404,193.77949953248776,194.43946745531196,250637100
2026-02-26,184.87998962402344,194.27947461393586,184.31002841741252,194.25948668244985,360807900
2026-02-27,177.180419921875,182.5801217841234,176.3704661683341,181.2401979138715,311636500
2026-03-02,182.47012329101562,183.45008125730604,174.63055110847353,175.00052620838028,209095300
2026-03-03,180.04025268554688,180.8901975001603,176.91041730394699,178.4803396065267,178099400
2026-03-04,183.03009033203125,184.69000418349444,180.0502558302461,180.4302401537762,177731200
2026-03-05,183.330078125,184.05004039552568,177.87038204113773,181.1601973472636,198779700
2026-03-06,177.8103790283203,182.7500987288974,176.81043317462274,179.83025866705609,189021900
2026-03-09,182.64010620117188,182.90010189125664,175.55049367782217,176.82042919903367,177213600
2026-03-10,184.760009765625,186.42991760168223,182.00014929336922,182.39012758732315,179118500
2026-03-11,186.02999877929688,187.6199951171875,184.4499969482422,185.91000366210938,145280400
2026-03-12,183.13999938964844,184.94000244140625,181.75,184.0500030517578,155762700
2026-03-13,180.25,186.08999633789062,179.94000244140625,184.9199981689453,160988400
2026-03-16,183.22000122070312,188.8800048828125,181.41000366210938,182.97000122070312,217307400
2026-03-17,181.92999267578125,185.39999389648438,181.67999267578125,185.05999755859375,182497800
2026-03-18,180.39999389648438,183.3800048828125,180.3300018310547,182.47999572753906,156683100
2026-03-19,178.55999755859375,179.97999572753906,175.7899932861328,178.00999450683594,170968500
2026-03-20,172.6999969482422,178.25999450683594,171.72000122070312,178.0,241323500
2026-03-23,175.63999938964844,178.3699951171875,174.75999450683594,177.25999450683594,182836300
2026-03-24,175.1999969482422,176.22000122070312,173.97999572753906,174.8300018310547,147667800
2026-03-25,178.67999267578125,181.22000122070312,176.85000610351562,177.10000610351562,162602100
2026-03-26,171.24000549316406,176.50999450683594,171.13999938964844,176.07000732421875,186152200
2026-03-27,167.52000427246094,170.97000122070312,167.00999450683594,170.0,196212700
2026-03-30,165.1699981689453,169.4499969482422,164.27000427246094,168.77999877929688,185627000
2026-03-31,174.39999389648438,174.6199951171875,166.9600067138672,166.97000122070312,226181300
2026-04-01,175.75,177.3699951171875,174.75,176.0,168132000
2026-04-02,177.38999938964844,177.49000549316406,171.3699951171875,172.17999267578125,143143200
2026-04-06,177.63999938964844,177.7899932861328,175.75999450683594,177.16000366210938,107564300
2026-04-07,178.10000610351562,178.22999572753906,173.66000366210938,175.72999572753906,132534900
2026-04-08,182.0800018310547,185.25999450683594,180.3000030517578,184.5,147732700
2026-04-09,183.91000366210938,184.0800018310547,180.6199951171875,181.83999633789062,116428500
2026-04-10,188.6300048828125,190.0,184.3000030517578,184.30999755859375,160459500
2026-04-13,189.30999755859375,189.66000366210938,185.74000549316406,186.02999877929688,133648200
2026-04-14,196.50999450683594,196.50999450683594,190.77000427246094,190.83999633789062,161307000
2026-04-15,198.8699951171875,200.39999389648438,195.74000549316406,196.5399932861328,185338400
2026-04-16,198.35000610351562,199.85000610351562,195.80999755859375,197.42999267578125,134012900
2026-04-17,201.67999267578125,201.6999969482422,199.27000427246094,199.89999389648438,160324400
2026-04-20,202.05999755859375,202.1699981689453,197.83999633789062,199.97999572753906,119381400
2026-04-21,199.8800048828125,202.75,199.0,202.1300048828125,107945300
2026-04-22,202.5,202.5,199.0,200.99000549316406,107501000
2026-04-23,199.63999938964844,203.8300018310547,197.22000122070312,202.4600067138672,113561800
2026-04-24,208.27000427246094,210.9499969482422,199.80999755859375,199.9600067138672,214134400
2026-04-27,216.61000061035156,216.8300018310547,207.3800048828125,209.64999389648438,187172400
2026-04-28,213.1699981689453,214.72999572753906,208.1999969482422,209.49000549316406,180275400
2026-04-29,209.25,212.72000122070312,207.5800018310547,212.6999969482422,123711800
2026-04-30,199.57000732421875,210.3000030517578,198.6999969482422,209.92999267578125,225239200
2026-05-01,198.4499969482422,203.0,197.1199951171875,201.27999877929688,128257500
2026-05-04,198.47999572753906,201.72999572753906,194.74000549316406,199.5,124170649
